INFO:     Will watch for changes in these directories: ['/Users/elijahward/Documents/greenpm/backend']
INFO:     Uvicorn running on http://0.0.0.0:8000 (Press CTRL+C to quit)
INFO:     Started reloader process [2910] using WatchFiles
INFO:     Started server process [2913]
INFO:     Waiting for application startup.
2025-08-10 12:25:23,615 - src.main - INFO - Starting Green PM API...
2025-08-10 12:25:24,121 INFO sqlalchemy.engine.Engine select pg_catalog.version()
2025-08-10 12:25:24,121 - sqlalchemy.engine.Engine - INFO - select pg_catalog.version()
2025-08-10 12:25:24,121 INFO sqlalchemy.engine.Engine [raw sql] ()
2025-08-10 12:25:24,121 - sqlalchemy.engine.Engine - INFO - [raw sql] ()
2025-08-10 12:25:24,272 INFO sqlalchemy.engine.Engine select current_schema()
2025-08-10 12:25:24,272 - sqlalchemy.engine.Engine - INFO - select current_schema()
2025-08-10 12:25:24,272 INFO sqlalchemy.engine.Engine [raw sql] ()
2025-08-10 12:25:24,272 - sqlalchemy.engine.Engine - INFO - [raw sql] ()
2025-08-10 12:25:24,425 INFO sqlalchemy.engine.Engine show standard_conforming_strings
2025-08-10 12:25:24,425 - sqlalchemy.engine.Engine - INFO - show standard_conforming_strings
2025-08-10 12:25:24,425 INFO sqlalchemy.engine.Engine [raw sql] ()
2025-08-10 12:25:24,425 - sqlalchemy.engine.Engine - INFO - [raw sql] ()
2025-08-10 12:25:24,539 INFO sqlalchemy.engine.Engine BEGIN (implicit)
2025-08-10 12:25:24,539 - sqlalchemy.engine.Engine - INFO - BEGIN (implicit)
2025-08-10 12:25:24,546 INFO sqlalchemy.engine.Engine SELECT pg_catalog.pg_class.relname 
FROM pg_catalog.pg_class JOIN pg_catalog.pg_namespace ON pg_catalog.pg_namespace.oid = pg_catalog.pg_class.relnamespace 
WHERE pg_catalog.pg_class.relname = $1::VARCHAR AND pg_catalog.pg_class.relkind = ANY (ARRAY[$2::VARCHAR, $3::VARCHAR, $4::VARCHAR, $5::VARCHAR, $6::VARCHAR]) AND pg_catalog.pg_table_is_visible(pg_catalog.pg_class.oid) AND pg_catalog.pg_namespace.nspname != $7::VARCHAR
2025-08-10 12:25:24,546 - sqlalchemy.engine.Engine - INFO - SELECT pg_catalog.pg_class.relname 
FROM pg_catalog.pg_class JOIN pg_catalog.pg_namespace ON pg_catalog.pg_namespace.oid = pg_catalog.pg_class.relnamespace 
WHERE pg_catalog.pg_class.relname = $1::VARCHAR AND pg_catalog.pg_class.relkind = ANY (ARRAY[$2::VARCHAR, $3::VARCHAR, $4::VARCHAR, $5::VARCHAR, $6::VARCHAR]) AND pg_catalog.pg_table_is_visible(pg_catalog.pg_class.oid) AND pg_catalog.pg_namespace.nspname != $7::VARCHAR
2025-08-10 12:25:24,547 INFO sqlalchemy.engine.Engine [generated in 0.00042s] ('users', 'r', 'p', 'f', 'v', 'm', 'pg_catalog')
2025-08-10 12:25:24,547 - sqlalchemy.engine.Engine - INFO - [generated in 0.00042s] ('users', 'r', 'p', 'f', 'v', 'm', 'pg_catalog')
2025-08-10 12:25:24,682 INFO sqlalchemy.engine.Engine SELECT pg_catalog.pg_class.relname 
FROM pg_catalog.pg_class JOIN pg_catalog.pg_namespace ON pg_catalog.pg_namespace.oid = pg_catalog.pg_class.relnamespace 
WHERE pg_catalog.pg_class.relname = $1::VARCHAR AND pg_catalog.pg_class.relkind = ANY (ARRAY[$2::VARCHAR, $3::VARCHAR, $4::VARCHAR, $5::VARCHAR, $6::VARCHAR]) AND pg_catalog.pg_table_is_visible(pg_catalog.pg_class.oid) AND pg_catalog.pg_namespace.nspname != $7::VARCHAR
2025-08-10 12:25:24,682 - sqlalchemy.engine.Engine - INFO - SELECT pg_catalog.pg_class.relname 
FROM pg_catalog.pg_class JOIN pg_catalog.pg_namespace ON pg_catalog.pg_namespace.oid = pg_catalog.pg_class.relnamespace 
WHERE pg_catalog.pg_class.relname = $1::VARCHAR AND pg_catalog.pg_class.relkind = ANY (ARRAY[$2::VARCHAR, $3::VARCHAR, $4::VARCHAR, $5::VARCHAR, $6::VARCHAR]) AND pg_catalog.pg_table_is_visible(pg_catalog.pg_class.oid) AND pg_catalog.pg_namespace.nspname != $7::VARCHAR
2025-08-10 12:25:24,682 INFO sqlalchemy.engine.Engine [cached since 0.1358s ago] ('properties', 'r', 'p', 'f', 'v', 'm', 'pg_catalog')
2025-08-10 12:25:24,682 - sqlalchemy.engine.Engine - INFO - [cached since 0.1358s ago] ('properties', 'r', 'p', 'f', 'v', 'm', 'pg_catalog')
2025-08-10 12:25:24,722 INFO sqlalchemy.engine.Engine SELECT pg_catalog.pg_class.relname 
FROM pg_catalog.pg_class JOIN pg_catalog.pg_namespace ON pg_catalog.pg_namespace.oid = pg_catalog.pg_class.relnamespace 
WHERE pg_catalog.pg_class.relname = $1::VARCHAR AND pg_catalog.pg_class.relkind = ANY (ARRAY[$2::VARCHAR, $3::VARCHAR, $4::VARCHAR, $5::VARCHAR, $6::VARCHAR]) AND pg_catalog.pg_table_is_visible(pg_catalog.pg_class.oid) AND pg_catalog.pg_namespace.nspname != $7::VARCHAR
2025-08-10 12:25:24,722 - sqlalchemy.engine.Engine - INFO - SELECT pg_catalog.pg_class.relname 
FROM pg_catalog.pg_class JOIN pg_catalog.pg_namespace ON pg_catalog.pg_namespace.oid = pg_catalog.pg_class.relnamespace 
WHERE pg_catalog.pg_class.relname = $1::VARCHAR AND pg_catalog.pg_class.relkind = ANY (ARRAY[$2::VARCHAR, $3::VARCHAR, $4::VARCHAR, $5::VARCHAR, $6::VARCHAR]) AND pg_catalog.pg_table_is_visible(pg_catalog.pg_class.oid) AND pg_catalog.pg_namespace.nspname != $7::VARCHAR
2025-08-10 12:25:24,724 INFO sqlalchemy.engine.Engine [cached since 0.1773s ago] ('property_images', 'r', 'p', 'f', 'v', 'm', 'pg_catalog')
2025-08-10 12:25:24,724 - sqlalchemy.engine.Engine - INFO - [cached since 0.1773s ago] ('property_images', 'r', 'p', 'f', 'v', 'm', 'pg_catalog')
2025-08-10 12:25:24,761 INFO sqlalchemy.engine.Engine SELECT pg_catalog.pg_class.relname 
FROM pg_catalog.pg_class JOIN pg_catalog.pg_namespace ON pg_catalog.pg_namespace.oid = pg_catalog.pg_class.relnamespace 
WHERE pg_catalog.pg_class.relname = $1::VARCHAR AND pg_catalog.pg_class.relkind = ANY (ARRAY[$2::VARCHAR, $3::VARCHAR, $4::VARCHAR, $5::VARCHAR, $6::VARCHAR]) AND pg_catalog.pg_table_is_visible(pg_catalog.pg_class.oid) AND pg_catalog.pg_namespace.nspname != $7::VARCHAR
2025-08-10 12:25:24,761 - sqlalchemy.engine.Engine - INFO - SELECT pg_catalog.pg_class.relname 
FROM pg_catalog.pg_class JOIN pg_catalog.pg_namespace ON pg_catalog.pg_namespace.oid = pg_catalog.pg_class.relnamespace 
WHERE pg_catalog.pg_class.relname = $1::VARCHAR AND pg_catalog.pg_class.relkind = ANY (ARRAY[$2::VARCHAR, $3::VARCHAR, $4::VARCHAR, $5::VARCHAR, $6::VARCHAR]) AND pg_catalog.pg_table_is_visible(pg_catalog.pg_class.oid) AND pg_catalog.pg_namespace.nspname != $7::VARCHAR
2025-08-10 12:25:24,761 INFO sqlalchemy.engine.Engine [cached since 0.215s ago] ('property_amenities', 'r', 'p', 'f', 'v', 'm', 'pg_catalog')
2025-08-10 12:25:24,761 - sqlalchemy.engine.Engine - INFO - [cached since 0.215s ago] ('property_amenities', 'r', 'p', 'f', 'v', 'm', 'pg_catalog')
2025-08-10 12:25:24,797 INFO sqlalchemy.engine.Engine SELECT pg_catalog.pg_class.relname 
FROM pg_catalog.pg_class JOIN pg_catalog.pg_namespace ON pg_catalog.pg_namespace.oid = pg_catalog.pg_class.relnamespace 
WHERE pg_catalog.pg_class.relname = $1::VARCHAR AND pg_catalog.pg_class.relkind = ANY (ARRAY[$2::VARCHAR, $3::VARCHAR, $4::VARCHAR, $5::VARCHAR, $6::VARCHAR]) AND pg_catalog.pg_table_is_visible(pg_catalog.pg_class.oid) AND pg_catalog.pg_namespace.nspname != $7::VARCHAR
2025-08-10 12:25:24,797 - sqlalchemy.engine.Engine - INFO - SELECT pg_catalog.pg_class.relname 
FROM pg_catalog.pg_class JOIN pg_catalog.pg_namespace ON pg_catalog.pg_namespace.oid = pg_catalog.pg_class.relnamespace 
WHERE pg_catalog.pg_class.relname = $1::VARCHAR AND pg_catalog.pg_class.relkind = ANY (ARRAY[$2::VARCHAR, $3::VARCHAR, $4::VARCHAR, $5::VARCHAR, $6::VARCHAR]) AND pg_catalog.pg_table_is_visible(pg_catalog.pg_class.oid) AND pg_catalog.pg_namespace.nspname != $7::VARCHAR
2025-08-10 12:25:24,797 INFO sqlalchemy.engine.Engine [cached since 0.2509s ago] ('leases', 'r', 'p', 'f', 'v', 'm', 'pg_catalog')
2025-08-10 12:25:24,797 - sqlalchemy.engine.Engine - INFO - [cached since 0.2509s ago] ('leases', 'r', 'p', 'f', 'v', 'm', 'pg_catalog')
2025-08-10 12:25:24,835 INFO sqlalchemy.engine.Engine SELECT pg_catalog.pg_class.relname 
FROM pg_catalog.pg_class JOIN pg_catalog.pg_namespace ON pg_catalog.pg_namespace.oid = pg_catalog.pg_class.relnamespace 
WHERE pg_catalog.pg_class.relname = $1::VARCHAR AND pg_catalog.pg_class.relkind = ANY (ARRAY[$2::VARCHAR, $3::VARCHAR, $4::VARCHAR, $5::VARCHAR, $6::VARCHAR]) AND pg_catalog.pg_table_is_visible(pg_catalog.pg_class.oid) AND pg_catalog.pg_namespace.nspname != $7::VARCHAR
2025-08-10 12:25:24,835 - sqlalchemy.engine.Engine - INFO - SELECT pg_catalog.pg_class.relname 
FROM pg_catalog.pg_class JOIN pg_catalog.pg_namespace ON pg_catalog.pg_namespace.oid = pg_catalog.pg_class.relnamespace 
WHERE pg_catalog.pg_class.relname = $1::VARCHAR AND pg_catalog.pg_class.relkind = ANY (ARRAY[$2::VARCHAR, $3::VARCHAR, $4::VARCHAR, $5::VARCHAR, $6::VARCHAR]) AND pg_catalog.pg_table_is_visible(pg_catalog.pg_class.oid) AND pg_catalog.pg_namespace.nspname != $7::VARCHAR
2025-08-10 12:25:24,835 INFO sqlalchemy.engine.Engine [cached since 0.2888s ago] ('lease_documents', 'r', 'p', 'f', 'v', 'm', 'pg_catalog')
2025-08-10 12:25:24,835 - sqlalchemy.engine.Engine - INFO - [cached since 0.2888s ago] ('lease_documents', 'r', 'p', 'f', 'v', 'm', 'pg_catalog')
2025-08-10 12:25:24,873 INFO sqlalchemy.engine.Engine SELECT pg_catalog.pg_class.relname 
FROM pg_catalog.pg_class JOIN pg_catalog.pg_namespace ON pg_catalog.pg_namespace.oid = pg_catalog.pg_class.relnamespace 
WHERE pg_catalog.pg_class.relname = $1::VARCHAR AND pg_catalog.pg_class.relkind = ANY (ARRAY[$2::VARCHAR, $3::VARCHAR, $4::VARCHAR, $5::VARCHAR, $6::VARCHAR]) AND pg_catalog.pg_table_is_visible(pg_catalog.pg_class.oid) AND pg_catalog.pg_namespace.nspname != $7::VARCHAR
2025-08-10 12:25:24,873 - sqlalchemy.engine.Engine - INFO - SELECT pg_catalog.pg_class.relname 
FROM pg_catalog.pg_class JOIN pg_catalog.pg_namespace ON pg_catalog.pg_namespace.oid = pg_catalog.pg_class.relnamespace 
WHERE pg_catalog.pg_class.relname = $1::VARCHAR AND pg_catalog.pg_class.relkind = ANY (ARRAY[$2::VARCHAR, $3::VARCHAR, $4::VARCHAR, $5::VARCHAR, $6::VARCHAR]) AND pg_catalog.pg_table_is_visible(pg_catalog.pg_class.oid) AND pg_catalog.pg_namespace.nspname != $7::VARCHAR
2025-08-10 12:25:24,873 INFO sqlalchemy.engine.Engine [cached since 0.3269s ago] ('payments', 'r', 'p', 'f', 'v', 'm', 'pg_catalog')
2025-08-10 12:25:24,873 - sqlalchemy.engine.Engine - INFO - [cached since 0.3269s ago] ('payments', 'r', 'p', 'f', 'v', 'm', 'pg_catalog')
2025-08-10 12:25:24,909 INFO sqlalchemy.engine.Engine SELECT pg_catalog.pg_class.relname 
FROM pg_catalog.pg_class JOIN pg_catalog.pg_namespace ON pg_catalog.pg_namespace.oid = pg_catalog.pg_class.relnamespace 
WHERE pg_catalog.pg_class.relname = $1::VARCHAR AND pg_catalog.pg_class.relkind = ANY (ARRAY[$2::VARCHAR, $3::VARCHAR, $4::VARCHAR, $5::VARCHAR, $6::VARCHAR]) AND pg_catalog.pg_table_is_visible(pg_catalog.pg_class.oid) AND pg_catalog.pg_namespace.nspname != $7::VARCHAR
2025-08-10 12:25:24,909 - sqlalchemy.engine.Engine - INFO - SELECT pg_catalog.pg_class.relname 
FROM pg_catalog.pg_class JOIN pg_catalog.pg_namespace ON pg_catalog.pg_namespace.oid = pg_catalog.pg_class.relnamespace 
WHERE pg_catalog.pg_class.relname = $1::VARCHAR AND pg_catalog.pg_class.relkind = ANY (ARRAY[$2::VARCHAR, $3::VARCHAR, $4::VARCHAR, $5::VARCHAR, $6::VARCHAR]) AND pg_catalog.pg_table_is_visible(pg_catalog.pg_class.oid) AND pg_catalog.pg_namespace.nspname != $7::VARCHAR
2025-08-10 12:25:24,909 INFO sqlalchemy.engine.Engine [cached since 0.3628s ago] ('payment_methods', 'r', 'p', 'f', 'v', 'm', 'pg_catalog')
2025-08-10 12:25:24,909 - sqlalchemy.engine.Engine - INFO - [cached since 0.3628s ago] ('payment_methods', 'r', 'p', 'f', 'v', 'm', 'pg_catalog')
2025-08-10 12:25:24,950 INFO sqlalchemy.engine.Engine SELECT pg_catalog.pg_class.relname 
FROM pg_catalog.pg_class JOIN pg_catalog.pg_namespace ON pg_catalog.pg_namespace.oid = pg_catalog.pg_class.relnamespace 
WHERE pg_catalog.pg_class.relname = $1::VARCHAR AND pg_catalog.pg_class.relkind = ANY (ARRAY[$2::VARCHAR, $3::VARCHAR, $4::VARCHAR, $5::VARCHAR, $6::VARCHAR]) AND pg_catalog.pg_table_is_visible(pg_catalog.pg_class.oid) AND pg_catalog.pg_namespace.nspname != $7::VARCHAR
2025-08-10 12:25:24,950 - sqlalchemy.engine.Engine - INFO - SELECT pg_catalog.pg_class.relname 
FROM pg_catalog.pg_class JOIN pg_catalog.pg_namespace ON pg_catalog.pg_namespace.oid = pg_catalog.pg_class.relnamespace 
WHERE pg_catalog.pg_class.relname = $1::VARCHAR AND pg_catalog.pg_class.relkind = ANY (ARRAY[$2::VARCHAR, $3::VARCHAR, $4::VARCHAR, $5::VARCHAR, $6::VARCHAR]) AND pg_catalog.pg_table_is_visible(pg_catalog.pg_class.oid) AND pg_catalog.pg_namespace.nspname != $7::VARCHAR
2025-08-10 12:25:24,950 INFO sqlalchemy.engine.Engine [cached since 0.4038s ago] ('maintenance_requests', 'r', 'p', 'f', 'v', 'm', 'pg_catalog')
2025-08-10 12:25:24,950 - sqlalchemy.engine.Engine - INFO - [cached since 0.4038s ago] ('maintenance_requests', 'r', 'p', 'f', 'v', 'm', 'pg_catalog')
2025-08-10 12:25:24,988 INFO sqlalchemy.engine.Engine SELECT pg_catalog.pg_class.relname 
FROM pg_catalog.pg_class JOIN pg_catalog.pg_namespace ON pg_catalog.pg_namespace.oid = pg_catalog.pg_class.relnamespace 
WHERE pg_catalog.pg_class.relname = $1::VARCHAR AND pg_catalog.pg_class.relkind = ANY (ARRAY[$2::VARCHAR, $3::VARCHAR, $4::VARCHAR, $5::VARCHAR, $6::VARCHAR]) AND pg_catalog.pg_table_is_visible(pg_catalog.pg_class.oid) AND pg_catalog.pg_namespace.nspname != $7::VARCHAR
2025-08-10 12:25:24,988 - sqlalchemy.engine.Engine - INFO - SELECT pg_catalog.pg_class.relname 
FROM pg_catalog.pg_class JOIN pg_catalog.pg_namespace ON pg_catalog.pg_namespace.oid = pg_catalog.pg_class.relnamespace 
WHERE pg_catalog.pg_class.relname = $1::VARCHAR AND pg_catalog.pg_class.relkind = ANY (ARRAY[$2::VARCHAR, $3::VARCHAR, $4::VARCHAR, $5::VARCHAR, $6::VARCHAR]) AND pg_catalog.pg_table_is_visible(pg_catalog.pg_class.oid) AND pg_catalog.pg_namespace.nspname != $7::VARCHAR
2025-08-10 12:25:24,988 INFO sqlalchemy.engine.Engine [cached since 0.4422s ago] ('maintenance_images', 'r', 'p', 'f', 'v', 'm', 'pg_catalog')
2025-08-10 12:25:24,988 - sqlalchemy.engine.Engine - INFO - [cached since 0.4422s ago] ('maintenance_images', 'r', 'p', 'f', 'v', 'm', 'pg_catalog')
2025-08-10 12:25:25,025 INFO sqlalchemy.engine.Engine SELECT pg_catalog.pg_class.relname 
FROM pg_catalog.pg_class JOIN pg_catalog.pg_namespace ON pg_catalog.pg_namespace.oid = pg_catalog.pg_class.relnamespace 
WHERE pg_catalog.pg_class.relname = $1::VARCHAR AND pg_catalog.pg_class.relkind = ANY (ARRAY[$2::VARCHAR, $3::VARCHAR, $4::VARCHAR, $5::VARCHAR, $6::VARCHAR]) AND pg_catalog.pg_table_is_visible(pg_catalog.pg_class.oid) AND pg_catalog.pg_namespace.nspname != $7::VARCHAR
2025-08-10 12:25:25,025 - sqlalchemy.engine.Engine - INFO - SELECT pg_catalog.pg_class.relname 
FROM pg_catalog.pg_class JOIN pg_catalog.pg_namespace ON pg_catalog.pg_namespace.oid = pg_catalog.pg_class.relnamespace 
WHERE pg_catalog.pg_class.relname = $1::VARCHAR AND pg_catalog.pg_class.relkind = ANY (ARRAY[$2::VARCHAR, $3::VARCHAR, $4::VARCHAR, $5::VARCHAR, $6::VARCHAR]) AND pg_catalog.pg_table_is_visible(pg_catalog.pg_class.oid) AND pg_catalog.pg_namespace.nspname != $7::VARCHAR
2025-08-10 12:25:25,025 INFO sqlalchemy.engine.Engine [cached since 0.4786s ago] ('message_threads', 'r', 'p', 'f', 'v', 'm', 'pg_catalog')
2025-08-10 12:25:25,025 - sqlalchemy.engine.Engine - INFO - [cached since 0.4786s ago] ('message_threads', 'r', 'p', 'f', 'v', 'm', 'pg_catalog')
2025-08-10 12:25:25,060 INFO sqlalchemy.engine.Engine SELECT pg_catalog.pg_class.relname 
FROM pg_catalog.pg_class JOIN pg_catalog.pg_namespace ON pg_catalog.pg_namespace.oid = pg_catalog.pg_class.relnamespace 
WHERE pg_catalog.pg_class.relname = $1::VARCHAR AND pg_catalog.pg_class.relkind = ANY (ARRAY[$2::VARCHAR, $3::VARCHAR, $4::VARCHAR, $5::VARCHAR, $6::VARCHAR]) AND pg_catalog.pg_table_is_visible(pg_catalog.pg_class.oid) AND pg_catalog.pg_namespace.nspname != $7::VARCHAR
2025-08-10 12:25:25,060 - sqlalchemy.engine.Engine - INFO - SELECT pg_catalog.pg_class.relname 
FROM pg_catalog.pg_class JOIN pg_catalog.pg_namespace ON pg_catalog.pg_namespace.oid = pg_catalog.pg_class.relnamespace 
WHERE pg_catalog.pg_class.relname = $1::VARCHAR AND pg_catalog.pg_class.relkind = ANY (ARRAY[$2::VARCHAR, $3::VARCHAR, $4::VARCHAR, $5::VARCHAR, $6::VARCHAR]) AND pg_catalog.pg_table_is_visible(pg_catalog.pg_class.oid) AND pg_catalog.pg_namespace.nspname != $7::VARCHAR
2025-08-10 12:25:25,060 INFO sqlalchemy.engine.Engine [cached since 0.5142s ago] ('messages', 'r', 'p', 'f', 'v', 'm', 'pg_catalog')
2025-08-10 12:25:25,060 - sqlalchemy.engine.Engine - INFO - [cached since 0.5142s ago] ('messages', 'r', 'p', 'f', 'v', 'm', 'pg_catalog')
2025-08-10 12:25:25,097 INFO sqlalchemy.engine.Engine SELECT pg_catalog.pg_class.relname 
FROM pg_catalog.pg_class JOIN pg_catalog.pg_namespace ON pg_catalog.pg_namespace.oid = pg_catalog.pg_class.relnamespace 
WHERE pg_catalog.pg_class.relname = $1::VARCHAR AND pg_catalog.pg_class.relkind = ANY (ARRAY[$2::VARCHAR, $3::VARCHAR, $4::VARCHAR, $5::VARCHAR, $6::VARCHAR]) AND pg_catalog.pg_table_is_visible(pg_catalog.pg_class.oid) AND pg_catalog.pg_namespace.nspname != $7::VARCHAR
2025-08-10 12:25:25,097 - sqlalchemy.engine.Engine - INFO - SELECT pg_catalog.pg_class.relname 
FROM pg_catalog.pg_class JOIN pg_catalog.pg_namespace ON pg_catalog.pg_namespace.oid = pg_catalog.pg_class.relnamespace 
WHERE pg_catalog.pg_class.relname = $1::VARCHAR AND pg_catalog.pg_class.relkind = ANY (ARRAY[$2::VARCHAR, $3::VARCHAR, $4::VARCHAR, $5::VARCHAR, $6::VARCHAR]) AND pg_catalog.pg_table_is_visible(pg_catalog.pg_class.oid) AND pg_catalog.pg_namespace.nspname != $7::VARCHAR
2025-08-10 12:25:25,097 INFO sqlalchemy.engine.Engine [cached since 0.5511s ago] ('applications', 'r', 'p', 'f', 'v', 'm', 'pg_catalog')
2025-08-10 12:25:25,097 - sqlalchemy.engine.Engine - INFO - [cached since 0.5511s ago] ('applications', 'r', 'p', 'f', 'v', 'm', 'pg_catalog')
2025-08-10 12:25:25,132 INFO sqlalchemy.engine.Engine SELECT pg_catalog.pg_class.relname 
FROM pg_catalog.pg_class JOIN pg_catalog.pg_namespace ON pg_catalog.pg_namespace.oid = pg_catalog.pg_class.relnamespace 
WHERE pg_catalog.pg_class.relname = $1::VARCHAR AND pg_catalog.pg_class.relkind = ANY (ARRAY[$2::VARCHAR, $3::VARCHAR, $4::VARCHAR, $5::VARCHAR, $6::VARCHAR]) AND pg_catalog.pg_table_is_visible(pg_catalog.pg_class.oid) AND pg_catalog.pg_namespace.nspname != $7::VARCHAR
2025-08-10 12:25:25,132 - sqlalchemy.engine.Engine - INFO - SELECT pg_catalog.pg_class.relname 
FROM pg_catalog.pg_class JOIN pg_catalog.pg_namespace ON pg_catalog.pg_namespace.oid = pg_catalog.pg_class.relnamespace 
WHERE pg_catalog.pg_class.relname = $1::VARCHAR AND pg_catalog.pg_class.relkind = ANY (ARRAY[$2::VARCHAR, $3::VARCHAR, $4::VARCHAR, $5::VARCHAR, $6::VARCHAR]) AND pg_catalog.pg_table_is_visible(pg_catalog.pg_class.oid) AND pg_catalog.pg_namespace.nspname != $7::VARCHAR
2025-08-10 12:25:25,132 INFO sqlalchemy.engine.Engine [cached since 0.586s ago] ('application_documents', 'r', 'p', 'f', 'v', 'm', 'pg_catalog')
2025-08-10 12:25:25,132 - sqlalchemy.engine.Engine - INFO - [cached since 0.586s ago] ('application_documents', 'r', 'p', 'f', 'v', 'm', 'pg_catalog')
2025-08-10 12:25:25,169 INFO sqlalchemy.engine.Engine SELECT pg_catalog.pg_class.relname 
FROM pg_catalog.pg_class JOIN pg_catalog.pg_namespace ON pg_catalog.pg_namespace.oid = pg_catalog.pg_class.relnamespace 
WHERE pg_catalog.pg_class.relname = $1::VARCHAR AND pg_catalog.pg_class.relkind = ANY (ARRAY[$2::VARCHAR, $3::VARCHAR, $4::VARCHAR, $5::VARCHAR, $6::VARCHAR]) AND pg_catalog.pg_table_is_visible(pg_catalog.pg_class.oid) AND pg_catalog.pg_namespace.nspname != $7::VARCHAR
2025-08-10 12:25:25,169 - sqlalchemy.engine.Engine - INFO - SELECT pg_catalog.pg_class.relname 
FROM pg_catalog.pg_class JOIN pg_catalog.pg_namespace ON pg_catalog.pg_namespace.oid = pg_catalog.pg_class.relnamespace 
WHERE pg_catalog.pg_class.relname = $1::VARCHAR AND pg_catalog.pg_class.relkind = ANY (ARRAY[$2::VARCHAR, $3::VARCHAR, $4::VARCHAR, $5::VARCHAR, $6::VARCHAR]) AND pg_catalog.pg_table_is_visible(pg_catalog.pg_class.oid) AND pg_catalog.pg_namespace.nspname != $7::VARCHAR
2025-08-10 12:25:25,170 INFO sqlalchemy.engine.Engine [cached since 0.6234s ago] ('audit_logs', 'r', 'p', 'f', 'v', 'm', 'pg_catalog')
2025-08-10 12:25:25,170 - sqlalchemy.engine.Engine - INFO - [cached since 0.6234s ago] ('audit_logs', 'r', 'p', 'f', 'v', 'm', 'pg_catalog')
2025-08-10 12:25:25,209 INFO sqlalchemy.engine.Engine SELECT pg_catalog.pg_class.relname 
FROM pg_catalog.pg_class JOIN pg_catalog.pg_namespace ON pg_catalog.pg_namespace.oid = pg_catalog.pg_class.relnamespace 
WHERE pg_catalog.pg_class.relname = $1::VARCHAR AND pg_catalog.pg_class.relkind = ANY (ARRAY[$2::VARCHAR, $3::VARCHAR, $4::VARCHAR, $5::VARCHAR, $6::VARCHAR]) AND pg_catalog.pg_table_is_visible(pg_catalog.pg_class.oid) AND pg_catalog.pg_namespace.nspname != $7::VARCHAR
2025-08-10 12:25:25,209 - sqlalchemy.engine.Engine - INFO - SELECT pg_catalog.pg_class.relname 
FROM pg_catalog.pg_class JOIN pg_catalog.pg_namespace ON pg_catalog.pg_namespace.oid = pg_catalog.pg_class.relnamespace 
WHERE pg_catalog.pg_class.relname = $1::VARCHAR AND pg_catalog.pg_class.relkind = ANY (ARRAY[$2::VARCHAR, $3::VARCHAR, $4::VARCHAR, $5::VARCHAR, $6::VARCHAR]) AND pg_catalog.pg_table_is_visible(pg_catalog.pg_class.oid) AND pg_catalog.pg_namespace.nspname != $7::VARCHAR
2025-08-10 12:25:25,209 INFO sqlalchemy.engine.Engine [cached since 0.6627s ago] ('companies', 'r', 'p', 'f', 'v', 'm', 'pg_catalog')
2025-08-10 12:25:25,209 - sqlalchemy.engine.Engine - INFO - [cached since 0.6627s ago] ('companies', 'r', 'p', 'f', 'v', 'm', 'pg_catalog')
2025-08-10 12:25:25,244 INFO sqlalchemy.engine.Engine SELECT pg_catalog.pg_class.relname 
FROM pg_catalog.pg_class JOIN pg_catalog.pg_namespace ON pg_catalog.pg_namespace.oid = pg_catalog.pg_class.relnamespace 
WHERE pg_catalog.pg_class.relname = $1::VARCHAR AND pg_catalog.pg_class.relkind = ANY (ARRAY[$2::VARCHAR, $3::VARCHAR, $4::VARCHAR, $5::VARCHAR, $6::VARCHAR]) AND pg_catalog.pg_table_is_visible(pg_catalog.pg_class.oid) AND pg_catalog.pg_namespace.nspname != $7::VARCHAR
2025-08-10 12:25:25,244 - sqlalchemy.engine.Engine - INFO - SELECT pg_catalog.pg_class.relname 
FROM pg_catalog.pg_class JOIN pg_catalog.pg_namespace ON pg_catalog.pg_namespace.oid = pg_catalog.pg_class.relnamespace 
WHERE pg_catalog.pg_class.relname = $1::VARCHAR AND pg_catalog.pg_class.relkind = ANY (ARRAY[$2::VARCHAR, $3::VARCHAR, $4::VARCHAR, $5::VARCHAR, $6::VARCHAR]) AND pg_catalog.pg_table_is_visible(pg_catalog.pg_class.oid) AND pg_catalog.pg_namespace.nspname != $7::VARCHAR
2025-08-10 12:25:25,244 INFO sqlalchemy.engine.Engine [cached since 0.6981s ago] ('plans', 'r', 'p', 'f', 'v', 'm', 'pg_catalog')
2025-08-10 12:25:25,244 - sqlalchemy.engine.Engine - INFO - [cached since 0.6981s ago] ('plans', 'r', 'p', 'f', 'v', 'm', 'pg_catalog')
2025-08-10 12:25:25,282 INFO sqlalchemy.engine.Engine SELECT pg_catalog.pg_class.relname 
FROM pg_catalog.pg_class JOIN pg_catalog.pg_namespace ON pg_catalog.pg_namespace.oid = pg_catalog.pg_class.relnamespace 
WHERE pg_catalog.pg_class.relname = $1::VARCHAR AND pg_catalog.pg_class.relkind = ANY (ARRAY[$2::VARCHAR, $3::VARCHAR, $4::VARCHAR, $5::VARCHAR, $6::VARCHAR]) AND pg_catalog.pg_table_is_visible(pg_catalog.pg_class.oid) AND pg_catalog.pg_namespace.nspname != $7::VARCHAR
2025-08-10 12:25:25,282 - sqlalchemy.engine.Engine - INFO - SELECT pg_catalog.pg_class.relname 
FROM pg_catalog.pg_class JOIN pg_catalog.pg_namespace ON pg_catalog.pg_namespace.oid = pg_catalog.pg_class.relnamespace 
WHERE pg_catalog.pg_class.relname = $1::VARCHAR AND pg_catalog.pg_class.relkind = ANY (ARRAY[$2::VARCHAR, $3::VARCHAR, $4::VARCHAR, $5::VARCHAR, $6::VARCHAR]) AND pg_catalog.pg_table_is_visible(pg_catalog.pg_class.oid) AND pg_catalog.pg_namespace.nspname != $7::VARCHAR
2025-08-10 12:25:25,282 INFO sqlalchemy.engine.Engine [cached since 0.7356s ago] ('plan_assignments', 'r', 'p', 'f', 'v', 'm', 'pg_catalog')
2025-08-10 12:25:25,282 - sqlalchemy.engine.Engine - INFO - [cached since 0.7356s ago] ('plan_assignments', 'r', 'p', 'f', 'v', 'm', 'pg_catalog')
2025-08-10 12:25:25,320 INFO sqlalchemy.engine.Engine SELECT pg_catalog.pg_class.relname 
FROM pg_catalog.pg_class JOIN pg_catalog.pg_namespace ON pg_catalog.pg_namespace.oid = pg_catalog.pg_class.relnamespace 
WHERE pg_catalog.pg_class.relname = $1::VARCHAR AND pg_catalog.pg_class.relkind = ANY (ARRAY[$2::VARCHAR, $3::VARCHAR, $4::VARCHAR, $5::VARCHAR, $6::VARCHAR]) AND pg_catalog.pg_table_is_visible(pg_catalog.pg_class.oid) AND pg_catalog.pg_namespace.nspname != $7::VARCHAR
2025-08-10 12:25:25,320 - sqlalchemy.engine.Engine - INFO - SELECT pg_catalog.pg_class.relname 
FROM pg_catalog.pg_class JOIN pg_catalog.pg_namespace ON pg_catalog.pg_namespace.oid = pg_catalog.pg_class.relnamespace 
WHERE pg_catalog.pg_class.relname = $1::VARCHAR AND pg_catalog.pg_class.relkind = ANY (ARRAY[$2::VARCHAR, $3::VARCHAR, $4::VARCHAR, $5::VARCHAR, $6::VARCHAR]) AND pg_catalog.pg_table_is_visible(pg_catalog.pg_class.oid) AND pg_catalog.pg_namespace.nspname != $7::VARCHAR
2025-08-10 12:25:25,320 INFO sqlalchemy.engine.Engine [cached since 0.7742s ago] ('feature_flags', 'r', 'p', 'f', 'v', 'm', 'pg_catalog')
2025-08-10 12:25:25,320 - sqlalchemy.engine.Engine - INFO - [cached since 0.7742s ago] ('feature_flags', 'r', 'p', 'f', 'v', 'm', 'pg_catalog')
2025-08-10 12:25:25,356 INFO sqlalchemy.engine.Engine SELECT pg_catalog.pg_class.relname 
FROM pg_catalog.pg_class JOIN pg_catalog.pg_namespace ON pg_catalog.pg_namespace.oid = pg_catalog.pg_class.relnamespace 
WHERE pg_catalog.pg_class.relname = $1::VARCHAR AND pg_catalog.pg_class.relkind = ANY (ARRAY[$2::VARCHAR, $3::VARCHAR, $4::VARCHAR, $5::VARCHAR, $6::VARCHAR]) AND pg_catalog.pg_table_is_visible(pg_catalog.pg_class.oid) AND pg_catalog.pg_namespace.nspname != $7::VARCHAR
2025-08-10 12:25:25,356 - sqlalchemy.engine.Engine - INFO - SELECT pg_catalog.pg_class.relname 
FROM pg_catalog.pg_class JOIN pg_catalog.pg_namespace ON pg_catalog.pg_namespace.oid = pg_catalog.pg_class.relnamespace 
WHERE pg_catalog.pg_class.relname = $1::VARCHAR AND pg_catalog.pg_class.relkind = ANY (ARRAY[$2::VARCHAR, $3::VARCHAR, $4::VARCHAR, $5::VARCHAR, $6::VARCHAR]) AND pg_catalog.pg_table_is_visible(pg_catalog.pg_class.oid) AND pg_catalog.pg_namespace.nspname != $7::VARCHAR
2025-08-10 12:25:25,356 INFO sqlalchemy.engine.Engine [cached since 0.8101s ago] ('plan_features', 'r', 'p', 'f', 'v', 'm', 'pg_catalog')
2025-08-10 12:25:25,356 - sqlalchemy.engine.Engine - INFO - [cached since 0.8101s ago] ('plan_features', 'r', 'p', 'f', 'v', 'm', 'pg_catalog')
2025-08-10 12:25:25,394 INFO sqlalchemy.engine.Engine SELECT pg_catalog.pg_class.relname 
FROM pg_catalog.pg_class JOIN pg_catalog.pg_namespace ON pg_catalog.pg_namespace.oid = pg_catalog.pg_class.relnamespace 
WHERE pg_catalog.pg_class.relname = $1::VARCHAR AND pg_catalog.pg_class.relkind = ANY (ARRAY[$2::VARCHAR, $3::VARCHAR, $4::VARCHAR, $5::VARCHAR, $6::VARCHAR]) AND pg_catalog.pg_table_is_visible(pg_catalog.pg_class.oid) AND pg_catalog.pg_namespace.nspname != $7::VARCHAR
2025-08-10 12:25:25,394 - sqlalchemy.engine.Engine - INFO - SELECT pg_catalog.pg_class.relname 
FROM pg_catalog.pg_class JOIN pg_catalog.pg_namespace ON pg_catalog.pg_namespace.oid = pg_catalog.pg_class.relnamespace 
WHERE pg_catalog.pg_class.relname = $1::VARCHAR AND pg_catalog.pg_class.relkind = ANY (ARRAY[$2::VARCHAR, $3::VARCHAR, $4::VARCHAR, $5::VARCHAR, $6::VARCHAR]) AND pg_catalog.pg_table_is_visible(pg_catalog.pg_class.oid) AND pg_catalog.pg_namespace.nspname != $7::VARCHAR
2025-08-10 12:25:25,394 INFO sqlalchemy.engine.Engine [cached since 0.8477s ago] ('contracts', 'r', 'p', 'f', 'v', 'm', 'pg_catalog')
2025-08-10 12:25:25,394 - sqlalchemy.engine.Engine - INFO - [cached since 0.8477s ago] ('contracts', 'r', 'p', 'f', 'v', 'm', 'pg_catalog')
2025-08-10 12:25:25,432 INFO sqlalchemy.engine.Engine SELECT pg_catalog.pg_class.relname 
FROM pg_catalog.pg_class JOIN pg_catalog.pg_namespace ON pg_catalog.pg_namespace.oid = pg_catalog.pg_class.relnamespace 
WHERE pg_catalog.pg_class.relname = $1::VARCHAR AND pg_catalog.pg_class.relkind = ANY (ARRAY[$2::VARCHAR, $3::VARCHAR, $4::VARCHAR, $5::VARCHAR, $6::VARCHAR]) AND pg_catalog.pg_table_is_visible(pg_catalog.pg_class.oid) AND pg_catalog.pg_namespace.nspname != $7::VARCHAR
2025-08-10 12:25:25,432 - sqlalchemy.engine.Engine - INFO - SELECT pg_catalog.pg_class.relname 
FROM pg_catalog.pg_class JOIN pg_catalog.pg_namespace ON pg_catalog.pg_namespace.oid = pg_catalog.pg_class.relnamespace 
WHERE pg_catalog.pg_class.relname = $1::VARCHAR AND pg_catalog.pg_class.relkind = ANY (ARRAY[$2::VARCHAR, $3::VARCHAR, $4::VARCHAR, $5::VARCHAR, $6::VARCHAR]) AND pg_catalog.pg_table_is_visible(pg_catalog.pg_class.oid) AND pg_catalog.pg_namespace.nspname != $7::VARCHAR
2025-08-10 12:25:25,432 INFO sqlalchemy.engine.Engine [cached since 0.8859s ago] ('invoices', 'r', 'p', 'f', 'v', 'm', 'pg_catalog')
2025-08-10 12:25:25,432 - sqlalchemy.engine.Engine - INFO - [cached since 0.8859s ago] ('invoices', 'r', 'p', 'f', 'v', 'm', 'pg_catalog')
2025-08-10 12:25:25,469 INFO sqlalchemy.engine.Engine SELECT pg_catalog.pg_type.typname 
FROM pg_catalog.pg_type JOIN pg_catalog.pg_namespace ON pg_catalog.pg_namespace.oid = pg_catalog.pg_type.typnamespace 
WHERE pg_catalog.pg_type.typname = $1::VARCHAR AND pg_catalog.pg_type_is_visible(pg_catalog.pg_type.oid) AND pg_catalog.pg_namespace.nspname != $2::VARCHAR
2025-08-10 12:25:25,469 - sqlalchemy.engine.Engine - INFO - SELECT pg_catalog.pg_type.typname 
FROM pg_catalog.pg_type JOIN pg_catalog.pg_namespace ON pg_catalog.pg_namespace.oid = pg_catalog.pg_type.typnamespace 
WHERE pg_catalog.pg_type.typname = $1::VARCHAR AND pg_catalog.pg_type_is_visible(pg_catalog.pg_type.oid) AND pg_catalog.pg_namespace.nspname != $2::VARCHAR
2025-08-10 12:25:25,469 INFO sqlalchemy.engine.Engine [generated in 0.00028s] ('userrole', 'pg_catalog')
2025-08-10 12:25:25,469 - sqlalchemy.engine.Engine - INFO - [generated in 0.00028s] ('userrole', 'pg_catalog')
2025-08-10 12:25:25,547 INFO sqlalchemy.engine.Engine SELECT pg_catalog.pg_type.typname 
FROM pg_catalog.pg_type JOIN pg_catalog.pg_namespace ON pg_catalog.pg_namespace.oid = pg_catalog.pg_type.typnamespace 
WHERE pg_catalog.pg_type.typname = $1::VARCHAR AND pg_catalog.pg_type_is_visible(pg_catalog.pg_type.oid) AND pg_catalog.pg_namespace.nspname != $2::VARCHAR
2025-08-10 12:25:25,547 - sqlalchemy.engine.Engine - INFO - SELECT pg_catalog.pg_type.typname 
FROM pg_catalog.pg_type JOIN pg_catalog.pg_namespace ON pg_catalog.pg_namespace.oid = pg_catalog.pg_type.typnamespace 
WHERE pg_catalog.pg_type.typname = $1::VARCHAR AND pg_catalog.pg_type_is_visible(pg_catalog.pg_type.oid) AND pg_catalog.pg_namespace.nspname != $2::VARCHAR
2025-08-10 12:25:25,547 INFO sqlalchemy.engine.Engine [cached since 0.07766s ago] ('userstatus', 'pg_catalog')
2025-08-10 12:25:25,547 - sqlalchemy.engine.Engine - INFO - [cached since 0.07766s ago] ('userstatus', 'pg_catalog')
2025-08-10 12:25:25,586 INFO sqlalchemy.engine.Engine SELECT pg_catalog.pg_type.typname 
FROM pg_catalog.pg_type JOIN pg_catalog.pg_namespace ON pg_catalog.pg_namespace.oid = pg_catalog.pg_type.typnamespace 
WHERE pg_catalog.pg_type.typname = $1::VARCHAR AND pg_catalog.pg_type_is_visible(pg_catalog.pg_type.oid) AND pg_catalog.pg_namespace.nspname != $2::VARCHAR
2025-08-10 12:25:25,586 - sqlalchemy.engine.Engine - INFO - SELECT pg_catalog.pg_type.typname 
FROM pg_catalog.pg_type JOIN pg_catalog.pg_namespace ON pg_catalog.pg_namespace.oid = pg_catalog.pg_type.typnamespace 
WHERE pg_catalog.pg_type.typname = $1::VARCHAR AND pg_catalog.pg_type_is_visible(pg_catalog.pg_type.oid) AND pg_catalog.pg_namespace.nspname != $2::VARCHAR
2025-08-10 12:25:25,586 INFO sqlalchemy.engine.Engine [cached since 0.1167s ago] ('propertytype', 'pg_catalog')
2025-08-10 12:25:25,586 - sqlalchemy.engine.Engine - INFO - [cached since 0.1167s ago] ('propertytype', 'pg_catalog')
2025-08-10 12:25:25,627 INFO sqlalchemy.engine.Engine SELECT pg_catalog.pg_type.typname 
FROM pg_catalog.pg_type JOIN pg_catalog.pg_namespace ON pg_catalog.pg_namespace.oid = pg_catalog.pg_type.typnamespace 
WHERE pg_catalog.pg_type.typname = $1::VARCHAR AND pg_catalog.pg_type_is_visible(pg_catalog.pg_type.oid) AND pg_catalog.pg_namespace.nspname != $2::VARCHAR
2025-08-10 12:25:25,627 - sqlalchemy.engine.Engine - INFO - SELECT pg_catalog.pg_type.typname 
FROM pg_catalog.pg_type JOIN pg_catalog.pg_namespace ON pg_catalog.pg_namespace.oid = pg_catalog.pg_type.typnamespace 
WHERE pg_catalog.pg_type.typname = $1::VARCHAR AND pg_catalog.pg_type_is_visible(pg_catalog.pg_type.oid) AND pg_catalog.pg_namespace.nspname != $2::VARCHAR
2025-08-10 12:25:25,628 INFO sqlalchemy.engine.Engine [cached since 0.1585s ago] ('propertystatus', 'pg_catalog')
2025-08-10 12:25:25,628 - sqlalchemy.engine.Engine - INFO - [cached since 0.1585s ago] ('propertystatus', 'pg_catalog')
2025-08-10 12:25:25,666 INFO sqlalchemy.engine.Engine SELECT pg_catalog.pg_type.typname 
FROM pg_catalog.pg_type JOIN pg_catalog.pg_namespace ON pg_catalog.pg_namespace.oid = pg_catalog.pg_type.typnamespace 
WHERE pg_catalog.pg_type.typname = $1::VARCHAR AND pg_catalog.pg_type_is_visible(pg_catalog.pg_type.oid) AND pg_catalog.pg_namespace.nspname != $2::VARCHAR
2025-08-10 12:25:25,666 - sqlalchemy.engine.Engine - INFO - SELECT pg_catalog.pg_type.typname 
FROM pg_catalog.pg_type JOIN pg_catalog.pg_namespace ON pg_catalog.pg_namespace.oid = pg_catalog.pg_type.typnamespace 
WHERE pg_catalog.pg_type.typname = $1::VARCHAR AND pg_catalog.pg_type_is_visible(pg_catalog.pg_type.oid) AND pg_catalog.pg_namespace.nspname != $2::VARCHAR
2025-08-10 12:25:25,666 INFO sqlalchemy.engine.Engine [cached since 0.1967s ago] ('leasetype', 'pg_catalog')
2025-08-10 12:25:25,666 - sqlalchemy.engine.Engine - INFO - [cached since 0.1967s ago] ('leasetype', 'pg_catalog')
2025-08-10 12:25:25,706 INFO sqlalchemy.engine.Engine SELECT pg_catalog.pg_type.typname 
FROM pg_catalog.pg_type JOIN pg_catalog.pg_namespace ON pg_catalog.pg_namespace.oid = pg_catalog.pg_type.typnamespace 
WHERE pg_catalog.pg_type.typname = $1::VARCHAR AND pg_catalog.pg_type_is_visible(pg_catalog.pg_type.oid) AND pg_catalog.pg_namespace.nspname != $2::VARCHAR
2025-08-10 12:25:25,706 - sqlalchemy.engine.Engine - INFO - SELECT pg_catalog.pg_type.typname 
FROM pg_catalog.pg_type JOIN pg_catalog.pg_namespace ON pg_catalog.pg_namespace.oid = pg_catalog.pg_type.typnamespace 
WHERE pg_catalog.pg_type.typname = $1::VARCHAR AND pg_catalog.pg_type_is_visible(pg_catalog.pg_type.oid) AND pg_catalog.pg_namespace.nspname != $2::VARCHAR
2025-08-10 12:25:25,706 INFO sqlalchemy.engine.Engine [cached since 0.2369s ago] ('leasestatus', 'pg_catalog')
2025-08-10 12:25:25,706 - sqlalchemy.engine.Engine - INFO - [cached since 0.2369s ago] ('leasestatus', 'pg_catalog')
2025-08-10 12:25:25,747 INFO sqlalchemy.engine.Engine SELECT pg_catalog.pg_type.typname 
FROM pg_catalog.pg_type JOIN pg_catalog.pg_namespace ON pg_catalog.pg_namespace.oid = pg_catalog.pg_type.typnamespace 
WHERE pg_catalog.pg_type.typname = $1::VARCHAR AND pg_catalog.pg_type_is_visible(pg_catalog.pg_type.oid) AND pg_catalog.pg_namespace.nspname != $2::VARCHAR
2025-08-10 12:25:25,747 - sqlalchemy.engine.Engine - INFO - SELECT pg_catalog.pg_type.typname 
FROM pg_catalog.pg_type JOIN pg_catalog.pg_namespace ON pg_catalog.pg_namespace.oid = pg_catalog.pg_type.typnamespace 
WHERE pg_catalog.pg_type.typname = $1::VARCHAR AND pg_catalog.pg_type_is_visible(pg_catalog.pg_type.oid) AND pg_catalog.pg_namespace.nspname != $2::VARCHAR
2025-08-10 12:25:25,748 INFO sqlalchemy.engine.Engine [cached since 0.2785s ago] ('paymenttype', 'pg_catalog')
2025-08-10 12:25:25,748 - sqlalchemy.engine.Engine - INFO - [cached since 0.2785s ago] ('paymenttype', 'pg_catalog')
2025-08-10 12:25:25,786 INFO sqlalchemy.engine.Engine SELECT pg_catalog.pg_type.typname 
FROM pg_catalog.pg_type JOIN pg_catalog.pg_namespace ON pg_catalog.pg_namespace.oid = pg_catalog.pg_type.typnamespace 
WHERE pg_catalog.pg_type.typname = $1::VARCHAR AND pg_catalog.pg_type_is_visible(pg_catalog.pg_type.oid) AND pg_catalog.pg_namespace.nspname != $2::VARCHAR
2025-08-10 12:25:25,786 - sqlalchemy.engine.Engine - INFO - SELECT pg_catalog.pg_type.typname 
FROM pg_catalog.pg_type JOIN pg_catalog.pg_namespace ON pg_catalog.pg_namespace.oid = pg_catalog.pg_type.typnamespace 
WHERE pg_catalog.pg_type.typname = $1::VARCHAR AND pg_catalog.pg_type_is_visible(pg_catalog.pg_type.oid) AND pg_catalog.pg_namespace.nspname != $2::VARCHAR
2025-08-10 12:25:25,786 INFO sqlalchemy.engine.Engine [cached since 0.3168s ago] ('paymentstatus', 'pg_catalog')
2025-08-10 12:25:25,786 - sqlalchemy.engine.Engine - INFO - [cached since 0.3168s ago] ('paymentstatus', 'pg_catalog')
2025-08-10 12:25:25,826 INFO sqlalchemy.engine.Engine SELECT pg_catalog.pg_type.typname 
FROM pg_catalog.pg_type JOIN pg_catalog.pg_namespace ON pg_catalog.pg_namespace.oid = pg_catalog.pg_type.typnamespace 
WHERE pg_catalog.pg_type.typname = $1::VARCHAR AND pg_catalog.pg_type_is_visible(pg_catalog.pg_type.oid) AND pg_catalog.pg_namespace.nspname != $2::VARCHAR
2025-08-10 12:25:25,826 - sqlalchemy.engine.Engine - INFO - SELECT pg_catalog.pg_type.typname 
FROM pg_catalog.pg_type JOIN pg_catalog.pg_namespace ON pg_catalog.pg_namespace.oid = pg_catalog.pg_type.typnamespace 
WHERE pg_catalog.pg_type.typname = $1::VARCHAR AND pg_catalog.pg_type_is_visible(pg_catalog.pg_type.oid) AND pg_catalog.pg_namespace.nspname != $2::VARCHAR
2025-08-10 12:25:25,826 INFO sqlalchemy.engine.Engine [cached since 0.3569s ago] ('paymentmethod', 'pg_catalog')
2025-08-10 12:25:25,826 - sqlalchemy.engine.Engine - INFO - [cached since 0.3569s ago] ('paymentmethod', 'pg_catalog')
2025-08-10 12:25:25,865 INFO sqlalchemy.engine.Engine SELECT pg_catalog.pg_type.typname 
FROM pg_catalog.pg_type JOIN pg_catalog.pg_namespace ON pg_catalog.pg_namespace.oid = pg_catalog.pg_type.typnamespace 
WHERE pg_catalog.pg_type.typname = $1::VARCHAR AND pg_catalog.pg_type_is_visible(pg_catalog.pg_type.oid) AND pg_catalog.pg_namespace.nspname != $2::VARCHAR
2025-08-10 12:25:25,865 - sqlalchemy.engine.Engine - INFO - SELECT pg_catalog.pg_type.typname 
FROM pg_catalog.pg_type JOIN pg_catalog.pg_namespace ON pg_catalog.pg_namespace.oid = pg_catalog.pg_type.typnamespace 
WHERE pg_catalog.pg_type.typname = $1::VARCHAR AND pg_catalog.pg_type_is_visible(pg_catalog.pg_type.oid) AND pg_catalog.pg_namespace.nspname != $2::VARCHAR
2025-08-10 12:25:25,865 INFO sqlalchemy.engine.Engine [cached since 0.3959s ago] ('maintenancecategory', 'pg_catalog')
2025-08-10 12:25:25,865 - sqlalchemy.engine.Engine - INFO - [cached since 0.3959s ago] ('maintenancecategory', 'pg_catalog')
2025-08-10 12:25:25,902 INFO sqlalchemy.engine.Engine SELECT pg_catalog.pg_type.typname 
FROM pg_catalog.pg_type JOIN pg_catalog.pg_namespace ON pg_catalog.pg_namespace.oid = pg_catalog.pg_type.typnamespace 
WHERE pg_catalog.pg_type.typname = $1::VARCHAR AND pg_catalog.pg_type_is_visible(pg_catalog.pg_type.oid) AND pg_catalog.pg_namespace.nspname != $2::VARCHAR
2025-08-10 12:25:25,902 - sqlalchemy.engine.Engine - INFO - SELECT pg_catalog.pg_type.typname 
FROM pg_catalog.pg_type JOIN pg_catalog.pg_namespace ON pg_catalog.pg_namespace.oid = pg_catalog.pg_type.typnamespace 
WHERE pg_catalog.pg_type.typname = $1::VARCHAR AND pg_catalog.pg_type_is_visible(pg_catalog.pg_type.oid) AND pg_catalog.pg_namespace.nspname != $2::VARCHAR
2025-08-10 12:25:25,902 INFO sqlalchemy.engine.Engine [cached since 0.4328s ago] ('maintenancepriority', 'pg_catalog')
2025-08-10 12:25:25,902 - sqlalchemy.engine.Engine - INFO - [cached since 0.4328s ago] ('maintenancepriority', 'pg_catalog')
2025-08-10 12:25:25,942 INFO sqlalchemy.engine.Engine SELECT pg_catalog.pg_type.typname 
FROM pg_catalog.pg_type JOIN pg_catalog.pg_namespace ON pg_catalog.pg_namespace.oid = pg_catalog.pg_type.typnamespace 
WHERE pg_catalog.pg_type.typname = $1::VARCHAR AND pg_catalog.pg_type_is_visible(pg_catalog.pg_type.oid) AND pg_catalog.pg_namespace.nspname != $2::VARCHAR
2025-08-10 12:25:25,942 - sqlalchemy.engine.Engine - INFO - SELECT pg_catalog.pg_type.typname 
FROM pg_catalog.pg_type JOIN pg_catalog.pg_namespace ON pg_catalog.pg_namespace.oid = pg_catalog.pg_type.typnamespace 
WHERE pg_catalog.pg_type.typname = $1::VARCHAR AND pg_catalog.pg_type_is_visible(pg_catalog.pg_type.oid) AND pg_catalog.pg_namespace.nspname != $2::VARCHAR
2025-08-10 12:25:25,942 INFO sqlalchemy.engine.Engine [cached since 0.4728s ago] ('maintenancestatus', 'pg_catalog')
2025-08-10 12:25:25,942 - sqlalchemy.engine.Engine - INFO - [cached since 0.4728s ago] ('maintenancestatus', 'pg_catalog')
2025-08-10 12:25:25,983 INFO sqlalchemy.engine.Engine SELECT pg_catalog.pg_type.typname 
FROM pg_catalog.pg_type JOIN pg_catalog.pg_namespace ON pg_catalog.pg_namespace.oid = pg_catalog.pg_type.typnamespace 
WHERE pg_catalog.pg_type.typname = $1::VARCHAR AND pg_catalog.pg_type_is_visible(pg_catalog.pg_type.oid) AND pg_catalog.pg_namespace.nspname != $2::VARCHAR
2025-08-10 12:25:25,983 - sqlalchemy.engine.Engine - INFO - SELECT pg_catalog.pg_type.typname 
FROM pg_catalog.pg_type JOIN pg_catalog.pg_namespace ON pg_catalog.pg_namespace.oid = pg_catalog.pg_type.typnamespace 
WHERE pg_catalog.pg_type.typname = $1::VARCHAR AND pg_catalog.pg_type_is_visible(pg_catalog.pg_type.oid) AND pg_catalog.pg_namespace.nspname != $2::VARCHAR
2025-08-10 12:25:25,984 INFO sqlalchemy.engine.Engine [cached since 0.5144s ago] ('messagetype', 'pg_catalog')
2025-08-10 12:25:25,984 - sqlalchemy.engine.Engine - INFO - [cached since 0.5144s ago] ('messagetype', 'pg_catalog')
2025-08-10 12:25:26,021 INFO sqlalchemy.engine.Engine SELECT pg_catalog.pg_type.typname 
FROM pg_catalog.pg_type JOIN pg_catalog.pg_namespace ON pg_catalog.pg_namespace.oid = pg_catalog.pg_type.typnamespace 
WHERE pg_catalog.pg_type.typname = $1::VARCHAR AND pg_catalog.pg_type_is_visible(pg_catalog.pg_type.oid) AND pg_catalog.pg_namespace.nspname != $2::VARCHAR
2025-08-10 12:25:26,021 - sqlalchemy.engine.Engine - INFO - SELECT pg_catalog.pg_type.typname 
FROM pg_catalog.pg_type JOIN pg_catalog.pg_namespace ON pg_catalog.pg_namespace.oid = pg_catalog.pg_type.typnamespace 
WHERE pg_catalog.pg_type.typname = $1::VARCHAR AND pg_catalog.pg_type_is_visible(pg_catalog.pg_type.oid) AND pg_catalog.pg_namespace.nspname != $2::VARCHAR
2025-08-10 12:25:26,021 INFO sqlalchemy.engine.Engine [cached since 0.5521s ago] ('messagestatus', 'pg_catalog')
2025-08-10 12:25:26,021 - sqlalchemy.engine.Engine - INFO - [cached since 0.5521s ago] ('messagestatus', 'pg_catalog')
2025-08-10 12:25:26,061 INFO sqlalchemy.engine.Engine SELECT pg_catalog.pg_type.typname 
FROM pg_catalog.pg_type JOIN pg_catalog.pg_namespace ON pg_catalog.pg_namespace.oid = pg_catalog.pg_type.typnamespace 
WHERE pg_catalog.pg_type.typname = $1::VARCHAR AND pg_catalog.pg_type_is_visible(pg_catalog.pg_type.oid) AND pg_catalog.pg_namespace.nspname != $2::VARCHAR
2025-08-10 12:25:26,061 - sqlalchemy.engine.Engine - INFO - SELECT pg_catalog.pg_type.typname 
FROM pg_catalog.pg_type JOIN pg_catalog.pg_namespace ON pg_catalog.pg_namespace.oid = pg_catalog.pg_type.typnamespace 
WHERE pg_catalog.pg_type.typname = $1::VARCHAR AND pg_catalog.pg_type_is_visible(pg_catalog.pg_type.oid) AND pg_catalog.pg_namespace.nspname != $2::VARCHAR
2025-08-10 12:25:26,062 INFO sqlalchemy.engine.Engine [cached since 0.5925s ago] ('applicationstatus', 'pg_catalog')
2025-08-10 12:25:26,062 - sqlalchemy.engine.Engine - INFO - [cached since 0.5925s ago] ('applicationstatus', 'pg_catalog')
2025-08-10 12:25:26,103 INFO sqlalchemy.engine.Engine SELECT pg_catalog.pg_type.typname 
FROM pg_catalog.pg_type JOIN pg_catalog.pg_namespace ON pg_catalog.pg_namespace.oid = pg_catalog.pg_type.typnamespace 
WHERE pg_catalog.pg_type.typname = $1::VARCHAR AND pg_catalog.pg_type_is_visible(pg_catalog.pg_type.oid) AND pg_catalog.pg_namespace.nspname != $2::VARCHAR
2025-08-10 12:25:26,103 - sqlalchemy.engine.Engine - INFO - SELECT pg_catalog.pg_type.typname 
FROM pg_catalog.pg_type JOIN pg_catalog.pg_namespace ON pg_catalog.pg_namespace.oid = pg_catalog.pg_type.typnamespace 
WHERE pg_catalog.pg_type.typname = $1::VARCHAR AND pg_catalog.pg_type_is_visible(pg_catalog.pg_type.oid) AND pg_catalog.pg_namespace.nspname != $2::VARCHAR
2025-08-10 12:25:26,103 INFO sqlalchemy.engine.Engine [cached since 0.6336s ago] ('auditaction', 'pg_catalog')
2025-08-10 12:25:26,103 - sqlalchemy.engine.Engine - INFO - [cached since 0.6336s ago] ('auditaction', 'pg_catalog')
2025-08-10 12:25:26,142 INFO sqlalchemy.engine.Engine SELECT pg_catalog.pg_type.typname 
FROM pg_catalog.pg_type JOIN pg_catalog.pg_namespace ON pg_catalog.pg_namespace.oid = pg_catalog.pg_type.typnamespace 
WHERE pg_catalog.pg_type.typname = $1::VARCHAR AND pg_catalog.pg_type_is_visible(pg_catalog.pg_type.oid) AND pg_catalog.pg_namespace.nspname != $2::VARCHAR
2025-08-10 12:25:26,142 - sqlalchemy.engine.Engine - INFO - SELECT pg_catalog.pg_type.typname 
FROM pg_catalog.pg_type JOIN pg_catalog.pg_namespace ON pg_catalog.pg_namespace.oid = pg_catalog.pg_type.typnamespace 
WHERE pg_catalog.pg_type.typname = $1::VARCHAR AND pg_catalog.pg_type_is_visible(pg_catalog.pg_type.oid) AND pg_catalog.pg_namespace.nspname != $2::VARCHAR
2025-08-10 12:25:26,143 INFO sqlalchemy.engine.Engine [cached since 0.6736s ago] ('auditseverity', 'pg_catalog')
2025-08-10 12:25:26,143 - sqlalchemy.engine.Engine - INFO - [cached since 0.6736s ago] ('auditseverity', 'pg_catalog')
2025-08-10 12:25:26,184 INFO sqlalchemy.engine.Engine SELECT pg_catalog.pg_type.typname 
FROM pg_catalog.pg_type JOIN pg_catalog.pg_namespace ON pg_catalog.pg_namespace.oid = pg_catalog.pg_type.typnamespace 
WHERE pg_catalog.pg_type.typname = $1::VARCHAR AND pg_catalog.pg_type_is_visible(pg_catalog.pg_type.oid) AND pg_catalog.pg_namespace.nspname != $2::VARCHAR
2025-08-10 12:25:26,184 - sqlalchemy.engine.Engine - INFO - SELECT pg_catalog.pg_type.typname 
FROM pg_catalog.pg_type JOIN pg_catalog.pg_namespace ON pg_catalog.pg_namespace.oid = pg_catalog.pg_type.typnamespace 
WHERE pg_catalog.pg_type.typname = $1::VARCHAR AND pg_catalog.pg_type_is_visible(pg_catalog.pg_type.oid) AND pg_catalog.pg_namespace.nspname != $2::VARCHAR
2025-08-10 12:25:26,184 INFO sqlalchemy.engine.Engine [cached since 0.7147s ago] ('companystatus', 'pg_catalog')
2025-08-10 12:25:26,184 - sqlalchemy.engine.Engine - INFO - [cached since 0.7147s ago] ('companystatus', 'pg_catalog')
2025-08-10 12:25:26,224 INFO sqlalchemy.engine.Engine SELECT pg_catalog.pg_type.typname 
FROM pg_catalog.pg_type JOIN pg_catalog.pg_namespace ON pg_catalog.pg_namespace.oid = pg_catalog.pg_type.typnamespace 
WHERE pg_catalog.pg_type.typname = $1::VARCHAR AND pg_catalog.pg_type_is_visible(pg_catalog.pg_type.oid) AND pg_catalog.pg_namespace.nspname != $2::VARCHAR
2025-08-10 12:25:26,224 - sqlalchemy.engine.Engine - INFO - SELECT pg_catalog.pg_type.typname 
FROM pg_catalog.pg_type JOIN pg_catalog.pg_namespace ON pg_catalog.pg_namespace.oid = pg_catalog.pg_type.typnamespace 
WHERE pg_catalog.pg_type.typname = $1::VARCHAR AND pg_catalog.pg_type_is_visible(pg_catalog.pg_type.oid) AND pg_catalog.pg_namespace.nspname != $2::VARCHAR
2025-08-10 12:25:26,224 INFO sqlalchemy.engine.Engine [cached since 0.7548s ago] ('planstatus', 'pg_catalog')
2025-08-10 12:25:26,224 - sqlalchemy.engine.Engine - INFO - [cached since 0.7548s ago] ('planstatus', 'pg_catalog')
2025-08-10 12:25:26,262 INFO sqlalchemy.engine.Engine SELECT pg_catalog.pg_type.typname 
FROM pg_catalog.pg_type JOIN pg_catalog.pg_namespace ON pg_catalog.pg_namespace.oid = pg_catalog.pg_type.typnamespace 
WHERE pg_catalog.pg_type.typname = $1::VARCHAR AND pg_catalog.pg_type_is_visible(pg_catalog.pg_type.oid) AND pg_catalog.pg_namespace.nspname != $2::VARCHAR
2025-08-10 12:25:26,262 - sqlalchemy.engine.Engine - INFO - SELECT pg_catalog.pg_type.typname 
FROM pg_catalog.pg_type JOIN pg_catalog.pg_namespace ON pg_catalog.pg_namespace.oid = pg_catalog.pg_type.typnamespace 
WHERE pg_catalog.pg_type.typname = $1::VARCHAR AND pg_catalog.pg_type_is_visible(pg_catalog.pg_type.oid) AND pg_catalog.pg_namespace.nspname != $2::VARCHAR
2025-08-10 12:25:26,262 INFO sqlalchemy.engine.Engine [cached since 0.7931s ago] ('billingtype', 'pg_catalog')
2025-08-10 12:25:26,262 - sqlalchemy.engine.Engine - INFO - [cached since 0.7931s ago] ('billingtype', 'pg_catalog')
2025-08-10 12:25:26,302 INFO sqlalchemy.engine.Engine SELECT pg_catalog.pg_type.typname 
FROM pg_catalog.pg_type JOIN pg_catalog.pg_namespace ON pg_catalog.pg_namespace.oid = pg_catalog.pg_type.typnamespace 
WHERE pg_catalog.pg_type.typname = $1::VARCHAR AND pg_catalog.pg_type_is_visible(pg_catalog.pg_type.oid) AND pg_catalog.pg_namespace.nspname != $2::VARCHAR
2025-08-10 12:25:26,302 - sqlalchemy.engine.Engine - INFO - SELECT pg_catalog.pg_type.typname 
FROM pg_catalog.pg_type JOIN pg_catalog.pg_namespace ON pg_catalog.pg_namespace.oid = pg_catalog.pg_type.typnamespace 
WHERE pg_catalog.pg_type.typname = $1::VARCHAR AND pg_catalog.pg_type_is_visible(pg_catalog.pg_type.oid) AND pg_catalog.pg_namespace.nspname != $2::VARCHAR
2025-08-10 12:25:26,302 INFO sqlalchemy.engine.Engine [cached since 0.8328s ago] ('modulekey', 'pg_catalog')
2025-08-10 12:25:26,302 - sqlalchemy.engine.Engine - INFO - [cached since 0.8328s ago] ('modulekey', 'pg_catalog')
2025-08-10 12:25:26,343 INFO sqlalchemy.engine.Engine SELECT pg_catalog.pg_type.typname 
FROM pg_catalog.pg_type JOIN pg_catalog.pg_namespace ON pg_catalog.pg_namespace.oid = pg_catalog.pg_type.typnamespace 
WHERE pg_catalog.pg_type.typname = $1::VARCHAR AND pg_catalog.pg_type_is_visible(pg_catalog.pg_type.oid) AND pg_catalog.pg_namespace.nspname != $2::VARCHAR
2025-08-10 12:25:26,343 - sqlalchemy.engine.Engine - INFO - SELECT pg_catalog.pg_type.typname 
FROM pg_catalog.pg_type JOIN pg_catalog.pg_namespace ON pg_catalog.pg_namespace.oid = pg_catalog.pg_type.typnamespace 
WHERE pg_catalog.pg_type.typname = $1::VARCHAR AND pg_catalog.pg_type_is_visible(pg_catalog.pg_type.oid) AND pg_catalog.pg_namespace.nspname != $2::VARCHAR
2025-08-10 12:25:26,344 INFO sqlalchemy.engine.Engine [cached since 0.8744s ago] ('contractstatus', 'pg_catalog')
2025-08-10 12:25:26,344 - sqlalchemy.engine.Engine - INFO - [cached since 0.8744s ago] ('contractstatus', 'pg_catalog')
2025-08-10 12:25:26,383 INFO sqlalchemy.engine.Engine SELECT pg_catalog.pg_type.typname 
FROM pg_catalog.pg_type JOIN pg_catalog.pg_namespace ON pg_catalog.pg_namespace.oid = pg_catalog.pg_type.typnamespace 
WHERE pg_catalog.pg_type.typname = $1::VARCHAR AND pg_catalog.pg_type_is_visible(pg_catalog.pg_type.oid) AND pg_catalog.pg_namespace.nspname != $2::VARCHAR
2025-08-10 12:25:26,383 - sqlalchemy.engine.Engine - INFO - SELECT pg_catalog.pg_type.typname 
FROM pg_catalog.pg_type JOIN pg_catalog.pg_namespace ON pg_catalog.pg_namespace.oid = pg_catalog.pg_type.typnamespace 
WHERE pg_catalog.pg_type.typname = $1::VARCHAR AND pg_catalog.pg_type_is_visible(pg_catalog.pg_type.oid) AND pg_catalog.pg_namespace.nspname != $2::VARCHAR
2025-08-10 12:25:26,383 INFO sqlalchemy.engine.Engine [cached since 0.9137s ago] ('renewaltype', 'pg_catalog')
2025-08-10 12:25:26,383 - sqlalchemy.engine.Engine - INFO - [cached since 0.9137s ago] ('renewaltype', 'pg_catalog')
2025-08-10 12:25:26,421 INFO sqlalchemy.engine.Engine SELECT pg_catalog.pg_type.typname 
FROM pg_catalog.pg_type JOIN pg_catalog.pg_namespace ON pg_catalog.pg_namespace.oid = pg_catalog.pg_type.typnamespace 
WHERE pg_catalog.pg_type.typname = $1::VARCHAR AND pg_catalog.pg_type_is_visible(pg_catalog.pg_type.oid) AND pg_catalog.pg_namespace.nspname != $2::VARCHAR
2025-08-10 12:25:26,421 - sqlalchemy.engine.Engine - INFO - SELECT pg_catalog.pg_type.typname 
FROM pg_catalog.pg_type JOIN pg_catalog.pg_namespace ON pg_catalog.pg_namespace.oid = pg_catalog.pg_type.typnamespace 
WHERE pg_catalog.pg_type.typname = $1::VARCHAR AND pg_catalog.pg_type_is_visible(pg_catalog.pg_type.oid) AND pg_catalog.pg_namespace.nspname != $2::VARCHAR
2025-08-10 12:25:26,421 INFO sqlalchemy.engine.Engine [cached since 0.9521s ago] ('billingcycle', 'pg_catalog')
2025-08-10 12:25:26,421 - sqlalchemy.engine.Engine - INFO - [cached since 0.9521s ago] ('billingcycle', 'pg_catalog')
2025-08-10 12:25:26,458 INFO sqlalchemy.engine.Engine SELECT pg_catalog.pg_type.typname 
FROM pg_catalog.pg_type JOIN pg_catalog.pg_namespace ON pg_catalog.pg_namespace.oid = pg_catalog.pg_type.typnamespace 
WHERE pg_catalog.pg_type.typname = $1::VARCHAR AND pg_catalog.pg_type_is_visible(pg_catalog.pg_type.oid) AND pg_catalog.pg_namespace.nspname != $2::VARCHAR
2025-08-10 12:25:26,458 - sqlalchemy.engine.Engine - INFO - SELECT pg_catalog.pg_type.typname 
FROM pg_catalog.pg_type JOIN pg_catalog.pg_namespace ON pg_catalog.pg_namespace.oid = pg_catalog.pg_type.typnamespace 
WHERE pg_catalog.pg_type.typname = $1::VARCHAR AND pg_catalog.pg_type_is_visible(pg_catalog.pg_type.oid) AND pg_catalog.pg_namespace.nspname != $2::VARCHAR
2025-08-10 12:25:26,459 INFO sqlalchemy.engine.Engine [cached since 0.9895s ago] ('invoicestatus', 'pg_catalog')
2025-08-10 12:25:26,459 - sqlalchemy.engine.Engine - INFO - [cached since 0.9895s ago] ('invoicestatus', 'pg_catalog')
2025-08-10 12:25:26,496 INFO sqlalchemy.engine.Engine COMMIT
2025-08-10 12:25:26,496 - sqlalchemy.engine.Engine - INFO - COMMIT
2025-08-10 12:25:26,533 - src.main - INFO - Database tables created successfully
INFO:     Application startup complete.
2025-08-10 12:25:30,209 - src.middleware.auth - INFO - Request started
2025-08-10 12:25:30,210 - src.middleware.auth - INFO - Request completed
INFO:     127.0.0.1:49649 - "OPTIONS /api/v1/auth/login HTTP/1.1" 200 OK
2025-08-10 12:25:30,212 - src.middleware.auth - INFO - Request started
2025-08-10 12:25:30,216 - src.api.v1.endpoints.auth - INFO - 🔐 Login attempt for: landlord@example.com
2025-08-10 12:25:30,361 INFO sqlalchemy.engine.Engine BEGIN (implicit)
2025-08-10 12:25:30,361 - sqlalchemy.engine.Engine - INFO - BEGIN (implicit)
2025-08-10 12:25:30,362 INFO sqlalchemy.engine.Engine 
                SELECT id, uuid, email, hashed_password, role, status, first_name, last_name,
                       phone, avatar_url, bio, address_line1, address_line2, city, state, 
                       zip_code, country, email_verified, phone_verified, identity_verified,
                       two_factor_enabled, notification_email, notification_sms, 
                       notification_push, created_at, updated_at, last_login,
                       date_of_birth, social_security_number, notes, move_in_date, move_out_date,
                       employer, position, monthly_income, employment_start_date,
                       emergency_contact_name, emergency_contact_phone, emergency_contact_relationship
                FROM users 
                WHERE email = $1
            
2025-08-10 12:25:30,362 - sqlalchemy.engine.Engine - INFO - 
                SELECT id, uuid, email, hashed_password, role, status, first_name, last_name,
                       phone, avatar_url, bio, address_line1, address_line2, city, state, 
                       zip_code, country, email_verified, phone_verified, identity_verified,
                       two_factor_enabled, notification_email, notification_sms, 
                       notification_push, created_at, updated_at, last_login,
                       date_of_birth, social_security_number, notes, move_in_date, move_out_date,
                       employer, position, monthly_income, employment_start_date,
                       emergency_contact_name, emergency_contact_phone, emergency_contact_relationship
                FROM users 
                WHERE email = $1
            
2025-08-10 12:25:30,362 INFO sqlalchemy.engine.Engine [generated in 0.00018s] ('landlord@example.com',)
2025-08-10 12:25:30,362 - sqlalchemy.engine.Engine - INFO - [generated in 0.00018s] ('landlord@example.com',)
2025-08-10 12:25:30,783 - src.api.v1.endpoints.auth - INFO - ✅ User found: landlord@example.com, status: ACTIVE
2025-08-10 12:25:30,783 - passlib.handlers.bcrypt - DEBUG - detected 'bcrypt' backend, version '3.2.2'
2025-08-10 12:25:30,783 - passlib.handlers.bcrypt - DEBUG - 'bcrypt' backend lacks $2$ support, enabling workaround
2025-08-10 12:25:31,018 - src.api.v1.endpoints.auth - INFO - 🔑 Password valid: False
2025-08-10 12:25:31,018 - src.api.v1.endpoints.auth - WARNING - ❌ Invalid password for: landlord@example.com
2025-08-10 12:25:31,018 - src.core.database - ERROR - Database session error: 
2025-08-10 12:25:31,019 INFO sqlalchemy.engine.Engine ROLLBACK
2025-08-10 12:25:31,019 - sqlalchemy.engine.Engine - INFO - ROLLBACK
2025-08-10 12:25:31,058 - src.middleware.auth - INFO - Request completed
INFO:     127.0.0.1:49649 - "POST /api/v1/auth/login HTTP/1.1" 401 Unauthorized
2025-08-10 12:25:38,600 - src.middleware.auth - INFO - Request started
2025-08-10 12:25:38,600 - src.middleware.auth - INFO - Request completed
INFO:     127.0.0.1:49656 - "GET /health HTTP/1.1" 200 OK
2025-08-10 12:26:25,666 - src.middleware.auth - INFO - Request started
2025-08-10 12:26:25,667 - src.api.v1.endpoints.auth - INFO - 🔐 Login attempt for: admin@greenpm.com
2025-08-10 12:26:25,777 INFO sqlalchemy.engine.Engine BEGIN (implicit)
2025-08-10 12:26:25,777 - sqlalchemy.engine.Engine - INFO - BEGIN (implicit)
2025-08-10 12:26:25,777 INFO sqlalchemy.engine.Engine 
                SELECT id, uuid, email, hashed_password, role, status, first_name, last_name,
                       phone, avatar_url, bio, address_line1, address_line2, city, state, 
                       zip_code, country, email_verified, phone_verified, identity_verified,
                       two_factor_enabled, notification_email, notification_sms, 
                       notification_push, created_at, updated_at, last_login,
                       date_of_birth, social_security_number, notes, move_in_date, move_out_date,
                       employer, position, monthly_income, employment_start_date,
                       emergency_contact_name, emergency_contact_phone, emergency_contact_relationship
                FROM users 
                WHERE email = $1
            
2025-08-10 12:26:25,777 - sqlalchemy.engine.Engine - INFO - 
                SELECT id, uuid, email, hashed_password, role, status, first_name, last_name,
                       phone, avatar_url, bio, address_line1, address_line2, city, state, 
                       zip_code, country, email_verified, phone_verified, identity_verified,
                       two_factor_enabled, notification_email, notification_sms, 
                       notification_push, created_at, updated_at, last_login,
                       date_of_birth, social_security_number, notes, move_in_date, move_out_date,
                       employer, position, monthly_income, employment_start_date,
                       emergency_contact_name, emergency_contact_phone, emergency_contact_relationship
                FROM users 
                WHERE email = $1
            
2025-08-10 12:26:25,777 INFO sqlalchemy.engine.Engine [cached since 55.41s ago] ('admin@greenpm.com',)
2025-08-10 12:26:25,777 - sqlalchemy.engine.Engine - INFO - [cached since 55.41s ago] ('admin@greenpm.com',)
2025-08-10 12:26:25,864 - src.api.v1.endpoints.auth - INFO - ✅ User found: admin@greenpm.com, status: ACTIVE
2025-08-10 12:26:26,063 - src.api.v1.endpoints.auth - INFO - 🔑 Password valid: False
2025-08-10 12:26:26,063 - src.api.v1.endpoints.auth - WARNING - ❌ Invalid password for: admin@greenpm.com
2025-08-10 12:26:26,063 - src.core.database - ERROR - Database session error: 
2025-08-10 12:26:26,063 INFO sqlalchemy.engine.Engine ROLLBACK
2025-08-10 12:26:26,063 - sqlalchemy.engine.Engine - INFO - ROLLBACK
2025-08-10 12:26:26,102 - src.middleware.auth - INFO - Request completed
INFO:     127.0.0.1:49667 - "POST /api/v1/auth/login HTTP/1.1" 401 Unauthorized
2025-08-10 12:26:30,211 - src.middleware.rate_limit - DEBUG - Cleaned up rate limit data for 0 clients
2025-08-10 12:27:06,910 - src.middleware.auth - INFO - Request started
2025-08-10 12:27:06,935 - src.middleware.auth - INFO - Request completed
INFO:     127.0.0.1:49681 - "GET /openapi.json HTTP/1.1" 200 OK
2025-08-10 12:27:15,778 - src.middleware.auth - INFO - Request started
2025-08-10 12:27:15,893 INFO sqlalchemy.engine.Engine BEGIN (implicit)
2025-08-10 12:27:15,893 - sqlalchemy.engine.Engine - INFO - BEGIN (implicit)
2025-08-10 12:27:15,893 INFO sqlalchemy.engine.Engine 
                SELECT id, email, hashed_password, role, status, first_name, last_name,
                       phone, created_at, updated_at
                FROM users 
                WHERE email = $1
            
2025-08-10 12:27:15,893 - sqlalchemy.engine.Engine - INFO - 
                SELECT id, email, hashed_password, role, status, first_name, last_name,
                       phone, created_at, updated_at
                FROM users 
                WHERE email = $1
            
2025-08-10 12:27:15,893 INFO sqlalchemy.engine.Engine [generated in 0.00006s] ('admin@greenpm.com',)
2025-08-10 12:27:15,893 - sqlalchemy.engine.Engine - INFO - [generated in 0.00006s] ('admin@greenpm.com',)
2025-08-10 12:27:16,205 - src.core.database - ERROR - Database session error: 
2025-08-10 12:27:16,206 INFO sqlalchemy.engine.Engine ROLLBACK
2025-08-10 12:27:16,206 - sqlalchemy.engine.Engine - INFO - ROLLBACK
2025-08-10 12:27:16,243 - src.middleware.auth - INFO - Request completed
INFO:     127.0.0.1:49685 - "POST /api/v1/auth/simple-login HTTP/1.1" 401 Unauthorized
2025-08-10 12:27:30,213 - src.middleware.rate_limit - DEBUG - Cleaned up rate limit data for 0 clients
WARNING:  WatchFiles detected changes in 'src/api/v1/router.py'. Reloading...
INFO:     Shutting down
INFO:     Waiting for application shutdown.
2025-08-10 12:27:40,899 - src.main - INFO - Shutting down Green PM API...
INFO:     Application shutdown complete.
INFO:     Finished server process [2913]
INFO:     Started server process [3432]
INFO:     Waiting for application startup.
2025-08-10 12:27:41,758 - src.main - INFO - Starting Green PM API...
2025-08-10 12:27:42,255 INFO sqlalchemy.engine.Engine select pg_catalog.version()
2025-08-10 12:27:42,255 - sqlalchemy.engine.Engine - INFO - select pg_catalog.version()
2025-08-10 12:27:42,255 INFO sqlalchemy.engine.Engine [raw sql] ()
2025-08-10 12:27:42,255 - sqlalchemy.engine.Engine - INFO - [raw sql] ()
2025-08-10 12:27:42,406 INFO sqlalchemy.engine.Engine select current_schema()
2025-08-10 12:27:42,406 - sqlalchemy.engine.Engine - INFO - select current_schema()
2025-08-10 12:27:42,406 INFO sqlalchemy.engine.Engine [raw sql] ()
2025-08-10 12:27:42,406 - sqlalchemy.engine.Engine - INFO - [raw sql] ()
2025-08-10 12:27:42,554 INFO sqlalchemy.engine.Engine show standard_conforming_strings
2025-08-10 12:27:42,554 - sqlalchemy.engine.Engine - INFO - show standard_conforming_strings
2025-08-10 12:27:42,554 INFO sqlalchemy.engine.Engine [raw sql] ()
2025-08-10 12:27:42,554 - sqlalchemy.engine.Engine - INFO - [raw sql] ()
2025-08-10 12:27:42,662 INFO sqlalchemy.engine.Engine BEGIN (implicit)
2025-08-10 12:27:42,662 - sqlalchemy.engine.Engine - INFO - BEGIN (implicit)
2025-08-10 12:27:42,663 INFO sqlalchemy.engine.Engine SELECT pg_catalog.pg_class.relname 
FROM pg_catalog.pg_class JOIN pg_catalog.pg_namespace ON pg_catalog.pg_namespace.oid = pg_catalog.pg_class.relnamespace 
WHERE pg_catalog.pg_class.relname = $1::VARCHAR AND pg_catalog.pg_class.relkind = ANY (ARRAY[$2::VARCHAR, $3::VARCHAR, $4::VARCHAR, $5::VARCHAR, $6::VARCHAR]) AND pg_catalog.pg_table_is_visible(pg_catalog.pg_class.oid) AND pg_catalog.pg_namespace.nspname != $7::VARCHAR
2025-08-10 12:27:42,663 - sqlalchemy.engine.Engine - INFO - SELECT pg_catalog.pg_class.relname 
FROM pg_catalog.pg_class JOIN pg_catalog.pg_namespace ON pg_catalog.pg_namespace.oid = pg_catalog.pg_class.relnamespace 
WHERE pg_catalog.pg_class.relname = $1::VARCHAR AND pg_catalog.pg_class.relkind = ANY (ARRAY[$2::VARCHAR, $3::VARCHAR, $4::VARCHAR, $5::VARCHAR, $6::VARCHAR]) AND pg_catalog.pg_table_is_visible(pg_catalog.pg_class.oid) AND pg_catalog.pg_namespace.nspname != $7::VARCHAR
2025-08-10 12:27:42,663 INFO sqlalchemy.engine.Engine [generated in 0.00010s] ('users', 'r', 'p', 'f', 'v', 'm', 'pg_catalog')
2025-08-10 12:27:42,663 - sqlalchemy.engine.Engine - INFO - [generated in 0.00010s] ('users', 'r', 'p', 'f', 'v', 'm', 'pg_catalog')
2025-08-10 12:27:42,775 INFO sqlalchemy.engine.Engine SELECT pg_catalog.pg_class.relname 
FROM pg_catalog.pg_class JOIN pg_catalog.pg_namespace ON pg_catalog.pg_namespace.oid = pg_catalog.pg_class.relnamespace 
WHERE pg_catalog.pg_class.relname = $1::VARCHAR AND pg_catalog.pg_class.relkind = ANY (ARRAY[$2::VARCHAR, $3::VARCHAR, $4::VARCHAR, $5::VARCHAR, $6::VARCHAR]) AND pg_catalog.pg_table_is_visible(pg_catalog.pg_class.oid) AND pg_catalog.pg_namespace.nspname != $7::VARCHAR
2025-08-10 12:27:42,775 - sqlalchemy.engine.Engine - INFO - SELECT pg_catalog.pg_class.relname 
FROM pg_catalog.pg_class JOIN pg_catalog.pg_namespace ON pg_catalog.pg_namespace.oid = pg_catalog.pg_class.relnamespace 
WHERE pg_catalog.pg_class.relname = $1::VARCHAR AND pg_catalog.pg_class.relkind = ANY (ARRAY[$2::VARCHAR, $3::VARCHAR, $4::VARCHAR, $5::VARCHAR, $6::VARCHAR]) AND pg_catalog.pg_table_is_visible(pg_catalog.pg_class.oid) AND pg_catalog.pg_namespace.nspname != $7::VARCHAR
2025-08-10 12:27:42,775 INFO sqlalchemy.engine.Engine [cached since 0.1121s ago] ('properties', 'r', 'p', 'f', 'v', 'm', 'pg_catalog')
2025-08-10 12:27:42,775 - sqlalchemy.engine.Engine - INFO - [cached since 0.1121s ago] ('properties', 'r', 'p', 'f', 'v', 'm', 'pg_catalog')
2025-08-10 12:27:42,811 INFO sqlalchemy.engine.Engine SELECT pg_catalog.pg_class.relname 
FROM pg_catalog.pg_class JOIN pg_catalog.pg_namespace ON pg_catalog.pg_namespace.oid = pg_catalog.pg_class.relnamespace 
WHERE pg_catalog.pg_class.relname = $1::VARCHAR AND pg_catalog.pg_class.relkind = ANY (ARRAY[$2::VARCHAR, $3::VARCHAR, $4::VARCHAR, $5::VARCHAR, $6::VARCHAR]) AND pg_catalog.pg_table_is_visible(pg_catalog.pg_class.oid) AND pg_catalog.pg_namespace.nspname != $7::VARCHAR
2025-08-10 12:27:42,811 - sqlalchemy.engine.Engine - INFO - SELECT pg_catalog.pg_class.relname 
FROM pg_catalog.pg_class JOIN pg_catalog.pg_namespace ON pg_catalog.pg_namespace.oid = pg_catalog.pg_class.relnamespace 
WHERE pg_catalog.pg_class.relname = $1::VARCHAR AND pg_catalog.pg_class.relkind = ANY (ARRAY[$2::VARCHAR, $3::VARCHAR, $4::VARCHAR, $5::VARCHAR, $6::VARCHAR]) AND pg_catalog.pg_table_is_visible(pg_catalog.pg_class.oid) AND pg_catalog.pg_namespace.nspname != $7::VARCHAR
2025-08-10 12:27:42,811 INFO sqlalchemy.engine.Engine [cached since 0.1475s ago] ('property_images', 'r', 'p', 'f', 'v', 'm', 'pg_catalog')
2025-08-10 12:27:42,811 - sqlalchemy.engine.Engine - INFO - [cached since 0.1475s ago] ('property_images', 'r', 'p', 'f', 'v', 'm', 'pg_catalog')
2025-08-10 12:27:42,849 INFO sqlalchemy.engine.Engine SELECT pg_catalog.pg_class.relname 
FROM pg_catalog.pg_class JOIN pg_catalog.pg_namespace ON pg_catalog.pg_namespace.oid = pg_catalog.pg_class.relnamespace 
WHERE pg_catalog.pg_class.relname = $1::VARCHAR AND pg_catalog.pg_class.relkind = ANY (ARRAY[$2::VARCHAR, $3::VARCHAR, $4::VARCHAR, $5::VARCHAR, $6::VARCHAR]) AND pg_catalog.pg_table_is_visible(pg_catalog.pg_class.oid) AND pg_catalog.pg_namespace.nspname != $7::VARCHAR
2025-08-10 12:27:42,849 - sqlalchemy.engine.Engine - INFO - SELECT pg_catalog.pg_class.relname 
FROM pg_catalog.pg_class JOIN pg_catalog.pg_namespace ON pg_catalog.pg_namespace.oid = pg_catalog.pg_class.relnamespace 
WHERE pg_catalog.pg_class.relname = $1::VARCHAR AND pg_catalog.pg_class.relkind = ANY (ARRAY[$2::VARCHAR, $3::VARCHAR, $4::VARCHAR, $5::VARCHAR, $6::VARCHAR]) AND pg_catalog.pg_table_is_visible(pg_catalog.pg_class.oid) AND pg_catalog.pg_namespace.nspname != $7::VARCHAR
2025-08-10 12:27:42,849 INFO sqlalchemy.engine.Engine [cached since 0.1863s ago] ('property_amenities', 'r', 'p', 'f', 'v', 'm', 'pg_catalog')
2025-08-10 12:27:42,849 - sqlalchemy.engine.Engine - INFO - [cached since 0.1863s ago] ('property_amenities', 'r', 'p', 'f', 'v', 'm', 'pg_catalog')
2025-08-10 12:27:42,886 INFO sqlalchemy.engine.Engine SELECT pg_catalog.pg_class.relname 
FROM pg_catalog.pg_class JOIN pg_catalog.pg_namespace ON pg_catalog.pg_namespace.oid = pg_catalog.pg_class.relnamespace 
WHERE pg_catalog.pg_class.relname = $1::VARCHAR AND pg_catalog.pg_class.relkind = ANY (ARRAY[$2::VARCHAR, $3::VARCHAR, $4::VARCHAR, $5::VARCHAR, $6::VARCHAR]) AND pg_catalog.pg_table_is_visible(pg_catalog.pg_class.oid) AND pg_catalog.pg_namespace.nspname != $7::VARCHAR
2025-08-10 12:27:42,886 - sqlalchemy.engine.Engine - INFO - SELECT pg_catalog.pg_class.relname 
FROM pg_catalog.pg_class JOIN pg_catalog.pg_namespace ON pg_catalog.pg_namespace.oid = pg_catalog.pg_class.relnamespace 
WHERE pg_catalog.pg_class.relname = $1::VARCHAR AND pg_catalog.pg_class.relkind = ANY (ARRAY[$2::VARCHAR, $3::VARCHAR, $4::VARCHAR, $5::VARCHAR, $6::VARCHAR]) AND pg_catalog.pg_table_is_visible(pg_catalog.pg_class.oid) AND pg_catalog.pg_namespace.nspname != $7::VARCHAR
2025-08-10 12:27:42,886 INFO sqlalchemy.engine.Engine [cached since 0.223s ago] ('leases', 'r', 'p', 'f', 'v', 'm', 'pg_catalog')
2025-08-10 12:27:42,886 - sqlalchemy.engine.Engine - INFO - [cached since 0.223s ago] ('leases', 'r', 'p', 'f', 'v', 'm', 'pg_catalog')
2025-08-10 12:27:42,922 INFO sqlalchemy.engine.Engine SELECT pg_catalog.pg_class.relname 
FROM pg_catalog.pg_class JOIN pg_catalog.pg_namespace ON pg_catalog.pg_namespace.oid = pg_catalog.pg_class.relnamespace 
WHERE pg_catalog.pg_class.relname = $1::VARCHAR AND pg_catalog.pg_class.relkind = ANY (ARRAY[$2::VARCHAR, $3::VARCHAR, $4::VARCHAR, $5::VARCHAR, $6::VARCHAR]) AND pg_catalog.pg_table_is_visible(pg_catalog.pg_class.oid) AND pg_catalog.pg_namespace.nspname != $7::VARCHAR
2025-08-10 12:27:42,922 - sqlalchemy.engine.Engine - INFO - SELECT pg_catalog.pg_class.relname 
FROM pg_catalog.pg_class JOIN pg_catalog.pg_namespace ON pg_catalog.pg_namespace.oid = pg_catalog.pg_class.relnamespace 
WHERE pg_catalog.pg_class.relname = $1::VARCHAR AND pg_catalog.pg_class.relkind = ANY (ARRAY[$2::VARCHAR, $3::VARCHAR, $4::VARCHAR, $5::VARCHAR, $6::VARCHAR]) AND pg_catalog.pg_table_is_visible(pg_catalog.pg_class.oid) AND pg_catalog.pg_namespace.nspname != $7::VARCHAR
2025-08-10 12:27:42,923 INFO sqlalchemy.engine.Engine [cached since 0.2596s ago] ('lease_documents', 'r', 'p', 'f', 'v', 'm', 'pg_catalog')
2025-08-10 12:27:42,923 - sqlalchemy.engine.Engine - INFO - [cached since 0.2596s ago] ('lease_documents', 'r', 'p', 'f', 'v', 'm', 'pg_catalog')
2025-08-10 12:27:42,960 INFO sqlalchemy.engine.Engine SELECT pg_catalog.pg_class.relname 
FROM pg_catalog.pg_class JOIN pg_catalog.pg_namespace ON pg_catalog.pg_namespace.oid = pg_catalog.pg_class.relnamespace 
WHERE pg_catalog.pg_class.relname = $1::VARCHAR AND pg_catalog.pg_class.relkind = ANY (ARRAY[$2::VARCHAR, $3::VARCHAR, $4::VARCHAR, $5::VARCHAR, $6::VARCHAR]) AND pg_catalog.pg_table_is_visible(pg_catalog.pg_class.oid) AND pg_catalog.pg_namespace.nspname != $7::VARCHAR
2025-08-10 12:27:42,960 - sqlalchemy.engine.Engine - INFO - SELECT pg_catalog.pg_class.relname 
FROM pg_catalog.pg_class JOIN pg_catalog.pg_namespace ON pg_catalog.pg_namespace.oid = pg_catalog.pg_class.relnamespace 
WHERE pg_catalog.pg_class.relname = $1::VARCHAR AND pg_catalog.pg_class.relkind = ANY (ARRAY[$2::VARCHAR, $3::VARCHAR, $4::VARCHAR, $5::VARCHAR, $6::VARCHAR]) AND pg_catalog.pg_table_is_visible(pg_catalog.pg_class.oid) AND pg_catalog.pg_namespace.nspname != $7::VARCHAR
2025-08-10 12:27:42,960 INFO sqlalchemy.engine.Engine [cached since 0.2969s ago] ('payments', 'r', 'p', 'f', 'v', 'm', 'pg_catalog')
2025-08-10 12:27:42,960 - sqlalchemy.engine.Engine - INFO - [cached since 0.2969s ago] ('payments', 'r', 'p', 'f', 'v', 'm', 'pg_catalog')
2025-08-10 12:27:42,994 INFO sqlalchemy.engine.Engine SELECT pg_catalog.pg_class.relname 
FROM pg_catalog.pg_class JOIN pg_catalog.pg_namespace ON pg_catalog.pg_namespace.oid = pg_catalog.pg_class.relnamespace 
WHERE pg_catalog.pg_class.relname = $1::VARCHAR AND pg_catalog.pg_class.relkind = ANY (ARRAY[$2::VARCHAR, $3::VARCHAR, $4::VARCHAR, $5::VARCHAR, $6::VARCHAR]) AND pg_catalog.pg_table_is_visible(pg_catalog.pg_class.oid) AND pg_catalog.pg_namespace.nspname != $7::VARCHAR
2025-08-10 12:27:42,994 - sqlalchemy.engine.Engine - INFO - SELECT pg_catalog.pg_class.relname 
FROM pg_catalog.pg_class JOIN pg_catalog.pg_namespace ON pg_catalog.pg_namespace.oid = pg_catalog.pg_class.relnamespace 
WHERE pg_catalog.pg_class.relname = $1::VARCHAR AND pg_catalog.pg_class.relkind = ANY (ARRAY[$2::VARCHAR, $3::VARCHAR, $4::VARCHAR, $5::VARCHAR, $6::VARCHAR]) AND pg_catalog.pg_table_is_visible(pg_catalog.pg_class.oid) AND pg_catalog.pg_namespace.nspname != $7::VARCHAR
2025-08-10 12:27:42,994 INFO sqlalchemy.engine.Engine [cached since 0.3309s ago] ('payment_methods', 'r', 'p', 'f', 'v', 'm', 'pg_catalog')
2025-08-10 12:27:42,994 - sqlalchemy.engine.Engine - INFO - [cached since 0.3309s ago] ('payment_methods', 'r', 'p', 'f', 'v', 'm', 'pg_catalog')
2025-08-10 12:27:43,031 INFO sqlalchemy.engine.Engine SELECT pg_catalog.pg_class.relname 
FROM pg_catalog.pg_class JOIN pg_catalog.pg_namespace ON pg_catalog.pg_namespace.oid = pg_catalog.pg_class.relnamespace 
WHERE pg_catalog.pg_class.relname = $1::VARCHAR AND pg_catalog.pg_class.relkind = ANY (ARRAY[$2::VARCHAR, $3::VARCHAR, $4::VARCHAR, $5::VARCHAR, $6::VARCHAR]) AND pg_catalog.pg_table_is_visible(pg_catalog.pg_class.oid) AND pg_catalog.pg_namespace.nspname != $7::VARCHAR
2025-08-10 12:27:43,031 - sqlalchemy.engine.Engine - INFO - SELECT pg_catalog.pg_class.relname 
FROM pg_catalog.pg_class JOIN pg_catalog.pg_namespace ON pg_catalog.pg_namespace.oid = pg_catalog.pg_class.relnamespace 
WHERE pg_catalog.pg_class.relname = $1::VARCHAR AND pg_catalog.pg_class.relkind = ANY (ARRAY[$2::VARCHAR, $3::VARCHAR, $4::VARCHAR, $5::VARCHAR, $6::VARCHAR]) AND pg_catalog.pg_table_is_visible(pg_catalog.pg_class.oid) AND pg_catalog.pg_namespace.nspname != $7::VARCHAR
2025-08-10 12:27:43,031 INFO sqlalchemy.engine.Engine [cached since 0.3676s ago] ('maintenance_requests', 'r', 'p', 'f', 'v', 'm', 'pg_catalog')
2025-08-10 12:27:43,031 - sqlalchemy.engine.Engine - INFO - [cached since 0.3676s ago] ('maintenance_requests', 'r', 'p', 'f', 'v', 'm', 'pg_catalog')
2025-08-10 12:27:43,067 INFO sqlalchemy.engine.Engine SELECT pg_catalog.pg_class.relname 
FROM pg_catalog.pg_class JOIN pg_catalog.pg_namespace ON pg_catalog.pg_namespace.oid = pg_catalog.pg_class.relnamespace 
WHERE pg_catalog.pg_class.relname = $1::VARCHAR AND pg_catalog.pg_class.relkind = ANY (ARRAY[$2::VARCHAR, $3::VARCHAR, $4::VARCHAR, $5::VARCHAR, $6::VARCHAR]) AND pg_catalog.pg_table_is_visible(pg_catalog.pg_class.oid) AND pg_catalog.pg_namespace.nspname != $7::VARCHAR
2025-08-10 12:27:43,067 - sqlalchemy.engine.Engine - INFO - SELECT pg_catalog.pg_class.relname 
FROM pg_catalog.pg_class JOIN pg_catalog.pg_namespace ON pg_catalog.pg_namespace.oid = pg_catalog.pg_class.relnamespace 
WHERE pg_catalog.pg_class.relname = $1::VARCHAR AND pg_catalog.pg_class.relkind = ANY (ARRAY[$2::VARCHAR, $3::VARCHAR, $4::VARCHAR, $5::VARCHAR, $6::VARCHAR]) AND pg_catalog.pg_table_is_visible(pg_catalog.pg_class.oid) AND pg_catalog.pg_namespace.nspname != $7::VARCHAR
2025-08-10 12:27:43,068 INFO sqlalchemy.engine.Engine [cached since 0.4044s ago] ('maintenance_images', 'r', 'p', 'f', 'v', 'm', 'pg_catalog')
2025-08-10 12:27:43,068 - sqlalchemy.engine.Engine - INFO - [cached since 0.4044s ago] ('maintenance_images', 'r', 'p', 'f', 'v', 'm', 'pg_catalog')
2025-08-10 12:27:43,102 INFO sqlalchemy.engine.Engine SELECT pg_catalog.pg_class.relname 
FROM pg_catalog.pg_class JOIN pg_catalog.pg_namespace ON pg_catalog.pg_namespace.oid = pg_catalog.pg_class.relnamespace 
WHERE pg_catalog.pg_class.relname = $1::VARCHAR AND pg_catalog.pg_class.relkind = ANY (ARRAY[$2::VARCHAR, $3::VARCHAR, $4::VARCHAR, $5::VARCHAR, $6::VARCHAR]) AND pg_catalog.pg_table_is_visible(pg_catalog.pg_class.oid) AND pg_catalog.pg_namespace.nspname != $7::VARCHAR
2025-08-10 12:27:43,102 - sqlalchemy.engine.Engine - INFO - SELECT pg_catalog.pg_class.relname 
FROM pg_catalog.pg_class JOIN pg_catalog.pg_namespace ON pg_catalog.pg_namespace.oid = pg_catalog.pg_class.relnamespace 
WHERE pg_catalog.pg_class.relname = $1::VARCHAR AND pg_catalog.pg_class.relkind = ANY (ARRAY[$2::VARCHAR, $3::VARCHAR, $4::VARCHAR, $5::VARCHAR, $6::VARCHAR]) AND pg_catalog.pg_table_is_visible(pg_catalog.pg_class.oid) AND pg_catalog.pg_namespace.nspname != $7::VARCHAR
2025-08-10 12:27:43,102 INFO sqlalchemy.engine.Engine [cached since 0.439s ago] ('message_threads', 'r', 'p', 'f', 'v', 'm', 'pg_catalog')
2025-08-10 12:27:43,102 - sqlalchemy.engine.Engine - INFO - [cached since 0.439s ago] ('message_threads', 'r', 'p', 'f', 'v', 'm', 'pg_catalog')
2025-08-10 12:27:43,138 INFO sqlalchemy.engine.Engine SELECT pg_catalog.pg_class.relname 
FROM pg_catalog.pg_class JOIN pg_catalog.pg_namespace ON pg_catalog.pg_namespace.oid = pg_catalog.pg_class.relnamespace 
WHERE pg_catalog.pg_class.relname = $1::VARCHAR AND pg_catalog.pg_class.relkind = ANY (ARRAY[$2::VARCHAR, $3::VARCHAR, $4::VARCHAR, $5::VARCHAR, $6::VARCHAR]) AND pg_catalog.pg_table_is_visible(pg_catalog.pg_class.oid) AND pg_catalog.pg_namespace.nspname != $7::VARCHAR
2025-08-10 12:27:43,138 - sqlalchemy.engine.Engine - INFO - SELECT pg_catalog.pg_class.relname 
FROM pg_catalog.pg_class JOIN pg_catalog.pg_namespace ON pg_catalog.pg_namespace.oid = pg_catalog.pg_class.relnamespace 
WHERE pg_catalog.pg_class.relname = $1::VARCHAR AND pg_catalog.pg_class.relkind = ANY (ARRAY[$2::VARCHAR, $3::VARCHAR, $4::VARCHAR, $5::VARCHAR, $6::VARCHAR]) AND pg_catalog.pg_table_is_visible(pg_catalog.pg_class.oid) AND pg_catalog.pg_namespace.nspname != $7::VARCHAR
2025-08-10 12:27:43,138 INFO sqlalchemy.engine.Engine [cached since 0.475s ago] ('messages', 'r', 'p', 'f', 'v', 'm', 'pg_catalog')
2025-08-10 12:27:43,138 - sqlalchemy.engine.Engine - INFO - [cached since 0.475s ago] ('messages', 'r', 'p', 'f', 'v', 'm', 'pg_catalog')
2025-08-10 12:27:43,176 INFO sqlalchemy.engine.Engine SELECT pg_catalog.pg_class.relname 
FROM pg_catalog.pg_class JOIN pg_catalog.pg_namespace ON pg_catalog.pg_namespace.oid = pg_catalog.pg_class.relnamespace 
WHERE pg_catalog.pg_class.relname = $1::VARCHAR AND pg_catalog.pg_class.relkind = ANY (ARRAY[$2::VARCHAR, $3::VARCHAR, $4::VARCHAR, $5::VARCHAR, $6::VARCHAR]) AND pg_catalog.pg_table_is_visible(pg_catalog.pg_class.oid) AND pg_catalog.pg_namespace.nspname != $7::VARCHAR
2025-08-10 12:27:43,176 - sqlalchemy.engine.Engine - INFO - SELECT pg_catalog.pg_class.relname 
FROM pg_catalog.pg_class JOIN pg_catalog.pg_namespace ON pg_catalog.pg_namespace.oid = pg_catalog.pg_class.relnamespace 
WHERE pg_catalog.pg_class.relname = $1::VARCHAR AND pg_catalog.pg_class.relkind = ANY (ARRAY[$2::VARCHAR, $3::VARCHAR, $4::VARCHAR, $5::VARCHAR, $6::VARCHAR]) AND pg_catalog.pg_table_is_visible(pg_catalog.pg_class.oid) AND pg_catalog.pg_namespace.nspname != $7::VARCHAR
2025-08-10 12:27:43,176 INFO sqlalchemy.engine.Engine [cached since 0.5129s ago] ('applications', 'r', 'p', 'f', 'v', 'm', 'pg_catalog')
2025-08-10 12:27:43,176 - sqlalchemy.engine.Engine - INFO - [cached since 0.5129s ago] ('applications', 'r', 'p', 'f', 'v', 'm', 'pg_catalog')
2025-08-10 12:27:43,215 INFO sqlalchemy.engine.Engine SELECT pg_catalog.pg_class.relname 
FROM pg_catalog.pg_class JOIN pg_catalog.pg_namespace ON pg_catalog.pg_namespace.oid = pg_catalog.pg_class.relnamespace 
WHERE pg_catalog.pg_class.relname = $1::VARCHAR AND pg_catalog.pg_class.relkind = ANY (ARRAY[$2::VARCHAR, $3::VARCHAR, $4::VARCHAR, $5::VARCHAR, $6::VARCHAR]) AND pg_catalog.pg_table_is_visible(pg_catalog.pg_class.oid) AND pg_catalog.pg_namespace.nspname != $7::VARCHAR
2025-08-10 12:27:43,215 - sqlalchemy.engine.Engine - INFO - SELECT pg_catalog.pg_class.relname 
FROM pg_catalog.pg_class JOIN pg_catalog.pg_namespace ON pg_catalog.pg_namespace.oid = pg_catalog.pg_class.relnamespace 
WHERE pg_catalog.pg_class.relname = $1::VARCHAR AND pg_catalog.pg_class.relkind = ANY (ARRAY[$2::VARCHAR, $3::VARCHAR, $4::VARCHAR, $5::VARCHAR, $6::VARCHAR]) AND pg_catalog.pg_table_is_visible(pg_catalog.pg_class.oid) AND pg_catalog.pg_namespace.nspname != $7::VARCHAR
2025-08-10 12:27:43,215 INFO sqlalchemy.engine.Engine [cached since 0.5518s ago] ('application_documents', 'r', 'p', 'f', 'v', 'm', 'pg_catalog')
2025-08-10 12:27:43,215 - sqlalchemy.engine.Engine - INFO - [cached since 0.5518s ago] ('application_documents', 'r', 'p', 'f', 'v', 'm', 'pg_catalog')
2025-08-10 12:27:43,250 INFO sqlalchemy.engine.Engine SELECT pg_catalog.pg_class.relname 
FROM pg_catalog.pg_class JOIN pg_catalog.pg_namespace ON pg_catalog.pg_namespace.oid = pg_catalog.pg_class.relnamespace 
WHERE pg_catalog.pg_class.relname = $1::VARCHAR AND pg_catalog.pg_class.relkind = ANY (ARRAY[$2::VARCHAR, $3::VARCHAR, $4::VARCHAR, $5::VARCHAR, $6::VARCHAR]) AND pg_catalog.pg_table_is_visible(pg_catalog.pg_class.oid) AND pg_catalog.pg_namespace.nspname != $7::VARCHAR
2025-08-10 12:27:43,250 - sqlalchemy.engine.Engine - INFO - SELECT pg_catalog.pg_class.relname 
FROM pg_catalog.pg_class JOIN pg_catalog.pg_namespace ON pg_catalog.pg_namespace.oid = pg_catalog.pg_class.relnamespace 
WHERE pg_catalog.pg_class.relname = $1::VARCHAR AND pg_catalog.pg_class.relkind = ANY (ARRAY[$2::VARCHAR, $3::VARCHAR, $4::VARCHAR, $5::VARCHAR, $6::VARCHAR]) AND pg_catalog.pg_table_is_visible(pg_catalog.pg_class.oid) AND pg_catalog.pg_namespace.nspname != $7::VARCHAR
2025-08-10 12:27:43,251 INFO sqlalchemy.engine.Engine [cached since 0.5873s ago] ('audit_logs', 'r', 'p', 'f', 'v', 'm', 'pg_catalog')
2025-08-10 12:27:43,251 - sqlalchemy.engine.Engine - INFO - [cached since 0.5873s ago] ('audit_logs', 'r', 'p', 'f', 'v', 'm', 'pg_catalog')
2025-08-10 12:27:43,288 INFO sqlalchemy.engine.Engine SELECT pg_catalog.pg_class.relname 
FROM pg_catalog.pg_class JOIN pg_catalog.pg_namespace ON pg_catalog.pg_namespace.oid = pg_catalog.pg_class.relnamespace 
WHERE pg_catalog.pg_class.relname = $1::VARCHAR AND pg_catalog.pg_class.relkind = ANY (ARRAY[$2::VARCHAR, $3::VARCHAR, $4::VARCHAR, $5::VARCHAR, $6::VARCHAR]) AND pg_catalog.pg_table_is_visible(pg_catalog.pg_class.oid) AND pg_catalog.pg_namespace.nspname != $7::VARCHAR
2025-08-10 12:27:43,288 - sqlalchemy.engine.Engine - INFO - SELECT pg_catalog.pg_class.relname 
FROM pg_catalog.pg_class JOIN pg_catalog.pg_namespace ON pg_catalog.pg_namespace.oid = pg_catalog.pg_class.relnamespace 
WHERE pg_catalog.pg_class.relname = $1::VARCHAR AND pg_catalog.pg_class.relkind = ANY (ARRAY[$2::VARCHAR, $3::VARCHAR, $4::VARCHAR, $5::VARCHAR, $6::VARCHAR]) AND pg_catalog.pg_table_is_visible(pg_catalog.pg_class.oid) AND pg_catalog.pg_namespace.nspname != $7::VARCHAR
2025-08-10 12:27:43,288 INFO sqlalchemy.engine.Engine [cached since 0.6248s ago] ('companies', 'r', 'p', 'f', 'v', 'm', 'pg_catalog')
2025-08-10 12:27:43,288 - sqlalchemy.engine.Engine - INFO - [cached since 0.6248s ago] ('companies', 'r', 'p', 'f', 'v', 'm', 'pg_catalog')
2025-08-10 12:27:43,328 INFO sqlalchemy.engine.Engine SELECT pg_catalog.pg_class.relname 
FROM pg_catalog.pg_class JOIN pg_catalog.pg_namespace ON pg_catalog.pg_namespace.oid = pg_catalog.pg_class.relnamespace 
WHERE pg_catalog.pg_class.relname = $1::VARCHAR AND pg_catalog.pg_class.relkind = ANY (ARRAY[$2::VARCHAR, $3::VARCHAR, $4::VARCHAR, $5::VARCHAR, $6::VARCHAR]) AND pg_catalog.pg_table_is_visible(pg_catalog.pg_class.oid) AND pg_catalog.pg_namespace.nspname != $7::VARCHAR
2025-08-10 12:27:43,328 - sqlalchemy.engine.Engine - INFO - SELECT pg_catalog.pg_class.relname 
FROM pg_catalog.pg_class JOIN pg_catalog.pg_namespace ON pg_catalog.pg_namespace.oid = pg_catalog.pg_class.relnamespace 
WHERE pg_catalog.pg_class.relname = $1::VARCHAR AND pg_catalog.pg_class.relkind = ANY (ARRAY[$2::VARCHAR, $3::VARCHAR, $4::VARCHAR, $5::VARCHAR, $6::VARCHAR]) AND pg_catalog.pg_table_is_visible(pg_catalog.pg_class.oid) AND pg_catalog.pg_namespace.nspname != $7::VARCHAR
2025-08-10 12:27:43,329 INFO sqlalchemy.engine.Engine [cached since 0.6655s ago] ('plans', 'r', 'p', 'f', 'v', 'm', 'pg_catalog')
2025-08-10 12:27:43,329 - sqlalchemy.engine.Engine - INFO - [cached since 0.6655s ago] ('plans', 'r', 'p', 'f', 'v', 'm', 'pg_catalog')
2025-08-10 12:27:43,366 INFO sqlalchemy.engine.Engine SELECT pg_catalog.pg_class.relname 
FROM pg_catalog.pg_class JOIN pg_catalog.pg_namespace ON pg_catalog.pg_namespace.oid = pg_catalog.pg_class.relnamespace 
WHERE pg_catalog.pg_class.relname = $1::VARCHAR AND pg_catalog.pg_class.relkind = ANY (ARRAY[$2::VARCHAR, $3::VARCHAR, $4::VARCHAR, $5::VARCHAR, $6::VARCHAR]) AND pg_catalog.pg_table_is_visible(pg_catalog.pg_class.oid) AND pg_catalog.pg_namespace.nspname != $7::VARCHAR
2025-08-10 12:27:43,366 - sqlalchemy.engine.Engine - INFO - SELECT pg_catalog.pg_class.relname 
FROM pg_catalog.pg_class JOIN pg_catalog.pg_namespace ON pg_catalog.pg_namespace.oid = pg_catalog.pg_class.relnamespace 
WHERE pg_catalog.pg_class.relname = $1::VARCHAR AND pg_catalog.pg_class.relkind = ANY (ARRAY[$2::VARCHAR, $3::VARCHAR, $4::VARCHAR, $5::VARCHAR, $6::VARCHAR]) AND pg_catalog.pg_table_is_visible(pg_catalog.pg_class.oid) AND pg_catalog.pg_namespace.nspname != $7::VARCHAR
2025-08-10 12:27:43,367 INFO sqlalchemy.engine.Engine [cached since 0.7035s ago] ('plan_assignments', 'r', 'p', 'f', 'v', 'm', 'pg_catalog')
2025-08-10 12:27:43,367 - sqlalchemy.engine.Engine - INFO - [cached since 0.7035s ago] ('plan_assignments', 'r', 'p', 'f', 'v', 'm', 'pg_catalog')
2025-08-10 12:27:43,404 INFO sqlalchemy.engine.Engine SELECT pg_catalog.pg_class.relname 
FROM pg_catalog.pg_class JOIN pg_catalog.pg_namespace ON pg_catalog.pg_namespace.oid = pg_catalog.pg_class.relnamespace 
WHERE pg_catalog.pg_class.relname = $1::VARCHAR AND pg_catalog.pg_class.relkind = ANY (ARRAY[$2::VARCHAR, $3::VARCHAR, $4::VARCHAR, $5::VARCHAR, $6::VARCHAR]) AND pg_catalog.pg_table_is_visible(pg_catalog.pg_class.oid) AND pg_catalog.pg_namespace.nspname != $7::VARCHAR
2025-08-10 12:27:43,404 - sqlalchemy.engine.Engine - INFO - SELECT pg_catalog.pg_class.relname 
FROM pg_catalog.pg_class JOIN pg_catalog.pg_namespace ON pg_catalog.pg_namespace.oid = pg_catalog.pg_class.relnamespace 
WHERE pg_catalog.pg_class.relname = $1::VARCHAR AND pg_catalog.pg_class.relkind = ANY (ARRAY[$2::VARCHAR, $3::VARCHAR, $4::VARCHAR, $5::VARCHAR, $6::VARCHAR]) AND pg_catalog.pg_table_is_visible(pg_catalog.pg_class.oid) AND pg_catalog.pg_namespace.nspname != $7::VARCHAR
2025-08-10 12:27:43,405 INFO sqlalchemy.engine.Engine [cached since 0.7415s ago] ('feature_flags', 'r', 'p', 'f', 'v', 'm', 'pg_catalog')
2025-08-10 12:27:43,405 - sqlalchemy.engine.Engine - INFO - [cached since 0.7415s ago] ('feature_flags', 'r', 'p', 'f', 'v', 'm', 'pg_catalog')
2025-08-10 12:27:43,442 INFO sqlalchemy.engine.Engine SELECT pg_catalog.pg_class.relname 
FROM pg_catalog.pg_class JOIN pg_catalog.pg_namespace ON pg_catalog.pg_namespace.oid = pg_catalog.pg_class.relnamespace 
WHERE pg_catalog.pg_class.relname = $1::VARCHAR AND pg_catalog.pg_class.relkind = ANY (ARRAY[$2::VARCHAR, $3::VARCHAR, $4::VARCHAR, $5::VARCHAR, $6::VARCHAR]) AND pg_catalog.pg_table_is_visible(pg_catalog.pg_class.oid) AND pg_catalog.pg_namespace.nspname != $7::VARCHAR
2025-08-10 12:27:43,442 - sqlalchemy.engine.Engine - INFO - SELECT pg_catalog.pg_class.relname 
FROM pg_catalog.pg_class JOIN pg_catalog.pg_namespace ON pg_catalog.pg_namespace.oid = pg_catalog.pg_class.relnamespace 
WHERE pg_catalog.pg_class.relname = $1::VARCHAR AND pg_catalog.pg_class.relkind = ANY (ARRAY[$2::VARCHAR, $3::VARCHAR, $4::VARCHAR, $5::VARCHAR, $6::VARCHAR]) AND pg_catalog.pg_table_is_visible(pg_catalog.pg_class.oid) AND pg_catalog.pg_namespace.nspname != $7::VARCHAR
2025-08-10 12:27:43,442 INFO sqlalchemy.engine.Engine [cached since 0.779s ago] ('plan_features', 'r', 'p', 'f', 'v', 'm', 'pg_catalog')
2025-08-10 12:27:43,442 - sqlalchemy.engine.Engine - INFO - [cached since 0.779s ago] ('plan_features', 'r', 'p', 'f', 'v', 'm', 'pg_catalog')
2025-08-10 12:27:43,478 INFO sqlalchemy.engine.Engine SELECT pg_catalog.pg_class.relname 
FROM pg_catalog.pg_class JOIN pg_catalog.pg_namespace ON pg_catalog.pg_namespace.oid = pg_catalog.pg_class.relnamespace 
WHERE pg_catalog.pg_class.relname = $1::VARCHAR AND pg_catalog.pg_class.relkind = ANY (ARRAY[$2::VARCHAR, $3::VARCHAR, $4::VARCHAR, $5::VARCHAR, $6::VARCHAR]) AND pg_catalog.pg_table_is_visible(pg_catalog.pg_class.oid) AND pg_catalog.pg_namespace.nspname != $7::VARCHAR
2025-08-10 12:27:43,478 - sqlalchemy.engine.Engine - INFO - SELECT pg_catalog.pg_class.relname 
FROM pg_catalog.pg_class JOIN pg_catalog.pg_namespace ON pg_catalog.pg_namespace.oid = pg_catalog.pg_class.relnamespace 
WHERE pg_catalog.pg_class.relname = $1::VARCHAR AND pg_catalog.pg_class.relkind = ANY (ARRAY[$2::VARCHAR, $3::VARCHAR, $4::VARCHAR, $5::VARCHAR, $6::VARCHAR]) AND pg_catalog.pg_table_is_visible(pg_catalog.pg_class.oid) AND pg_catalog.pg_namespace.nspname != $7::VARCHAR
2025-08-10 12:27:43,478 INFO sqlalchemy.engine.Engine [cached since 0.8147s ago] ('contracts', 'r', 'p', 'f', 'v', 'm', 'pg_catalog')
2025-08-10 12:27:43,478 - sqlalchemy.engine.Engine - INFO - [cached since 0.8147s ago] ('contracts', 'r', 'p', 'f', 'v', 'm', 'pg_catalog')
2025-08-10 12:27:43,515 INFO sqlalchemy.engine.Engine SELECT pg_catalog.pg_class.relname 
FROM pg_catalog.pg_class JOIN pg_catalog.pg_namespace ON pg_catalog.pg_namespace.oid = pg_catalog.pg_class.relnamespace 
WHERE pg_catalog.pg_class.relname = $1::VARCHAR AND pg_catalog.pg_class.relkind = ANY (ARRAY[$2::VARCHAR, $3::VARCHAR, $4::VARCHAR, $5::VARCHAR, $6::VARCHAR]) AND pg_catalog.pg_table_is_visible(pg_catalog.pg_class.oid) AND pg_catalog.pg_namespace.nspname != $7::VARCHAR
2025-08-10 12:27:43,515 - sqlalchemy.engine.Engine - INFO - SELECT pg_catalog.pg_class.relname 
FROM pg_catalog.pg_class JOIN pg_catalog.pg_namespace ON pg_catalog.pg_namespace.oid = pg_catalog.pg_class.relnamespace 
WHERE pg_catalog.pg_class.relname = $1::VARCHAR AND pg_catalog.pg_class.relkind = ANY (ARRAY[$2::VARCHAR, $3::VARCHAR, $4::VARCHAR, $5::VARCHAR, $6::VARCHAR]) AND pg_catalog.pg_table_is_visible(pg_catalog.pg_class.oid) AND pg_catalog.pg_namespace.nspname != $7::VARCHAR
2025-08-10 12:27:43,515 INFO sqlalchemy.engine.Engine [cached since 0.8521s ago] ('invoices', 'r', 'p', 'f', 'v', 'm', 'pg_catalog')
2025-08-10 12:27:43,515 - sqlalchemy.engine.Engine - INFO - [cached since 0.8521s ago] ('invoices', 'r', 'p', 'f', 'v', 'm', 'pg_catalog')
2025-08-10 12:27:43,550 INFO sqlalchemy.engine.Engine SELECT pg_catalog.pg_type.typname 
FROM pg_catalog.pg_type JOIN pg_catalog.pg_namespace ON pg_catalog.pg_namespace.oid = pg_catalog.pg_type.typnamespace 
WHERE pg_catalog.pg_type.typname = $1::VARCHAR AND pg_catalog.pg_type_is_visible(pg_catalog.pg_type.oid) AND pg_catalog.pg_namespace.nspname != $2::VARCHAR
2025-08-10 12:27:43,550 - sqlalchemy.engine.Engine - INFO - SELECT pg_catalog.pg_type.typname 
FROM pg_catalog.pg_type JOIN pg_catalog.pg_namespace ON pg_catalog.pg_namespace.oid = pg_catalog.pg_type.typnamespace 
WHERE pg_catalog.pg_type.typname = $1::VARCHAR AND pg_catalog.pg_type_is_visible(pg_catalog.pg_type.oid) AND pg_catalog.pg_namespace.nspname != $2::VARCHAR
2025-08-10 12:27:43,550 INFO sqlalchemy.engine.Engine [generated in 0.00012s] ('userrole', 'pg_catalog')
2025-08-10 12:27:43,550 - sqlalchemy.engine.Engine - INFO - [generated in 0.00012s] ('userrole', 'pg_catalog')
2025-08-10 12:27:43,624 INFO sqlalchemy.engine.Engine SELECT pg_catalog.pg_type.typname 
FROM pg_catalog.pg_type JOIN pg_catalog.pg_namespace ON pg_catalog.pg_namespace.oid = pg_catalog.pg_type.typnamespace 
WHERE pg_catalog.pg_type.typname = $1::VARCHAR AND pg_catalog.pg_type_is_visible(pg_catalog.pg_type.oid) AND pg_catalog.pg_namespace.nspname != $2::VARCHAR
2025-08-10 12:27:43,624 - sqlalchemy.engine.Engine - INFO - SELECT pg_catalog.pg_type.typname 
FROM pg_catalog.pg_type JOIN pg_catalog.pg_namespace ON pg_catalog.pg_namespace.oid = pg_catalog.pg_type.typnamespace 
WHERE pg_catalog.pg_type.typname = $1::VARCHAR AND pg_catalog.pg_type_is_visible(pg_catalog.pg_type.oid) AND pg_catalog.pg_namespace.nspname != $2::VARCHAR
2025-08-10 12:27:43,624 INFO sqlalchemy.engine.Engine [cached since 0.0739s ago] ('userstatus', 'pg_catalog')
2025-08-10 12:27:43,624 - sqlalchemy.engine.Engine - INFO - [cached since 0.0739s ago] ('userstatus', 'pg_catalog')
2025-08-10 12:27:43,662 INFO sqlalchemy.engine.Engine SELECT pg_catalog.pg_type.typname 
FROM pg_catalog.pg_type JOIN pg_catalog.pg_namespace ON pg_catalog.pg_namespace.oid = pg_catalog.pg_type.typnamespace 
WHERE pg_catalog.pg_type.typname = $1::VARCHAR AND pg_catalog.pg_type_is_visible(pg_catalog.pg_type.oid) AND pg_catalog.pg_namespace.nspname != $2::VARCHAR
2025-08-10 12:27:43,662 - sqlalchemy.engine.Engine - INFO - SELECT pg_catalog.pg_type.typname 
FROM pg_catalog.pg_type JOIN pg_catalog.pg_namespace ON pg_catalog.pg_namespace.oid = pg_catalog.pg_type.typnamespace 
WHERE pg_catalog.pg_type.typname = $1::VARCHAR AND pg_catalog.pg_type_is_visible(pg_catalog.pg_type.oid) AND pg_catalog.pg_namespace.nspname != $2::VARCHAR
2025-08-10 12:27:43,662 INFO sqlalchemy.engine.Engine [cached since 0.1119s ago] ('propertytype', 'pg_catalog')
2025-08-10 12:27:43,662 - sqlalchemy.engine.Engine - INFO - [cached since 0.1119s ago] ('propertytype', 'pg_catalog')
2025-08-10 12:27:43,705 INFO sqlalchemy.engine.Engine SELECT pg_catalog.pg_type.typname 
FROM pg_catalog.pg_type JOIN pg_catalog.pg_namespace ON pg_catalog.pg_namespace.oid = pg_catalog.pg_type.typnamespace 
WHERE pg_catalog.pg_type.typname = $1::VARCHAR AND pg_catalog.pg_type_is_visible(pg_catalog.pg_type.oid) AND pg_catalog.pg_namespace.nspname != $2::VARCHAR
2025-08-10 12:27:43,705 - sqlalchemy.engine.Engine - INFO - SELECT pg_catalog.pg_type.typname 
FROM pg_catalog.pg_type JOIN pg_catalog.pg_namespace ON pg_catalog.pg_namespace.oid = pg_catalog.pg_type.typnamespace 
WHERE pg_catalog.pg_type.typname = $1::VARCHAR AND pg_catalog.pg_type_is_visible(pg_catalog.pg_type.oid) AND pg_catalog.pg_namespace.nspname != $2::VARCHAR
2025-08-10 12:27:43,706 INFO sqlalchemy.engine.Engine [cached since 0.1554s ago] ('propertystatus', 'pg_catalog')
2025-08-10 12:27:43,706 - sqlalchemy.engine.Engine - INFO - [cached since 0.1554s ago] ('propertystatus', 'pg_catalog')
2025-08-10 12:27:43,744 INFO sqlalchemy.engine.Engine SELECT pg_catalog.pg_type.typname 
FROM pg_catalog.pg_type JOIN pg_catalog.pg_namespace ON pg_catalog.pg_namespace.oid = pg_catalog.pg_type.typnamespace 
WHERE pg_catalog.pg_type.typname = $1::VARCHAR AND pg_catalog.pg_type_is_visible(pg_catalog.pg_type.oid) AND pg_catalog.pg_namespace.nspname != $2::VARCHAR
2025-08-10 12:27:43,744 - sqlalchemy.engine.Engine - INFO - SELECT pg_catalog.pg_type.typname 
FROM pg_catalog.pg_type JOIN pg_catalog.pg_namespace ON pg_catalog.pg_namespace.oid = pg_catalog.pg_type.typnamespace 
WHERE pg_catalog.pg_type.typname = $1::VARCHAR AND pg_catalog.pg_type_is_visible(pg_catalog.pg_type.oid) AND pg_catalog.pg_namespace.nspname != $2::VARCHAR
2025-08-10 12:27:43,744 INFO sqlalchemy.engine.Engine [cached since 0.1935s ago] ('leasetype', 'pg_catalog')
2025-08-10 12:27:43,744 - sqlalchemy.engine.Engine - INFO - [cached since 0.1935s ago] ('leasetype', 'pg_catalog')
2025-08-10 12:27:43,787 INFO sqlalchemy.engine.Engine SELECT pg_catalog.pg_type.typname 
FROM pg_catalog.pg_type JOIN pg_catalog.pg_namespace ON pg_catalog.pg_namespace.oid = pg_catalog.pg_type.typnamespace 
WHERE pg_catalog.pg_type.typname = $1::VARCHAR AND pg_catalog.pg_type_is_visible(pg_catalog.pg_type.oid) AND pg_catalog.pg_namespace.nspname != $2::VARCHAR
2025-08-10 12:27:43,787 - sqlalchemy.engine.Engine - INFO - SELECT pg_catalog.pg_type.typname 
FROM pg_catalog.pg_type JOIN pg_catalog.pg_namespace ON pg_catalog.pg_namespace.oid = pg_catalog.pg_type.typnamespace 
WHERE pg_catalog.pg_type.typname = $1::VARCHAR AND pg_catalog.pg_type_is_visible(pg_catalog.pg_type.oid) AND pg_catalog.pg_namespace.nspname != $2::VARCHAR
2025-08-10 12:27:43,787 INFO sqlalchemy.engine.Engine [cached since 0.2367s ago] ('leasestatus', 'pg_catalog')
2025-08-10 12:27:43,787 - sqlalchemy.engine.Engine - INFO - [cached since 0.2367s ago] ('leasestatus', 'pg_catalog')
2025-08-10 12:27:43,823 INFO sqlalchemy.engine.Engine SELECT pg_catalog.pg_type.typname 
FROM pg_catalog.pg_type JOIN pg_catalog.pg_namespace ON pg_catalog.pg_namespace.oid = pg_catalog.pg_type.typnamespace 
WHERE pg_catalog.pg_type.typname = $1::VARCHAR AND pg_catalog.pg_type_is_visible(pg_catalog.pg_type.oid) AND pg_catalog.pg_namespace.nspname != $2::VARCHAR
2025-08-10 12:27:43,823 - sqlalchemy.engine.Engine - INFO - SELECT pg_catalog.pg_type.typname 
FROM pg_catalog.pg_type JOIN pg_catalog.pg_namespace ON pg_catalog.pg_namespace.oid = pg_catalog.pg_type.typnamespace 
WHERE pg_catalog.pg_type.typname = $1::VARCHAR AND pg_catalog.pg_type_is_visible(pg_catalog.pg_type.oid) AND pg_catalog.pg_namespace.nspname != $2::VARCHAR
2025-08-10 12:27:43,823 INFO sqlalchemy.engine.Engine [cached since 0.2724s ago] ('paymenttype', 'pg_catalog')
2025-08-10 12:27:43,823 - sqlalchemy.engine.Engine - INFO - [cached since 0.2724s ago] ('paymenttype', 'pg_catalog')
2025-08-10 12:27:43,862 INFO sqlalchemy.engine.Engine SELECT pg_catalog.pg_type.typname 
FROM pg_catalog.pg_type JOIN pg_catalog.pg_namespace ON pg_catalog.pg_namespace.oid = pg_catalog.pg_type.typnamespace 
WHERE pg_catalog.pg_type.typname = $1::VARCHAR AND pg_catalog.pg_type_is_visible(pg_catalog.pg_type.oid) AND pg_catalog.pg_namespace.nspname != $2::VARCHAR
2025-08-10 12:27:43,862 - sqlalchemy.engine.Engine - INFO - SELECT pg_catalog.pg_type.typname 
FROM pg_catalog.pg_type JOIN pg_catalog.pg_namespace ON pg_catalog.pg_namespace.oid = pg_catalog.pg_type.typnamespace 
WHERE pg_catalog.pg_type.typname = $1::VARCHAR AND pg_catalog.pg_type_is_visible(pg_catalog.pg_type.oid) AND pg_catalog.pg_namespace.nspname != $2::VARCHAR
2025-08-10 12:27:43,862 INFO sqlalchemy.engine.Engine [cached since 0.3116s ago] ('paymentstatus', 'pg_catalog')
2025-08-10 12:27:43,862 - sqlalchemy.engine.Engine - INFO - [cached since 0.3116s ago] ('paymentstatus', 'pg_catalog')
2025-08-10 12:27:43,898 INFO sqlalchemy.engine.Engine SELECT pg_catalog.pg_type.typname 
FROM pg_catalog.pg_type JOIN pg_catalog.pg_namespace ON pg_catalog.pg_namespace.oid = pg_catalog.pg_type.typnamespace 
WHERE pg_catalog.pg_type.typname = $1::VARCHAR AND pg_catalog.pg_type_is_visible(pg_catalog.pg_type.oid) AND pg_catalog.pg_namespace.nspname != $2::VARCHAR
2025-08-10 12:27:43,898 - sqlalchemy.engine.Engine - INFO - SELECT pg_catalog.pg_type.typname 
FROM pg_catalog.pg_type JOIN pg_catalog.pg_namespace ON pg_catalog.pg_namespace.oid = pg_catalog.pg_type.typnamespace 
WHERE pg_catalog.pg_type.typname = $1::VARCHAR AND pg_catalog.pg_type_is_visible(pg_catalog.pg_type.oid) AND pg_catalog.pg_namespace.nspname != $2::VARCHAR
2025-08-10 12:27:43,898 INFO sqlalchemy.engine.Engine [cached since 0.3476s ago] ('paymentmethod', 'pg_catalog')
2025-08-10 12:27:43,898 - sqlalchemy.engine.Engine - INFO - [cached since 0.3476s ago] ('paymentmethod', 'pg_catalog')
2025-08-10 12:27:43,934 INFO sqlalchemy.engine.Engine SELECT pg_catalog.pg_type.typname 
FROM pg_catalog.pg_type JOIN pg_catalog.pg_namespace ON pg_catalog.pg_namespace.oid = pg_catalog.pg_type.typnamespace 
WHERE pg_catalog.pg_type.typname = $1::VARCHAR AND pg_catalog.pg_type_is_visible(pg_catalog.pg_type.oid) AND pg_catalog.pg_namespace.nspname != $2::VARCHAR
2025-08-10 12:27:43,934 - sqlalchemy.engine.Engine - INFO - SELECT pg_catalog.pg_type.typname 
FROM pg_catalog.pg_type JOIN pg_catalog.pg_namespace ON pg_catalog.pg_namespace.oid = pg_catalog.pg_type.typnamespace 
WHERE pg_catalog.pg_type.typname = $1::VARCHAR AND pg_catalog.pg_type_is_visible(pg_catalog.pg_type.oid) AND pg_catalog.pg_namespace.nspname != $2::VARCHAR
2025-08-10 12:27:43,934 INFO sqlalchemy.engine.Engine [cached since 0.3837s ago] ('maintenancecategory', 'pg_catalog')
2025-08-10 12:27:43,934 - sqlalchemy.engine.Engine - INFO - [cached since 0.3837s ago] ('maintenancecategory', 'pg_catalog')
2025-08-10 12:27:43,974 INFO sqlalchemy.engine.Engine SELECT pg_catalog.pg_type.typname 
FROM pg_catalog.pg_type JOIN pg_catalog.pg_namespace ON pg_catalog.pg_namespace.oid = pg_catalog.pg_type.typnamespace 
WHERE pg_catalog.pg_type.typname = $1::VARCHAR AND pg_catalog.pg_type_is_visible(pg_catalog.pg_type.oid) AND pg_catalog.pg_namespace.nspname != $2::VARCHAR
2025-08-10 12:27:43,974 - sqlalchemy.engine.Engine - INFO - SELECT pg_catalog.pg_type.typname 
FROM pg_catalog.pg_type JOIN pg_catalog.pg_namespace ON pg_catalog.pg_namespace.oid = pg_catalog.pg_type.typnamespace 
WHERE pg_catalog.pg_type.typname = $1::VARCHAR AND pg_catalog.pg_type_is_visible(pg_catalog.pg_type.oid) AND pg_catalog.pg_namespace.nspname != $2::VARCHAR
2025-08-10 12:27:43,974 INFO sqlalchemy.engine.Engine [cached since 0.4236s ago] ('maintenancepriority', 'pg_catalog')
2025-08-10 12:27:43,974 - sqlalchemy.engine.Engine - INFO - [cached since 0.4236s ago] ('maintenancepriority', 'pg_catalog')
2025-08-10 12:27:44,010 INFO sqlalchemy.engine.Engine SELECT pg_catalog.pg_type.typname 
FROM pg_catalog.pg_type JOIN pg_catalog.pg_namespace ON pg_catalog.pg_namespace.oid = pg_catalog.pg_type.typnamespace 
WHERE pg_catalog.pg_type.typname = $1::VARCHAR AND pg_catalog.pg_type_is_visible(pg_catalog.pg_type.oid) AND pg_catalog.pg_namespace.nspname != $2::VARCHAR
2025-08-10 12:27:44,010 - sqlalchemy.engine.Engine - INFO - SELECT pg_catalog.pg_type.typname 
FROM pg_catalog.pg_type JOIN pg_catalog.pg_namespace ON pg_catalog.pg_namespace.oid = pg_catalog.pg_type.typnamespace 
WHERE pg_catalog.pg_type.typname = $1::VARCHAR AND pg_catalog.pg_type_is_visible(pg_catalog.pg_type.oid) AND pg_catalog.pg_namespace.nspname != $2::VARCHAR
2025-08-10 12:27:44,010 INFO sqlalchemy.engine.Engine [cached since 0.4603s ago] ('maintenancestatus', 'pg_catalog')
2025-08-10 12:27:44,010 - sqlalchemy.engine.Engine - INFO - [cached since 0.4603s ago] ('maintenancestatus', 'pg_catalog')
2025-08-10 12:27:44,046 INFO sqlalchemy.engine.Engine SELECT pg_catalog.pg_type.typname 
FROM pg_catalog.pg_type JOIN pg_catalog.pg_namespace ON pg_catalog.pg_namespace.oid = pg_catalog.pg_type.typnamespace 
WHERE pg_catalog.pg_type.typname = $1::VARCHAR AND pg_catalog.pg_type_is_visible(pg_catalog.pg_type.oid) AND pg_catalog.pg_namespace.nspname != $2::VARCHAR
2025-08-10 12:27:44,046 - sqlalchemy.engine.Engine - INFO - SELECT pg_catalog.pg_type.typname 
FROM pg_catalog.pg_type JOIN pg_catalog.pg_namespace ON pg_catalog.pg_namespace.oid = pg_catalog.pg_type.typnamespace 
WHERE pg_catalog.pg_type.typname = $1::VARCHAR AND pg_catalog.pg_type_is_visible(pg_catalog.pg_type.oid) AND pg_catalog.pg_namespace.nspname != $2::VARCHAR
2025-08-10 12:27:44,046 INFO sqlalchemy.engine.Engine [cached since 0.4959s ago] ('messagetype', 'pg_catalog')
2025-08-10 12:27:44,046 - sqlalchemy.engine.Engine - INFO - [cached since 0.4959s ago] ('messagetype', 'pg_catalog')
2025-08-10 12:27:44,082 INFO sqlalchemy.engine.Engine SELECT pg_catalog.pg_type.typname 
FROM pg_catalog.pg_type JOIN pg_catalog.pg_namespace ON pg_catalog.pg_namespace.oid = pg_catalog.pg_type.typnamespace 
WHERE pg_catalog.pg_type.typname = $1::VARCHAR AND pg_catalog.pg_type_is_visible(pg_catalog.pg_type.oid) AND pg_catalog.pg_namespace.nspname != $2::VARCHAR
2025-08-10 12:27:44,082 - sqlalchemy.engine.Engine - INFO - SELECT pg_catalog.pg_type.typname 
FROM pg_catalog.pg_type JOIN pg_catalog.pg_namespace ON pg_catalog.pg_namespace.oid = pg_catalog.pg_type.typnamespace 
WHERE pg_catalog.pg_type.typname = $1::VARCHAR AND pg_catalog.pg_type_is_visible(pg_catalog.pg_type.oid) AND pg_catalog.pg_namespace.nspname != $2::VARCHAR
2025-08-10 12:27:44,082 INFO sqlalchemy.engine.Engine [cached since 0.5322s ago] ('messagestatus', 'pg_catalog')
2025-08-10 12:27:44,082 - sqlalchemy.engine.Engine - INFO - [cached since 0.5322s ago] ('messagestatus', 'pg_catalog')
2025-08-10 12:27:44,118 INFO sqlalchemy.engine.Engine SELECT pg_catalog.pg_type.typname 
FROM pg_catalog.pg_type JOIN pg_catalog.pg_namespace ON pg_catalog.pg_namespace.oid = pg_catalog.pg_type.typnamespace 
WHERE pg_catalog.pg_type.typname = $1::VARCHAR AND pg_catalog.pg_type_is_visible(pg_catalog.pg_type.oid) AND pg_catalog.pg_namespace.nspname != $2::VARCHAR
2025-08-10 12:27:44,118 - sqlalchemy.engine.Engine - INFO - SELECT pg_catalog.pg_type.typname 
FROM pg_catalog.pg_type JOIN pg_catalog.pg_namespace ON pg_catalog.pg_namespace.oid = pg_catalog.pg_type.typnamespace 
WHERE pg_catalog.pg_type.typname = $1::VARCHAR AND pg_catalog.pg_type_is_visible(pg_catalog.pg_type.oid) AND pg_catalog.pg_namespace.nspname != $2::VARCHAR
2025-08-10 12:27:44,118 INFO sqlalchemy.engine.Engine [cached since 0.5677s ago] ('applicationstatus', 'pg_catalog')
2025-08-10 12:27:44,118 - sqlalchemy.engine.Engine - INFO - [cached since 0.5677s ago] ('applicationstatus', 'pg_catalog')
2025-08-10 12:27:44,154 INFO sqlalchemy.engine.Engine SELECT pg_catalog.pg_type.typname 
FROM pg_catalog.pg_type JOIN pg_catalog.pg_namespace ON pg_catalog.pg_namespace.oid = pg_catalog.pg_type.typnamespace 
WHERE pg_catalog.pg_type.typname = $1::VARCHAR AND pg_catalog.pg_type_is_visible(pg_catalog.pg_type.oid) AND pg_catalog.pg_namespace.nspname != $2::VARCHAR
2025-08-10 12:27:44,154 - sqlalchemy.engine.Engine - INFO - SELECT pg_catalog.pg_type.typname 
FROM pg_catalog.pg_type JOIN pg_catalog.pg_namespace ON pg_catalog.pg_namespace.oid = pg_catalog.pg_type.typnamespace 
WHERE pg_catalog.pg_type.typname = $1::VARCHAR AND pg_catalog.pg_type_is_visible(pg_catalog.pg_type.oid) AND pg_catalog.pg_namespace.nspname != $2::VARCHAR
2025-08-10 12:27:44,155 INFO sqlalchemy.engine.Engine [cached since 0.6046s ago] ('auditaction', 'pg_catalog')
2025-08-10 12:27:44,155 - sqlalchemy.engine.Engine - INFO - [cached since 0.6046s ago] ('auditaction', 'pg_catalog')
2025-08-10 12:27:44,194 INFO sqlalchemy.engine.Engine SELECT pg_catalog.pg_type.typname 
FROM pg_catalog.pg_type JOIN pg_catalog.pg_namespace ON pg_catalog.pg_namespace.oid = pg_catalog.pg_type.typnamespace 
WHERE pg_catalog.pg_type.typname = $1::VARCHAR AND pg_catalog.pg_type_is_visible(pg_catalog.pg_type.oid) AND pg_catalog.pg_namespace.nspname != $2::VARCHAR
2025-08-10 12:27:44,194 - sqlalchemy.engine.Engine - INFO - SELECT pg_catalog.pg_type.typname 
FROM pg_catalog.pg_type JOIN pg_catalog.pg_namespace ON pg_catalog.pg_namespace.oid = pg_catalog.pg_type.typnamespace 
WHERE pg_catalog.pg_type.typname = $1::VARCHAR AND pg_catalog.pg_type_is_visible(pg_catalog.pg_type.oid) AND pg_catalog.pg_namespace.nspname != $2::VARCHAR
2025-08-10 12:27:44,194 INFO sqlalchemy.engine.Engine [cached since 0.6438s ago] ('auditseverity', 'pg_catalog')
2025-08-10 12:27:44,194 - sqlalchemy.engine.Engine - INFO - [cached since 0.6438s ago] ('auditseverity', 'pg_catalog')
2025-08-10 12:27:44,230 INFO sqlalchemy.engine.Engine SELECT pg_catalog.pg_type.typname 
FROM pg_catalog.pg_type JOIN pg_catalog.pg_namespace ON pg_catalog.pg_namespace.oid = pg_catalog.pg_type.typnamespace 
WHERE pg_catalog.pg_type.typname = $1::VARCHAR AND pg_catalog.pg_type_is_visible(pg_catalog.pg_type.oid) AND pg_catalog.pg_namespace.nspname != $2::VARCHAR
2025-08-10 12:27:44,230 - sqlalchemy.engine.Engine - INFO - SELECT pg_catalog.pg_type.typname 
FROM pg_catalog.pg_type JOIN pg_catalog.pg_namespace ON pg_catalog.pg_namespace.oid = pg_catalog.pg_type.typnamespace 
WHERE pg_catalog.pg_type.typname = $1::VARCHAR AND pg_catalog.pg_type_is_visible(pg_catalog.pg_type.oid) AND pg_catalog.pg_namespace.nspname != $2::VARCHAR
2025-08-10 12:27:44,230 INFO sqlalchemy.engine.Engine [cached since 0.6798s ago] ('companystatus', 'pg_catalog')
2025-08-10 12:27:44,230 - sqlalchemy.engine.Engine - INFO - [cached since 0.6798s ago] ('companystatus', 'pg_catalog')
2025-08-10 12:27:44,266 INFO sqlalchemy.engine.Engine SELECT pg_catalog.pg_type.typname 
FROM pg_catalog.pg_type JOIN pg_catalog.pg_namespace ON pg_catalog.pg_namespace.oid = pg_catalog.pg_type.typnamespace 
WHERE pg_catalog.pg_type.typname = $1::VARCHAR AND pg_catalog.pg_type_is_visible(pg_catalog.pg_type.oid) AND pg_catalog.pg_namespace.nspname != $2::VARCHAR
2025-08-10 12:27:44,266 - sqlalchemy.engine.Engine - INFO - SELECT pg_catalog.pg_type.typname 
FROM pg_catalog.pg_type JOIN pg_catalog.pg_namespace ON pg_catalog.pg_namespace.oid = pg_catalog.pg_type.typnamespace 
WHERE pg_catalog.pg_type.typname = $1::VARCHAR AND pg_catalog.pg_type_is_visible(pg_catalog.pg_type.oid) AND pg_catalog.pg_namespace.nspname != $2::VARCHAR
2025-08-10 12:27:44,266 INFO sqlalchemy.engine.Engine [cached since 0.7158s ago] ('planstatus', 'pg_catalog')
2025-08-10 12:27:44,266 - sqlalchemy.engine.Engine - INFO - [cached since 0.7158s ago] ('planstatus', 'pg_catalog')
2025-08-10 12:27:44,303 INFO sqlalchemy.engine.Engine SELECT pg_catalog.pg_type.typname 
FROM pg_catalog.pg_type JOIN pg_catalog.pg_namespace ON pg_catalog.pg_namespace.oid = pg_catalog.pg_type.typnamespace 
WHERE pg_catalog.pg_type.typname = $1::VARCHAR AND pg_catalog.pg_type_is_visible(pg_catalog.pg_type.oid) AND pg_catalog.pg_namespace.nspname != $2::VARCHAR
2025-08-10 12:27:44,303 - sqlalchemy.engine.Engine - INFO - SELECT pg_catalog.pg_type.typname 
FROM pg_catalog.pg_type JOIN pg_catalog.pg_namespace ON pg_catalog.pg_namespace.oid = pg_catalog.pg_type.typnamespace 
WHERE pg_catalog.pg_type.typname = $1::VARCHAR AND pg_catalog.pg_type_is_visible(pg_catalog.pg_type.oid) AND pg_catalog.pg_namespace.nspname != $2::VARCHAR
2025-08-10 12:27:44,303 INFO sqlalchemy.engine.Engine [cached since 0.7532s ago] ('billingtype', 'pg_catalog')
2025-08-10 12:27:44,303 - sqlalchemy.engine.Engine - INFO - [cached since 0.7532s ago] ('billingtype', 'pg_catalog')
2025-08-10 12:27:44,338 INFO sqlalchemy.engine.Engine SELECT pg_catalog.pg_type.typname 
FROM pg_catalog.pg_type JOIN pg_catalog.pg_namespace ON pg_catalog.pg_namespace.oid = pg_catalog.pg_type.typnamespace 
WHERE pg_catalog.pg_type.typname = $1::VARCHAR AND pg_catalog.pg_type_is_visible(pg_catalog.pg_type.oid) AND pg_catalog.pg_namespace.nspname != $2::VARCHAR
2025-08-10 12:27:44,338 - sqlalchemy.engine.Engine - INFO - SELECT pg_catalog.pg_type.typname 
FROM pg_catalog.pg_type JOIN pg_catalog.pg_namespace ON pg_catalog.pg_namespace.oid = pg_catalog.pg_type.typnamespace 
WHERE pg_catalog.pg_type.typname = $1::VARCHAR AND pg_catalog.pg_type_is_visible(pg_catalog.pg_type.oid) AND pg_catalog.pg_namespace.nspname != $2::VARCHAR
2025-08-10 12:27:44,338 INFO sqlalchemy.engine.Engine [cached since 0.7878s ago] ('modulekey', 'pg_catalog')
2025-08-10 12:27:44,338 - sqlalchemy.engine.Engine - INFO - [cached since 0.7878s ago] ('modulekey', 'pg_catalog')
2025-08-10 12:27:44,374 INFO sqlalchemy.engine.Engine SELECT pg_catalog.pg_type.typname 
FROM pg_catalog.pg_type JOIN pg_catalog.pg_namespace ON pg_catalog.pg_namespace.oid = pg_catalog.pg_type.typnamespace 
WHERE pg_catalog.pg_type.typname = $1::VARCHAR AND pg_catalog.pg_type_is_visible(pg_catalog.pg_type.oid) AND pg_catalog.pg_namespace.nspname != $2::VARCHAR
2025-08-10 12:27:44,374 - sqlalchemy.engine.Engine - INFO - SELECT pg_catalog.pg_type.typname 
FROM pg_catalog.pg_type JOIN pg_catalog.pg_namespace ON pg_catalog.pg_namespace.oid = pg_catalog.pg_type.typnamespace 
WHERE pg_catalog.pg_type.typname = $1::VARCHAR AND pg_catalog.pg_type_is_visible(pg_catalog.pg_type.oid) AND pg_catalog.pg_namespace.nspname != $2::VARCHAR
2025-08-10 12:27:44,374 INFO sqlalchemy.engine.Engine [cached since 0.8235s ago] ('contractstatus', 'pg_catalog')
2025-08-10 12:27:44,374 - sqlalchemy.engine.Engine - INFO - [cached since 0.8235s ago] ('contractstatus', 'pg_catalog')
2025-08-10 12:27:44,412 INFO sqlalchemy.engine.Engine SELECT pg_catalog.pg_type.typname 
FROM pg_catalog.pg_type JOIN pg_catalog.pg_namespace ON pg_catalog.pg_namespace.oid = pg_catalog.pg_type.typnamespace 
WHERE pg_catalog.pg_type.typname = $1::VARCHAR AND pg_catalog.pg_type_is_visible(pg_catalog.pg_type.oid) AND pg_catalog.pg_namespace.nspname != $2::VARCHAR
2025-08-10 12:27:44,412 - sqlalchemy.engine.Engine - INFO - SELECT pg_catalog.pg_type.typname 
FROM pg_catalog.pg_type JOIN pg_catalog.pg_namespace ON pg_catalog.pg_namespace.oid = pg_catalog.pg_type.typnamespace 
WHERE pg_catalog.pg_type.typname = $1::VARCHAR AND pg_catalog.pg_type_is_visible(pg_catalog.pg_type.oid) AND pg_catalog.pg_namespace.nspname != $2::VARCHAR
2025-08-10 12:27:44,412 INFO sqlalchemy.engine.Engine [cached since 0.8616s ago] ('renewaltype', 'pg_catalog')
2025-08-10 12:27:44,412 - sqlalchemy.engine.Engine - INFO - [cached since 0.8616s ago] ('renewaltype', 'pg_catalog')
2025-08-10 12:27:44,446 INFO sqlalchemy.engine.Engine SELECT pg_catalog.pg_type.typname 
FROM pg_catalog.pg_type JOIN pg_catalog.pg_namespace ON pg_catalog.pg_namespace.oid = pg_catalog.pg_type.typnamespace 
WHERE pg_catalog.pg_type.typname = $1::VARCHAR AND pg_catalog.pg_type_is_visible(pg_catalog.pg_type.oid) AND pg_catalog.pg_namespace.nspname != $2::VARCHAR
2025-08-10 12:27:44,446 - sqlalchemy.engine.Engine - INFO - SELECT pg_catalog.pg_type.typname 
FROM pg_catalog.pg_type JOIN pg_catalog.pg_namespace ON pg_catalog.pg_namespace.oid = pg_catalog.pg_type.typnamespace 
WHERE pg_catalog.pg_type.typname = $1::VARCHAR AND pg_catalog.pg_type_is_visible(pg_catalog.pg_type.oid) AND pg_catalog.pg_namespace.nspname != $2::VARCHAR
2025-08-10 12:27:44,446 INFO sqlalchemy.engine.Engine [cached since 0.8961s ago] ('billingcycle', 'pg_catalog')
2025-08-10 12:27:44,446 - sqlalchemy.engine.Engine - INFO - [cached since 0.8961s ago] ('billingcycle', 'pg_catalog')
2025-08-10 12:27:44,482 INFO sqlalchemy.engine.Engine SELECT pg_catalog.pg_type.typname 
FROM pg_catalog.pg_type JOIN pg_catalog.pg_namespace ON pg_catalog.pg_namespace.oid = pg_catalog.pg_type.typnamespace 
WHERE pg_catalog.pg_type.typname = $1::VARCHAR AND pg_catalog.pg_type_is_visible(pg_catalog.pg_type.oid) AND pg_catalog.pg_namespace.nspname != $2::VARCHAR
2025-08-10 12:27:44,482 - sqlalchemy.engine.Engine - INFO - SELECT pg_catalog.pg_type.typname 
FROM pg_catalog.pg_type JOIN pg_catalog.pg_namespace ON pg_catalog.pg_namespace.oid = pg_catalog.pg_type.typnamespace 
WHERE pg_catalog.pg_type.typname = $1::VARCHAR AND pg_catalog.pg_type_is_visible(pg_catalog.pg_type.oid) AND pg_catalog.pg_namespace.nspname != $2::VARCHAR
2025-08-10 12:27:44,482 INFO sqlalchemy.engine.Engine [cached since 0.9321s ago] ('invoicestatus', 'pg_catalog')
2025-08-10 12:27:44,482 - sqlalchemy.engine.Engine - INFO - [cached since 0.9321s ago] ('invoicestatus', 'pg_catalog')
2025-08-10 12:27:44,522 INFO sqlalchemy.engine.Engine COMMIT
2025-08-10 12:27:44,522 - sqlalchemy.engine.Engine - INFO - COMMIT
2025-08-10 12:27:44,558 - src.main - INFO - Database tables created successfully
INFO:     Application startup complete.
2025-08-10 12:27:50,061 - src.middleware.auth - INFO - Request started
2025-08-10 12:27:50,062 - src.middleware.auth - INFO - Request completed
INFO:     127.0.0.1:49696 - "POST /api/v1/auth/login HTTP/1.1" 404 Not Found
WARNING:  WatchFiles detected changes in 'src/api/v1/endpoints/auth_working.py'. Reloading...
INFO:     Shutting down
INFO:     Waiting for application shutdown.
2025-08-10 12:28:03,656 - src.main - INFO - Shutting down Green PM API...
INFO:     Application shutdown complete.
INFO:     Finished server process [3432]
INFO:     Started server process [3513]
INFO:     Waiting for application startup.
2025-08-10 12:28:04,442 - src.main - INFO - Starting Green PM API...
2025-08-10 12:28:05,093 INFO sqlalchemy.engine.Engine select pg_catalog.version()
2025-08-10 12:28:05,093 - sqlalchemy.engine.Engine - INFO - select pg_catalog.version()
2025-08-10 12:28:05,094 INFO sqlalchemy.engine.Engine [raw sql] ()
2025-08-10 12:28:05,094 - sqlalchemy.engine.Engine - INFO - [raw sql] ()
2025-08-10 12:28:05,240 INFO sqlalchemy.engine.Engine select current_schema()
2025-08-10 12:28:05,240 - sqlalchemy.engine.Engine - INFO - select current_schema()
2025-08-10 12:28:05,240 INFO sqlalchemy.engine.Engine [raw sql] ()
2025-08-10 12:28:05,240 - sqlalchemy.engine.Engine - INFO - [raw sql] ()
2025-08-10 12:28:05,463 INFO sqlalchemy.engine.Engine show standard_conforming_strings
2025-08-10 12:28:05,463 - sqlalchemy.engine.Engine - INFO - show standard_conforming_strings
2025-08-10 12:28:05,463 INFO sqlalchemy.engine.Engine [raw sql] ()
2025-08-10 12:28:05,463 - sqlalchemy.engine.Engine - INFO - [raw sql] ()
2025-08-10 12:28:05,572 INFO sqlalchemy.engine.Engine BEGIN (implicit)
2025-08-10 12:28:05,572 - sqlalchemy.engine.Engine - INFO - BEGIN (implicit)
2025-08-10 12:28:05,576 INFO sqlalchemy.engine.Engine SELECT pg_catalog.pg_class.relname 
FROM pg_catalog.pg_class JOIN pg_catalog.pg_namespace ON pg_catalog.pg_namespace.oid = pg_catalog.pg_class.relnamespace 
WHERE pg_catalog.pg_class.relname = $1::VARCHAR AND pg_catalog.pg_class.relkind = ANY (ARRAY[$2::VARCHAR, $3::VARCHAR, $4::VARCHAR, $5::VARCHAR, $6::VARCHAR]) AND pg_catalog.pg_table_is_visible(pg_catalog.pg_class.oid) AND pg_catalog.pg_namespace.nspname != $7::VARCHAR
2025-08-10 12:28:05,576 - sqlalchemy.engine.Engine - INFO - SELECT pg_catalog.pg_class.relname 
FROM pg_catalog.pg_class JOIN pg_catalog.pg_namespace ON pg_catalog.pg_namespace.oid = pg_catalog.pg_class.relnamespace 
WHERE pg_catalog.pg_class.relname = $1::VARCHAR AND pg_catalog.pg_class.relkind = ANY (ARRAY[$2::VARCHAR, $3::VARCHAR, $4::VARCHAR, $5::VARCHAR, $6::VARCHAR]) AND pg_catalog.pg_table_is_visible(pg_catalog.pg_class.oid) AND pg_catalog.pg_namespace.nspname != $7::VARCHAR
2025-08-10 12:28:05,576 INFO sqlalchemy.engine.Engine [generated in 0.00020s] ('users', 'r', 'p', 'f', 'v', 'm', 'pg_catalog')
2025-08-10 12:28:05,576 - sqlalchemy.engine.Engine - INFO - [generated in 0.00020s] ('users', 'r', 'p', 'f', 'v', 'm', 'pg_catalog')
2025-08-10 12:28:05,684 INFO sqlalchemy.engine.Engine SELECT pg_catalog.pg_class.relname 
FROM pg_catalog.pg_class JOIN pg_catalog.pg_namespace ON pg_catalog.pg_namespace.oid = pg_catalog.pg_class.relnamespace 
WHERE pg_catalog.pg_class.relname = $1::VARCHAR AND pg_catalog.pg_class.relkind = ANY (ARRAY[$2::VARCHAR, $3::VARCHAR, $4::VARCHAR, $5::VARCHAR, $6::VARCHAR]) AND pg_catalog.pg_table_is_visible(pg_catalog.pg_class.oid) AND pg_catalog.pg_namespace.nspname != $7::VARCHAR
2025-08-10 12:28:05,684 - sqlalchemy.engine.Engine - INFO - SELECT pg_catalog.pg_class.relname 
FROM pg_catalog.pg_class JOIN pg_catalog.pg_namespace ON pg_catalog.pg_namespace.oid = pg_catalog.pg_class.relnamespace 
WHERE pg_catalog.pg_class.relname = $1::VARCHAR AND pg_catalog.pg_class.relkind = ANY (ARRAY[$2::VARCHAR, $3::VARCHAR, $4::VARCHAR, $5::VARCHAR, $6::VARCHAR]) AND pg_catalog.pg_table_is_visible(pg_catalog.pg_class.oid) AND pg_catalog.pg_namespace.nspname != $7::VARCHAR
2025-08-10 12:28:05,685 INFO sqlalchemy.engine.Engine [cached since 0.1089s ago] ('properties', 'r', 'p', 'f', 'v', 'm', 'pg_catalog')
2025-08-10 12:28:05,685 - sqlalchemy.engine.Engine - INFO - [cached since 0.1089s ago] ('properties', 'r', 'p', 'f', 'v', 'm', 'pg_catalog')
2025-08-10 12:28:05,720 INFO sqlalchemy.engine.Engine SELECT pg_catalog.pg_class.relname 
FROM pg_catalog.pg_class JOIN pg_catalog.pg_namespace ON pg_catalog.pg_namespace.oid = pg_catalog.pg_class.relnamespace 
WHERE pg_catalog.pg_class.relname = $1::VARCHAR AND pg_catalog.pg_class.relkind = ANY (ARRAY[$2::VARCHAR, $3::VARCHAR, $4::VARCHAR, $5::VARCHAR, $6::VARCHAR]) AND pg_catalog.pg_table_is_visible(pg_catalog.pg_class.oid) AND pg_catalog.pg_namespace.nspname != $7::VARCHAR
2025-08-10 12:28:05,720 - sqlalchemy.engine.Engine - INFO - SELECT pg_catalog.pg_class.relname 
FROM pg_catalog.pg_class JOIN pg_catalog.pg_namespace ON pg_catalog.pg_namespace.oid = pg_catalog.pg_class.relnamespace 
WHERE pg_catalog.pg_class.relname = $1::VARCHAR AND pg_catalog.pg_class.relkind = ANY (ARRAY[$2::VARCHAR, $3::VARCHAR, $4::VARCHAR, $5::VARCHAR, $6::VARCHAR]) AND pg_catalog.pg_table_is_visible(pg_catalog.pg_class.oid) AND pg_catalog.pg_namespace.nspname != $7::VARCHAR
2025-08-10 12:28:05,720 INFO sqlalchemy.engine.Engine [cached since 0.144s ago] ('property_images', 'r', 'p', 'f', 'v', 'm', 'pg_catalog')
2025-08-10 12:28:05,720 - sqlalchemy.engine.Engine - INFO - [cached since 0.144s ago] ('property_images', 'r', 'p', 'f', 'v', 'm', 'pg_catalog')
2025-08-10 12:28:05,757 INFO sqlalchemy.engine.Engine SELECT pg_catalog.pg_class.relname 
FROM pg_catalog.pg_class JOIN pg_catalog.pg_namespace ON pg_catalog.pg_namespace.oid = pg_catalog.pg_class.relnamespace 
WHERE pg_catalog.pg_class.relname = $1::VARCHAR AND pg_catalog.pg_class.relkind = ANY (ARRAY[$2::VARCHAR, $3::VARCHAR, $4::VARCHAR, $5::VARCHAR, $6::VARCHAR]) AND pg_catalog.pg_table_is_visible(pg_catalog.pg_class.oid) AND pg_catalog.pg_namespace.nspname != $7::VARCHAR
2025-08-10 12:28:05,757 - sqlalchemy.engine.Engine - INFO - SELECT pg_catalog.pg_class.relname 
FROM pg_catalog.pg_class JOIN pg_catalog.pg_namespace ON pg_catalog.pg_namespace.oid = pg_catalog.pg_class.relnamespace 
WHERE pg_catalog.pg_class.relname = $1::VARCHAR AND pg_catalog.pg_class.relkind = ANY (ARRAY[$2::VARCHAR, $3::VARCHAR, $4::VARCHAR, $5::VARCHAR, $6::VARCHAR]) AND pg_catalog.pg_table_is_visible(pg_catalog.pg_class.oid) AND pg_catalog.pg_namespace.nspname != $7::VARCHAR
2025-08-10 12:28:05,757 INFO sqlalchemy.engine.Engine [cached since 0.1815s ago] ('property_amenities', 'r', 'p', 'f', 'v', 'm', 'pg_catalog')
2025-08-10 12:28:05,757 - sqlalchemy.engine.Engine - INFO - [cached since 0.1815s ago] ('property_amenities', 'r', 'p', 'f', 'v', 'm', 'pg_catalog')
2025-08-10 12:28:05,791 INFO sqlalchemy.engine.Engine SELECT pg_catalog.pg_class.relname 
FROM pg_catalog.pg_class JOIN pg_catalog.pg_namespace ON pg_catalog.pg_namespace.oid = pg_catalog.pg_class.relnamespace 
WHERE pg_catalog.pg_class.relname = $1::VARCHAR AND pg_catalog.pg_class.relkind = ANY (ARRAY[$2::VARCHAR, $3::VARCHAR, $4::VARCHAR, $5::VARCHAR, $6::VARCHAR]) AND pg_catalog.pg_table_is_visible(pg_catalog.pg_class.oid) AND pg_catalog.pg_namespace.nspname != $7::VARCHAR
2025-08-10 12:28:05,791 - sqlalchemy.engine.Engine - INFO - SELECT pg_catalog.pg_class.relname 
FROM pg_catalog.pg_class JOIN pg_catalog.pg_namespace ON pg_catalog.pg_namespace.oid = pg_catalog.pg_class.relnamespace 
WHERE pg_catalog.pg_class.relname = $1::VARCHAR AND pg_catalog.pg_class.relkind = ANY (ARRAY[$2::VARCHAR, $3::VARCHAR, $4::VARCHAR, $5::VARCHAR, $6::VARCHAR]) AND pg_catalog.pg_table_is_visible(pg_catalog.pg_class.oid) AND pg_catalog.pg_namespace.nspname != $7::VARCHAR
2025-08-10 12:28:05,792 INFO sqlalchemy.engine.Engine [cached since 0.2165s ago] ('leases', 'r', 'p', 'f', 'v', 'm', 'pg_catalog')
2025-08-10 12:28:05,792 - sqlalchemy.engine.Engine - INFO - [cached since 0.2165s ago] ('leases', 'r', 'p', 'f', 'v', 'm', 'pg_catalog')
2025-08-10 12:28:05,828 INFO sqlalchemy.engine.Engine SELECT pg_catalog.pg_class.relname 
FROM pg_catalog.pg_class JOIN pg_catalog.pg_namespace ON pg_catalog.pg_namespace.oid = pg_catalog.pg_class.relnamespace 
WHERE pg_catalog.pg_class.relname = $1::VARCHAR AND pg_catalog.pg_class.relkind = ANY (ARRAY[$2::VARCHAR, $3::VARCHAR, $4::VARCHAR, $5::VARCHAR, $6::VARCHAR]) AND pg_catalog.pg_table_is_visible(pg_catalog.pg_class.oid) AND pg_catalog.pg_namespace.nspname != $7::VARCHAR
2025-08-10 12:28:05,828 - sqlalchemy.engine.Engine - INFO - SELECT pg_catalog.pg_class.relname 
FROM pg_catalog.pg_class JOIN pg_catalog.pg_namespace ON pg_catalog.pg_namespace.oid = pg_catalog.pg_class.relnamespace 
WHERE pg_catalog.pg_class.relname = $1::VARCHAR AND pg_catalog.pg_class.relkind = ANY (ARRAY[$2::VARCHAR, $3::VARCHAR, $4::VARCHAR, $5::VARCHAR, $6::VARCHAR]) AND pg_catalog.pg_table_is_visible(pg_catalog.pg_class.oid) AND pg_catalog.pg_namespace.nspname != $7::VARCHAR
2025-08-10 12:28:05,828 INFO sqlalchemy.engine.Engine [cached since 0.2523s ago] ('lease_documents', 'r', 'p', 'f', 'v', 'm', 'pg_catalog')
2025-08-10 12:28:05,828 - sqlalchemy.engine.Engine - INFO - [cached since 0.2523s ago] ('lease_documents', 'r', 'p', 'f', 'v', 'm', 'pg_catalog')
2025-08-10 12:28:05,865 INFO sqlalchemy.engine.Engine SELECT pg_catalog.pg_class.relname 
FROM pg_catalog.pg_class JOIN pg_catalog.pg_namespace ON pg_catalog.pg_namespace.oid = pg_catalog.pg_class.relnamespace 
WHERE pg_catalog.pg_class.relname = $1::VARCHAR AND pg_catalog.pg_class.relkind = ANY (ARRAY[$2::VARCHAR, $3::VARCHAR, $4::VARCHAR, $5::VARCHAR, $6::VARCHAR]) AND pg_catalog.pg_table_is_visible(pg_catalog.pg_class.oid) AND pg_catalog.pg_namespace.nspname != $7::VARCHAR
2025-08-10 12:28:05,865 - sqlalchemy.engine.Engine - INFO - SELECT pg_catalog.pg_class.relname 
FROM pg_catalog.pg_class JOIN pg_catalog.pg_namespace ON pg_catalog.pg_namespace.oid = pg_catalog.pg_class.relnamespace 
WHERE pg_catalog.pg_class.relname = $1::VARCHAR AND pg_catalog.pg_class.relkind = ANY (ARRAY[$2::VARCHAR, $3::VARCHAR, $4::VARCHAR, $5::VARCHAR, $6::VARCHAR]) AND pg_catalog.pg_table_is_visible(pg_catalog.pg_class.oid) AND pg_catalog.pg_namespace.nspname != $7::VARCHAR
2025-08-10 12:28:05,865 INFO sqlalchemy.engine.Engine [cached since 0.2896s ago] ('payments', 'r', 'p', 'f', 'v', 'm', 'pg_catalog')
2025-08-10 12:28:05,865 - sqlalchemy.engine.Engine - INFO - [cached since 0.2896s ago] ('payments', 'r', 'p', 'f', 'v', 'm', 'pg_catalog')
2025-08-10 12:28:05,899 INFO sqlalchemy.engine.Engine SELECT pg_catalog.pg_class.relname 
FROM pg_catalog.pg_class JOIN pg_catalog.pg_namespace ON pg_catalog.pg_namespace.oid = pg_catalog.pg_class.relnamespace 
WHERE pg_catalog.pg_class.relname = $1::VARCHAR AND pg_catalog.pg_class.relkind = ANY (ARRAY[$2::VARCHAR, $3::VARCHAR, $4::VARCHAR, $5::VARCHAR, $6::VARCHAR]) AND pg_catalog.pg_table_is_visible(pg_catalog.pg_class.oid) AND pg_catalog.pg_namespace.nspname != $7::VARCHAR
2025-08-10 12:28:05,899 - sqlalchemy.engine.Engine - INFO - SELECT pg_catalog.pg_class.relname 
FROM pg_catalog.pg_class JOIN pg_catalog.pg_namespace ON pg_catalog.pg_namespace.oid = pg_catalog.pg_class.relnamespace 
WHERE pg_catalog.pg_class.relname = $1::VARCHAR AND pg_catalog.pg_class.relkind = ANY (ARRAY[$2::VARCHAR, $3::VARCHAR, $4::VARCHAR, $5::VARCHAR, $6::VARCHAR]) AND pg_catalog.pg_table_is_visible(pg_catalog.pg_class.oid) AND pg_catalog.pg_namespace.nspname != $7::VARCHAR
2025-08-10 12:28:05,899 INFO sqlalchemy.engine.Engine [cached since 0.3237s ago] ('payment_methods', 'r', 'p', 'f', 'v', 'm', 'pg_catalog')
2025-08-10 12:28:05,899 - sqlalchemy.engine.Engine - INFO - [cached since 0.3237s ago] ('payment_methods', 'r', 'p', 'f', 'v', 'm', 'pg_catalog')
2025-08-10 12:28:05,987 INFO sqlalchemy.engine.Engine SELECT pg_catalog.pg_class.relname 
FROM pg_catalog.pg_class JOIN pg_catalog.pg_namespace ON pg_catalog.pg_namespace.oid = pg_catalog.pg_class.relnamespace 
WHERE pg_catalog.pg_class.relname = $1::VARCHAR AND pg_catalog.pg_class.relkind = ANY (ARRAY[$2::VARCHAR, $3::VARCHAR, $4::VARCHAR, $5::VARCHAR, $6::VARCHAR]) AND pg_catalog.pg_table_is_visible(pg_catalog.pg_class.oid) AND pg_catalog.pg_namespace.nspname != $7::VARCHAR
2025-08-10 12:28:05,987 - sqlalchemy.engine.Engine - INFO - SELECT pg_catalog.pg_class.relname 
FROM pg_catalog.pg_class JOIN pg_catalog.pg_namespace ON pg_catalog.pg_namespace.oid = pg_catalog.pg_class.relnamespace 
WHERE pg_catalog.pg_class.relname = $1::VARCHAR AND pg_catalog.pg_class.relkind = ANY (ARRAY[$2::VARCHAR, $3::VARCHAR, $4::VARCHAR, $5::VARCHAR, $6::VARCHAR]) AND pg_catalog.pg_table_is_visible(pg_catalog.pg_class.oid) AND pg_catalog.pg_namespace.nspname != $7::VARCHAR
2025-08-10 12:28:05,987 INFO sqlalchemy.engine.Engine [cached since 0.4114s ago] ('maintenance_requests', 'r', 'p', 'f', 'v', 'm', 'pg_catalog')
2025-08-10 12:28:05,987 - sqlalchemy.engine.Engine - INFO - [cached since 0.4114s ago] ('maintenance_requests', 'r', 'p', 'f', 'v', 'm', 'pg_catalog')
2025-08-10 12:28:06,023 INFO sqlalchemy.engine.Engine SELECT pg_catalog.pg_class.relname 
FROM pg_catalog.pg_class JOIN pg_catalog.pg_namespace ON pg_catalog.pg_namespace.oid = pg_catalog.pg_class.relnamespace 
WHERE pg_catalog.pg_class.relname = $1::VARCHAR AND pg_catalog.pg_class.relkind = ANY (ARRAY[$2::VARCHAR, $3::VARCHAR, $4::VARCHAR, $5::VARCHAR, $6::VARCHAR]) AND pg_catalog.pg_table_is_visible(pg_catalog.pg_class.oid) AND pg_catalog.pg_namespace.nspname != $7::VARCHAR
2025-08-10 12:28:06,023 - sqlalchemy.engine.Engine - INFO - SELECT pg_catalog.pg_class.relname 
FROM pg_catalog.pg_class JOIN pg_catalog.pg_namespace ON pg_catalog.pg_namespace.oid = pg_catalog.pg_class.relnamespace 
WHERE pg_catalog.pg_class.relname = $1::VARCHAR AND pg_catalog.pg_class.relkind = ANY (ARRAY[$2::VARCHAR, $3::VARCHAR, $4::VARCHAR, $5::VARCHAR, $6::VARCHAR]) AND pg_catalog.pg_table_is_visible(pg_catalog.pg_class.oid) AND pg_catalog.pg_namespace.nspname != $7::VARCHAR
2025-08-10 12:28:06,023 INFO sqlalchemy.engine.Engine [cached since 0.4476s ago] ('maintenance_images', 'r', 'p', 'f', 'v', 'm', 'pg_catalog')
2025-08-10 12:28:06,023 - sqlalchemy.engine.Engine - INFO - [cached since 0.4476s ago] ('maintenance_images', 'r', 'p', 'f', 'v', 'm', 'pg_catalog')
2025-08-10 12:28:06,059 INFO sqlalchemy.engine.Engine SELECT pg_catalog.pg_class.relname 
FROM pg_catalog.pg_class JOIN pg_catalog.pg_namespace ON pg_catalog.pg_namespace.oid = pg_catalog.pg_class.relnamespace 
WHERE pg_catalog.pg_class.relname = $1::VARCHAR AND pg_catalog.pg_class.relkind = ANY (ARRAY[$2::VARCHAR, $3::VARCHAR, $4::VARCHAR, $5::VARCHAR, $6::VARCHAR]) AND pg_catalog.pg_table_is_visible(pg_catalog.pg_class.oid) AND pg_catalog.pg_namespace.nspname != $7::VARCHAR
2025-08-10 12:28:06,059 - sqlalchemy.engine.Engine - INFO - SELECT pg_catalog.pg_class.relname 
FROM pg_catalog.pg_class JOIN pg_catalog.pg_namespace ON pg_catalog.pg_namespace.oid = pg_catalog.pg_class.relnamespace 
WHERE pg_catalog.pg_class.relname = $1::VARCHAR AND pg_catalog.pg_class.relkind = ANY (ARRAY[$2::VARCHAR, $3::VARCHAR, $4::VARCHAR, $5::VARCHAR, $6::VARCHAR]) AND pg_catalog.pg_table_is_visible(pg_catalog.pg_class.oid) AND pg_catalog.pg_namespace.nspname != $7::VARCHAR
2025-08-10 12:28:06,059 INFO sqlalchemy.engine.Engine [cached since 0.4838s ago] ('message_threads', 'r', 'p', 'f', 'v', 'm', 'pg_catalog')
2025-08-10 12:28:06,059 - sqlalchemy.engine.Engine - INFO - [cached since 0.4838s ago] ('message_threads', 'r', 'p', 'f', 'v', 'm', 'pg_catalog')
2025-08-10 12:28:06,097 INFO sqlalchemy.engine.Engine SELECT pg_catalog.pg_class.relname 
FROM pg_catalog.pg_class JOIN pg_catalog.pg_namespace ON pg_catalog.pg_namespace.oid = pg_catalog.pg_class.relnamespace 
WHERE pg_catalog.pg_class.relname = $1::VARCHAR AND pg_catalog.pg_class.relkind = ANY (ARRAY[$2::VARCHAR, $3::VARCHAR, $4::VARCHAR, $5::VARCHAR, $6::VARCHAR]) AND pg_catalog.pg_table_is_visible(pg_catalog.pg_class.oid) AND pg_catalog.pg_namespace.nspname != $7::VARCHAR
2025-08-10 12:28:06,097 - sqlalchemy.engine.Engine - INFO - SELECT pg_catalog.pg_class.relname 
FROM pg_catalog.pg_class JOIN pg_catalog.pg_namespace ON pg_catalog.pg_namespace.oid = pg_catalog.pg_class.relnamespace 
WHERE pg_catalog.pg_class.relname = $1::VARCHAR AND pg_catalog.pg_class.relkind = ANY (ARRAY[$2::VARCHAR, $3::VARCHAR, $4::VARCHAR, $5::VARCHAR, $6::VARCHAR]) AND pg_catalog.pg_table_is_visible(pg_catalog.pg_class.oid) AND pg_catalog.pg_namespace.nspname != $7::VARCHAR
2025-08-10 12:28:06,097 INFO sqlalchemy.engine.Engine [cached since 0.5215s ago] ('messages', 'r', 'p', 'f', 'v', 'm', 'pg_catalog')
2025-08-10 12:28:06,097 - sqlalchemy.engine.Engine - INFO - [cached since 0.5215s ago] ('messages', 'r', 'p', 'f', 'v', 'm', 'pg_catalog')
2025-08-10 12:28:06,131 INFO sqlalchemy.engine.Engine SELECT pg_catalog.pg_class.relname 
FROM pg_catalog.pg_class JOIN pg_catalog.pg_namespace ON pg_catalog.pg_namespace.oid = pg_catalog.pg_class.relnamespace 
WHERE pg_catalog.pg_class.relname = $1::VARCHAR AND pg_catalog.pg_class.relkind = ANY (ARRAY[$2::VARCHAR, $3::VARCHAR, $4::VARCHAR, $5::VARCHAR, $6::VARCHAR]) AND pg_catalog.pg_table_is_visible(pg_catalog.pg_class.oid) AND pg_catalog.pg_namespace.nspname != $7::VARCHAR
2025-08-10 12:28:06,131 - sqlalchemy.engine.Engine - INFO - SELECT pg_catalog.pg_class.relname 
FROM pg_catalog.pg_class JOIN pg_catalog.pg_namespace ON pg_catalog.pg_namespace.oid = pg_catalog.pg_class.relnamespace 
WHERE pg_catalog.pg_class.relname = $1::VARCHAR AND pg_catalog.pg_class.relkind = ANY (ARRAY[$2::VARCHAR, $3::VARCHAR, $4::VARCHAR, $5::VARCHAR, $6::VARCHAR]) AND pg_catalog.pg_table_is_visible(pg_catalog.pg_class.oid) AND pg_catalog.pg_namespace.nspname != $7::VARCHAR
2025-08-10 12:28:06,131 INFO sqlalchemy.engine.Engine [cached since 0.5557s ago] ('applications', 'r', 'p', 'f', 'v', 'm', 'pg_catalog')
2025-08-10 12:28:06,131 - sqlalchemy.engine.Engine - INFO - [cached since 0.5557s ago] ('applications', 'r', 'p', 'f', 'v', 'm', 'pg_catalog')
2025-08-10 12:28:06,167 INFO sqlalchemy.engine.Engine SELECT pg_catalog.pg_class.relname 
FROM pg_catalog.pg_class JOIN pg_catalog.pg_namespace ON pg_catalog.pg_namespace.oid = pg_catalog.pg_class.relnamespace 
WHERE pg_catalog.pg_class.relname = $1::VARCHAR AND pg_catalog.pg_class.relkind = ANY (ARRAY[$2::VARCHAR, $3::VARCHAR, $4::VARCHAR, $5::VARCHAR, $6::VARCHAR]) AND pg_catalog.pg_table_is_visible(pg_catalog.pg_class.oid) AND pg_catalog.pg_namespace.nspname != $7::VARCHAR
2025-08-10 12:28:06,167 - sqlalchemy.engine.Engine - INFO - SELECT pg_catalog.pg_class.relname 
FROM pg_catalog.pg_class JOIN pg_catalog.pg_namespace ON pg_catalog.pg_namespace.oid = pg_catalog.pg_class.relnamespace 
WHERE pg_catalog.pg_class.relname = $1::VARCHAR AND pg_catalog.pg_class.relkind = ANY (ARRAY[$2::VARCHAR, $3::VARCHAR, $4::VARCHAR, $5::VARCHAR, $6::VARCHAR]) AND pg_catalog.pg_table_is_visible(pg_catalog.pg_class.oid) AND pg_catalog.pg_namespace.nspname != $7::VARCHAR
2025-08-10 12:28:06,167 INFO sqlalchemy.engine.Engine [cached since 0.5916s ago] ('application_documents', 'r', 'p', 'f', 'v', 'm', 'pg_catalog')
2025-08-10 12:28:06,167 - sqlalchemy.engine.Engine - INFO - [cached since 0.5916s ago] ('application_documents', 'r', 'p', 'f', 'v', 'm', 'pg_catalog')
2025-08-10 12:28:06,205 INFO sqlalchemy.engine.Engine SELECT pg_catalog.pg_class.relname 
FROM pg_catalog.pg_class JOIN pg_catalog.pg_namespace ON pg_catalog.pg_namespace.oid = pg_catalog.pg_class.relnamespace 
WHERE pg_catalog.pg_class.relname = $1::VARCHAR AND pg_catalog.pg_class.relkind = ANY (ARRAY[$2::VARCHAR, $3::VARCHAR, $4::VARCHAR, $5::VARCHAR, $6::VARCHAR]) AND pg_catalog.pg_table_is_visible(pg_catalog.pg_class.oid) AND pg_catalog.pg_namespace.nspname != $7::VARCHAR
2025-08-10 12:28:06,205 - sqlalchemy.engine.Engine - INFO - SELECT pg_catalog.pg_class.relname 
FROM pg_catalog.pg_class JOIN pg_catalog.pg_namespace ON pg_catalog.pg_namespace.oid = pg_catalog.pg_class.relnamespace 
WHERE pg_catalog.pg_class.relname = $1::VARCHAR AND pg_catalog.pg_class.relkind = ANY (ARRAY[$2::VARCHAR, $3::VARCHAR, $4::VARCHAR, $5::VARCHAR, $6::VARCHAR]) AND pg_catalog.pg_table_is_visible(pg_catalog.pg_class.oid) AND pg_catalog.pg_namespace.nspname != $7::VARCHAR
2025-08-10 12:28:06,205 INFO sqlalchemy.engine.Engine [cached since 0.6295s ago] ('audit_logs', 'r', 'p', 'f', 'v', 'm', 'pg_catalog')
2025-08-10 12:28:06,205 - sqlalchemy.engine.Engine - INFO - [cached since 0.6295s ago] ('audit_logs', 'r', 'p', 'f', 'v', 'm', 'pg_catalog')
2025-08-10 12:28:06,239 INFO sqlalchemy.engine.Engine SELECT pg_catalog.pg_class.relname 
FROM pg_catalog.pg_class JOIN pg_catalog.pg_namespace ON pg_catalog.pg_namespace.oid = pg_catalog.pg_class.relnamespace 
WHERE pg_catalog.pg_class.relname = $1::VARCHAR AND pg_catalog.pg_class.relkind = ANY (ARRAY[$2::VARCHAR, $3::VARCHAR, $4::VARCHAR, $5::VARCHAR, $6::VARCHAR]) AND pg_catalog.pg_table_is_visible(pg_catalog.pg_class.oid) AND pg_catalog.pg_namespace.nspname != $7::VARCHAR
2025-08-10 12:28:06,239 - sqlalchemy.engine.Engine - INFO - SELECT pg_catalog.pg_class.relname 
FROM pg_catalog.pg_class JOIN pg_catalog.pg_namespace ON pg_catalog.pg_namespace.oid = pg_catalog.pg_class.relnamespace 
WHERE pg_catalog.pg_class.relname = $1::VARCHAR AND pg_catalog.pg_class.relkind = ANY (ARRAY[$2::VARCHAR, $3::VARCHAR, $4::VARCHAR, $5::VARCHAR, $6::VARCHAR]) AND pg_catalog.pg_table_is_visible(pg_catalog.pg_class.oid) AND pg_catalog.pg_namespace.nspname != $7::VARCHAR
2025-08-10 12:28:06,239 INFO sqlalchemy.engine.Engine [cached since 0.6636s ago] ('companies', 'r', 'p', 'f', 'v', 'm', 'pg_catalog')
2025-08-10 12:28:06,239 - sqlalchemy.engine.Engine - INFO - [cached since 0.6636s ago] ('companies', 'r', 'p', 'f', 'v', 'm', 'pg_catalog')
2025-08-10 12:28:06,278 INFO sqlalchemy.engine.Engine SELECT pg_catalog.pg_class.relname 
FROM pg_catalog.pg_class JOIN pg_catalog.pg_namespace ON pg_catalog.pg_namespace.oid = pg_catalog.pg_class.relnamespace 
WHERE pg_catalog.pg_class.relname = $1::VARCHAR AND pg_catalog.pg_class.relkind = ANY (ARRAY[$2::VARCHAR, $3::VARCHAR, $4::VARCHAR, $5::VARCHAR, $6::VARCHAR]) AND pg_catalog.pg_table_is_visible(pg_catalog.pg_class.oid) AND pg_catalog.pg_namespace.nspname != $7::VARCHAR
2025-08-10 12:28:06,278 - sqlalchemy.engine.Engine - INFO - SELECT pg_catalog.pg_class.relname 
FROM pg_catalog.pg_class JOIN pg_catalog.pg_namespace ON pg_catalog.pg_namespace.oid = pg_catalog.pg_class.relnamespace 
WHERE pg_catalog.pg_class.relname = $1::VARCHAR AND pg_catalog.pg_class.relkind = ANY (ARRAY[$2::VARCHAR, $3::VARCHAR, $4::VARCHAR, $5::VARCHAR, $6::VARCHAR]) AND pg_catalog.pg_table_is_visible(pg_catalog.pg_class.oid) AND pg_catalog.pg_namespace.nspname != $7::VARCHAR
2025-08-10 12:28:06,278 INFO sqlalchemy.engine.Engine [cached since 0.7025s ago] ('plans', 'r', 'p', 'f', 'v', 'm', 'pg_catalog')
2025-08-10 12:28:06,278 - sqlalchemy.engine.Engine - INFO - [cached since 0.7025s ago] ('plans', 'r', 'p', 'f', 'v', 'm', 'pg_catalog')
2025-08-10 12:28:06,317 INFO sqlalchemy.engine.Engine SELECT pg_catalog.pg_class.relname 
FROM pg_catalog.pg_class JOIN pg_catalog.pg_namespace ON pg_catalog.pg_namespace.oid = pg_catalog.pg_class.relnamespace 
WHERE pg_catalog.pg_class.relname = $1::VARCHAR AND pg_catalog.pg_class.relkind = ANY (ARRAY[$2::VARCHAR, $3::VARCHAR, $4::VARCHAR, $5::VARCHAR, $6::VARCHAR]) AND pg_catalog.pg_table_is_visible(pg_catalog.pg_class.oid) AND pg_catalog.pg_namespace.nspname != $7::VARCHAR
2025-08-10 12:28:06,317 - sqlalchemy.engine.Engine - INFO - SELECT pg_catalog.pg_class.relname 
FROM pg_catalog.pg_class JOIN pg_catalog.pg_namespace ON pg_catalog.pg_namespace.oid = pg_catalog.pg_class.relnamespace 
WHERE pg_catalog.pg_class.relname = $1::VARCHAR AND pg_catalog.pg_class.relkind = ANY (ARRAY[$2::VARCHAR, $3::VARCHAR, $4::VARCHAR, $5::VARCHAR, $6::VARCHAR]) AND pg_catalog.pg_table_is_visible(pg_catalog.pg_class.oid) AND pg_catalog.pg_namespace.nspname != $7::VARCHAR
2025-08-10 12:28:06,317 INFO sqlalchemy.engine.Engine [cached since 0.7413s ago] ('plan_assignments', 'r', 'p', 'f', 'v', 'm', 'pg_catalog')
2025-08-10 12:28:06,317 - sqlalchemy.engine.Engine - INFO - [cached since 0.7413s ago] ('plan_assignments', 'r', 'p', 'f', 'v', 'm', 'pg_catalog')
2025-08-10 12:28:06,351 INFO sqlalchemy.engine.Engine SELECT pg_catalog.pg_class.relname 
FROM pg_catalog.pg_class JOIN pg_catalog.pg_namespace ON pg_catalog.pg_namespace.oid = pg_catalog.pg_class.relnamespace 
WHERE pg_catalog.pg_class.relname = $1::VARCHAR AND pg_catalog.pg_class.relkind = ANY (ARRAY[$2::VARCHAR, $3::VARCHAR, $4::VARCHAR, $5::VARCHAR, $6::VARCHAR]) AND pg_catalog.pg_table_is_visible(pg_catalog.pg_class.oid) AND pg_catalog.pg_namespace.nspname != $7::VARCHAR
2025-08-10 12:28:06,351 - sqlalchemy.engine.Engine - INFO - SELECT pg_catalog.pg_class.relname 
FROM pg_catalog.pg_class JOIN pg_catalog.pg_namespace ON pg_catalog.pg_namespace.oid = pg_catalog.pg_class.relnamespace 
WHERE pg_catalog.pg_class.relname = $1::VARCHAR AND pg_catalog.pg_class.relkind = ANY (ARRAY[$2::VARCHAR, $3::VARCHAR, $4::VARCHAR, $5::VARCHAR, $6::VARCHAR]) AND pg_catalog.pg_table_is_visible(pg_catalog.pg_class.oid) AND pg_catalog.pg_namespace.nspname != $7::VARCHAR
2025-08-10 12:28:06,351 INFO sqlalchemy.engine.Engine [cached since 0.7756s ago] ('feature_flags', 'r', 'p', 'f', 'v', 'm', 'pg_catalog')
2025-08-10 12:28:06,351 - sqlalchemy.engine.Engine - INFO - [cached since 0.7756s ago] ('feature_flags', 'r', 'p', 'f', 'v', 'm', 'pg_catalog')
2025-08-10 12:28:06,387 INFO sqlalchemy.engine.Engine SELECT pg_catalog.pg_class.relname 
FROM pg_catalog.pg_class JOIN pg_catalog.pg_namespace ON pg_catalog.pg_namespace.oid = pg_catalog.pg_class.relnamespace 
WHERE pg_catalog.pg_class.relname = $1::VARCHAR AND pg_catalog.pg_class.relkind = ANY (ARRAY[$2::VARCHAR, $3::VARCHAR, $4::VARCHAR, $5::VARCHAR, $6::VARCHAR]) AND pg_catalog.pg_table_is_visible(pg_catalog.pg_class.oid) AND pg_catalog.pg_namespace.nspname != $7::VARCHAR
2025-08-10 12:28:06,387 - sqlalchemy.engine.Engine - INFO - SELECT pg_catalog.pg_class.relname 
FROM pg_catalog.pg_class JOIN pg_catalog.pg_namespace ON pg_catalog.pg_namespace.oid = pg_catalog.pg_class.relnamespace 
WHERE pg_catalog.pg_class.relname = $1::VARCHAR AND pg_catalog.pg_class.relkind = ANY (ARRAY[$2::VARCHAR, $3::VARCHAR, $4::VARCHAR, $5::VARCHAR, $6::VARCHAR]) AND pg_catalog.pg_table_is_visible(pg_catalog.pg_class.oid) AND pg_catalog.pg_namespace.nspname != $7::VARCHAR
2025-08-10 12:28:06,387 INFO sqlalchemy.engine.Engine [cached since 0.8117s ago] ('plan_features', 'r', 'p', 'f', 'v', 'm', 'pg_catalog')
2025-08-10 12:28:06,387 - sqlalchemy.engine.Engine - INFO - [cached since 0.8117s ago] ('plan_features', 'r', 'p', 'f', 'v', 'm', 'pg_catalog')
2025-08-10 12:28:06,425 INFO sqlalchemy.engine.Engine SELECT pg_catalog.pg_class.relname 
FROM pg_catalog.pg_class JOIN pg_catalog.pg_namespace ON pg_catalog.pg_namespace.oid = pg_catalog.pg_class.relnamespace 
WHERE pg_catalog.pg_class.relname = $1::VARCHAR AND pg_catalog.pg_class.relkind = ANY (ARRAY[$2::VARCHAR, $3::VARCHAR, $4::VARCHAR, $5::VARCHAR, $6::VARCHAR]) AND pg_catalog.pg_table_is_visible(pg_catalog.pg_class.oid) AND pg_catalog.pg_namespace.nspname != $7::VARCHAR
2025-08-10 12:28:06,425 - sqlalchemy.engine.Engine - INFO - SELECT pg_catalog.pg_class.relname 
FROM pg_catalog.pg_class JOIN pg_catalog.pg_namespace ON pg_catalog.pg_namespace.oid = pg_catalog.pg_class.relnamespace 
WHERE pg_catalog.pg_class.relname = $1::VARCHAR AND pg_catalog.pg_class.relkind = ANY (ARRAY[$2::VARCHAR, $3::VARCHAR, $4::VARCHAR, $5::VARCHAR, $6::VARCHAR]) AND pg_catalog.pg_table_is_visible(pg_catalog.pg_class.oid) AND pg_catalog.pg_namespace.nspname != $7::VARCHAR
2025-08-10 12:28:06,425 INFO sqlalchemy.engine.Engine [cached since 0.8492s ago] ('contracts', 'r', 'p', 'f', 'v', 'm', 'pg_catalog')
2025-08-10 12:28:06,425 - sqlalchemy.engine.Engine - INFO - [cached since 0.8492s ago] ('contracts', 'r', 'p', 'f', 'v', 'm', 'pg_catalog')
2025-08-10 12:28:06,460 INFO sqlalchemy.engine.Engine SELECT pg_catalog.pg_class.relname 
FROM pg_catalog.pg_class JOIN pg_catalog.pg_namespace ON pg_catalog.pg_namespace.oid = pg_catalog.pg_class.relnamespace 
WHERE pg_catalog.pg_class.relname = $1::VARCHAR AND pg_catalog.pg_class.relkind = ANY (ARRAY[$2::VARCHAR, $3::VARCHAR, $4::VARCHAR, $5::VARCHAR, $6::VARCHAR]) AND pg_catalog.pg_table_is_visible(pg_catalog.pg_class.oid) AND pg_catalog.pg_namespace.nspname != $7::VARCHAR
2025-08-10 12:28:06,460 - sqlalchemy.engine.Engine - INFO - SELECT pg_catalog.pg_class.relname 
FROM pg_catalog.pg_class JOIN pg_catalog.pg_namespace ON pg_catalog.pg_namespace.oid = pg_catalog.pg_class.relnamespace 
WHERE pg_catalog.pg_class.relname = $1::VARCHAR AND pg_catalog.pg_class.relkind = ANY (ARRAY[$2::VARCHAR, $3::VARCHAR, $4::VARCHAR, $5::VARCHAR, $6::VARCHAR]) AND pg_catalog.pg_table_is_visible(pg_catalog.pg_class.oid) AND pg_catalog.pg_namespace.nspname != $7::VARCHAR
2025-08-10 12:28:06,460 INFO sqlalchemy.engine.Engine [cached since 0.8839s ago] ('invoices', 'r', 'p', 'f', 'v', 'm', 'pg_catalog')
2025-08-10 12:28:06,460 - sqlalchemy.engine.Engine - INFO - [cached since 0.8839s ago] ('invoices', 'r', 'p', 'f', 'v', 'm', 'pg_catalog')
2025-08-10 12:28:06,551 INFO sqlalchemy.engine.Engine SELECT pg_catalog.pg_type.typname 
FROM pg_catalog.pg_type JOIN pg_catalog.pg_namespace ON pg_catalog.pg_namespace.oid = pg_catalog.pg_type.typnamespace 
WHERE pg_catalog.pg_type.typname = $1::VARCHAR AND pg_catalog.pg_type_is_visible(pg_catalog.pg_type.oid) AND pg_catalog.pg_namespace.nspname != $2::VARCHAR
2025-08-10 12:28:06,551 - sqlalchemy.engine.Engine - INFO - SELECT pg_catalog.pg_type.typname 
FROM pg_catalog.pg_type JOIN pg_catalog.pg_namespace ON pg_catalog.pg_namespace.oid = pg_catalog.pg_type.typnamespace 
WHERE pg_catalog.pg_type.typname = $1::VARCHAR AND pg_catalog.pg_type_is_visible(pg_catalog.pg_type.oid) AND pg_catalog.pg_namespace.nspname != $2::VARCHAR
2025-08-10 12:28:06,551 INFO sqlalchemy.engine.Engine [generated in 0.00024s] ('userrole', 'pg_catalog')
2025-08-10 12:28:06,551 - sqlalchemy.engine.Engine - INFO - [generated in 0.00024s] ('userrole', 'pg_catalog')
2025-08-10 12:28:06,624 INFO sqlalchemy.engine.Engine SELECT pg_catalog.pg_type.typname 
FROM pg_catalog.pg_type JOIN pg_catalog.pg_namespace ON pg_catalog.pg_namespace.oid = pg_catalog.pg_type.typnamespace 
WHERE pg_catalog.pg_type.typname = $1::VARCHAR AND pg_catalog.pg_type_is_visible(pg_catalog.pg_type.oid) AND pg_catalog.pg_namespace.nspname != $2::VARCHAR
2025-08-10 12:28:06,624 - sqlalchemy.engine.Engine - INFO - SELECT pg_catalog.pg_type.typname 
FROM pg_catalog.pg_type JOIN pg_catalog.pg_namespace ON pg_catalog.pg_namespace.oid = pg_catalog.pg_type.typnamespace 
WHERE pg_catalog.pg_type.typname = $1::VARCHAR AND pg_catalog.pg_type_is_visible(pg_catalog.pg_type.oid) AND pg_catalog.pg_namespace.nspname != $2::VARCHAR
2025-08-10 12:28:06,625 INFO sqlalchemy.engine.Engine [cached since 0.07382s ago] ('userstatus', 'pg_catalog')
2025-08-10 12:28:06,625 - sqlalchemy.engine.Engine - INFO - [cached since 0.07382s ago] ('userstatus', 'pg_catalog')
2025-08-10 12:28:06,662 INFO sqlalchemy.engine.Engine SELECT pg_catalog.pg_type.typname 
FROM pg_catalog.pg_type JOIN pg_catalog.pg_namespace ON pg_catalog.pg_namespace.oid = pg_catalog.pg_type.typnamespace 
WHERE pg_catalog.pg_type.typname = $1::VARCHAR AND pg_catalog.pg_type_is_visible(pg_catalog.pg_type.oid) AND pg_catalog.pg_namespace.nspname != $2::VARCHAR
2025-08-10 12:28:06,662 - sqlalchemy.engine.Engine - INFO - SELECT pg_catalog.pg_type.typname 
FROM pg_catalog.pg_type JOIN pg_catalog.pg_namespace ON pg_catalog.pg_namespace.oid = pg_catalog.pg_type.typnamespace 
WHERE pg_catalog.pg_type.typname = $1::VARCHAR AND pg_catalog.pg_type_is_visible(pg_catalog.pg_type.oid) AND pg_catalog.pg_namespace.nspname != $2::VARCHAR
2025-08-10 12:28:06,662 INFO sqlalchemy.engine.Engine [cached since 0.1114s ago] ('propertytype', 'pg_catalog')
2025-08-10 12:28:06,662 - sqlalchemy.engine.Engine - INFO - [cached since 0.1114s ago] ('propertytype', 'pg_catalog')
2025-08-10 12:28:06,701 INFO sqlalchemy.engine.Engine SELECT pg_catalog.pg_type.typname 
FROM pg_catalog.pg_type JOIN pg_catalog.pg_namespace ON pg_catalog.pg_namespace.oid = pg_catalog.pg_type.typnamespace 
WHERE pg_catalog.pg_type.typname = $1::VARCHAR AND pg_catalog.pg_type_is_visible(pg_catalog.pg_type.oid) AND pg_catalog.pg_namespace.nspname != $2::VARCHAR
2025-08-10 12:28:06,701 - sqlalchemy.engine.Engine - INFO - SELECT pg_catalog.pg_type.typname 
FROM pg_catalog.pg_type JOIN pg_catalog.pg_namespace ON pg_catalog.pg_namespace.oid = pg_catalog.pg_type.typnamespace 
WHERE pg_catalog.pg_type.typname = $1::VARCHAR AND pg_catalog.pg_type_is_visible(pg_catalog.pg_type.oid) AND pg_catalog.pg_namespace.nspname != $2::VARCHAR
2025-08-10 12:28:06,701 INFO sqlalchemy.engine.Engine [cached since 0.15s ago] ('propertystatus', 'pg_catalog')
2025-08-10 12:28:06,701 - sqlalchemy.engine.Engine - INFO - [cached since 0.15s ago] ('propertystatus', 'pg_catalog')
2025-08-10 12:28:06,736 INFO sqlalchemy.engine.Engine SELECT pg_catalog.pg_type.typname 
FROM pg_catalog.pg_type JOIN pg_catalog.pg_namespace ON pg_catalog.pg_namespace.oid = pg_catalog.pg_type.typnamespace 
WHERE pg_catalog.pg_type.typname = $1::VARCHAR AND pg_catalog.pg_type_is_visible(pg_catalog.pg_type.oid) AND pg_catalog.pg_namespace.nspname != $2::VARCHAR
2025-08-10 12:28:06,736 - sqlalchemy.engine.Engine - INFO - SELECT pg_catalog.pg_type.typname 
FROM pg_catalog.pg_type JOIN pg_catalog.pg_namespace ON pg_catalog.pg_namespace.oid = pg_catalog.pg_type.typnamespace 
WHERE pg_catalog.pg_type.typname = $1::VARCHAR AND pg_catalog.pg_type_is_visible(pg_catalog.pg_type.oid) AND pg_catalog.pg_namespace.nspname != $2::VARCHAR
2025-08-10 12:28:06,736 INFO sqlalchemy.engine.Engine [cached since 0.1857s ago] ('leasetype', 'pg_catalog')
2025-08-10 12:28:06,736 - sqlalchemy.engine.Engine - INFO - [cached since 0.1857s ago] ('leasetype', 'pg_catalog')
2025-08-10 12:28:06,774 INFO sqlalchemy.engine.Engine SELECT pg_catalog.pg_type.typname 
FROM pg_catalog.pg_type JOIN pg_catalog.pg_namespace ON pg_catalog.pg_namespace.oid = pg_catalog.pg_type.typnamespace 
WHERE pg_catalog.pg_type.typname = $1::VARCHAR AND pg_catalog.pg_type_is_visible(pg_catalog.pg_type.oid) AND pg_catalog.pg_namespace.nspname != $2::VARCHAR
2025-08-10 12:28:06,774 - sqlalchemy.engine.Engine - INFO - SELECT pg_catalog.pg_type.typname 
FROM pg_catalog.pg_type JOIN pg_catalog.pg_namespace ON pg_catalog.pg_namespace.oid = pg_catalog.pg_type.typnamespace 
WHERE pg_catalog.pg_type.typname = $1::VARCHAR AND pg_catalog.pg_type_is_visible(pg_catalog.pg_type.oid) AND pg_catalog.pg_namespace.nspname != $2::VARCHAR
2025-08-10 12:28:06,774 INFO sqlalchemy.engine.Engine [cached since 0.2233s ago] ('leasestatus', 'pg_catalog')
2025-08-10 12:28:06,774 - sqlalchemy.engine.Engine - INFO - [cached since 0.2233s ago] ('leasestatus', 'pg_catalog')
2025-08-10 12:28:06,809 INFO sqlalchemy.engine.Engine SELECT pg_catalog.pg_type.typname 
FROM pg_catalog.pg_type JOIN pg_catalog.pg_namespace ON pg_catalog.pg_namespace.oid = pg_catalog.pg_type.typnamespace 
WHERE pg_catalog.pg_type.typname = $1::VARCHAR AND pg_catalog.pg_type_is_visible(pg_catalog.pg_type.oid) AND pg_catalog.pg_namespace.nspname != $2::VARCHAR
2025-08-10 12:28:06,809 - sqlalchemy.engine.Engine - INFO - SELECT pg_catalog.pg_type.typname 
FROM pg_catalog.pg_type JOIN pg_catalog.pg_namespace ON pg_catalog.pg_namespace.oid = pg_catalog.pg_type.typnamespace 
WHERE pg_catalog.pg_type.typname = $1::VARCHAR AND pg_catalog.pg_type_is_visible(pg_catalog.pg_type.oid) AND pg_catalog.pg_namespace.nspname != $2::VARCHAR
2025-08-10 12:28:06,809 INFO sqlalchemy.engine.Engine [cached since 0.2581s ago] ('paymenttype', 'pg_catalog')
2025-08-10 12:28:06,809 - sqlalchemy.engine.Engine - INFO - [cached since 0.2581s ago] ('paymenttype', 'pg_catalog')
2025-08-10 12:28:06,844 INFO sqlalchemy.engine.Engine SELECT pg_catalog.pg_type.typname 
FROM pg_catalog.pg_type JOIN pg_catalog.pg_namespace ON pg_catalog.pg_namespace.oid = pg_catalog.pg_type.typnamespace 
WHERE pg_catalog.pg_type.typname = $1::VARCHAR AND pg_catalog.pg_type_is_visible(pg_catalog.pg_type.oid) AND pg_catalog.pg_namespace.nspname != $2::VARCHAR
2025-08-10 12:28:06,844 - sqlalchemy.engine.Engine - INFO - SELECT pg_catalog.pg_type.typname 
FROM pg_catalog.pg_type JOIN pg_catalog.pg_namespace ON pg_catalog.pg_namespace.oid = pg_catalog.pg_type.typnamespace 
WHERE pg_catalog.pg_type.typname = $1::VARCHAR AND pg_catalog.pg_type_is_visible(pg_catalog.pg_type.oid) AND pg_catalog.pg_namespace.nspname != $2::VARCHAR
2025-08-10 12:28:06,844 INFO sqlalchemy.engine.Engine [cached since 0.2935s ago] ('paymentstatus', 'pg_catalog')
2025-08-10 12:28:06,844 - sqlalchemy.engine.Engine - INFO - [cached since 0.2935s ago] ('paymentstatus', 'pg_catalog')
2025-08-10 12:28:06,882 INFO sqlalchemy.engine.Engine SELECT pg_catalog.pg_type.typname 
FROM pg_catalog.pg_type JOIN pg_catalog.pg_namespace ON pg_catalog.pg_namespace.oid = pg_catalog.pg_type.typnamespace 
WHERE pg_catalog.pg_type.typname = $1::VARCHAR AND pg_catalog.pg_type_is_visible(pg_catalog.pg_type.oid) AND pg_catalog.pg_namespace.nspname != $2::VARCHAR
2025-08-10 12:28:06,882 - sqlalchemy.engine.Engine - INFO - SELECT pg_catalog.pg_type.typname 
FROM pg_catalog.pg_type JOIN pg_catalog.pg_namespace ON pg_catalog.pg_namespace.oid = pg_catalog.pg_type.typnamespace 
WHERE pg_catalog.pg_type.typname = $1::VARCHAR AND pg_catalog.pg_type_is_visible(pg_catalog.pg_type.oid) AND pg_catalog.pg_namespace.nspname != $2::VARCHAR
2025-08-10 12:28:06,882 INFO sqlalchemy.engine.Engine [cached since 0.3314s ago] ('paymentmethod', 'pg_catalog')
2025-08-10 12:28:06,882 - sqlalchemy.engine.Engine - INFO - [cached since 0.3314s ago] ('paymentmethod', 'pg_catalog')
2025-08-10 12:28:06,916 INFO sqlalchemy.engine.Engine SELECT pg_catalog.pg_type.typname 
FROM pg_catalog.pg_type JOIN pg_catalog.pg_namespace ON pg_catalog.pg_namespace.oid = pg_catalog.pg_type.typnamespace 
WHERE pg_catalog.pg_type.typname = $1::VARCHAR AND pg_catalog.pg_type_is_visible(pg_catalog.pg_type.oid) AND pg_catalog.pg_namespace.nspname != $2::VARCHAR
2025-08-10 12:28:06,916 - sqlalchemy.engine.Engine - INFO - SELECT pg_catalog.pg_type.typname 
FROM pg_catalog.pg_type JOIN pg_catalog.pg_namespace ON pg_catalog.pg_namespace.oid = pg_catalog.pg_type.typnamespace 
WHERE pg_catalog.pg_type.typname = $1::VARCHAR AND pg_catalog.pg_type_is_visible(pg_catalog.pg_type.oid) AND pg_catalog.pg_namespace.nspname != $2::VARCHAR
2025-08-10 12:28:06,916 INFO sqlalchemy.engine.Engine [cached since 0.3655s ago] ('maintenancecategory', 'pg_catalog')
2025-08-10 12:28:06,916 - sqlalchemy.engine.Engine - INFO - [cached since 0.3655s ago] ('maintenancecategory', 'pg_catalog')
2025-08-10 12:28:06,952 INFO sqlalchemy.engine.Engine SELECT pg_catalog.pg_type.typname 
FROM pg_catalog.pg_type JOIN pg_catalog.pg_namespace ON pg_catalog.pg_namespace.oid = pg_catalog.pg_type.typnamespace 
WHERE pg_catalog.pg_type.typname = $1::VARCHAR AND pg_catalog.pg_type_is_visible(pg_catalog.pg_type.oid) AND pg_catalog.pg_namespace.nspname != $2::VARCHAR
2025-08-10 12:28:06,952 - sqlalchemy.engine.Engine - INFO - SELECT pg_catalog.pg_type.typname 
FROM pg_catalog.pg_type JOIN pg_catalog.pg_namespace ON pg_catalog.pg_namespace.oid = pg_catalog.pg_type.typnamespace 
WHERE pg_catalog.pg_type.typname = $1::VARCHAR AND pg_catalog.pg_type_is_visible(pg_catalog.pg_type.oid) AND pg_catalog.pg_namespace.nspname != $2::VARCHAR
2025-08-10 12:28:06,952 INFO sqlalchemy.engine.Engine [cached since 0.4014s ago] ('maintenancepriority', 'pg_catalog')
2025-08-10 12:28:06,952 - sqlalchemy.engine.Engine - INFO - [cached since 0.4014s ago] ('maintenancepriority', 'pg_catalog')
2025-08-10 12:28:06,990 INFO sqlalchemy.engine.Engine SELECT pg_catalog.pg_type.typname 
FROM pg_catalog.pg_type JOIN pg_catalog.pg_namespace ON pg_catalog.pg_namespace.oid = pg_catalog.pg_type.typnamespace 
WHERE pg_catalog.pg_type.typname = $1::VARCHAR AND pg_catalog.pg_type_is_visible(pg_catalog.pg_type.oid) AND pg_catalog.pg_namespace.nspname != $2::VARCHAR
2025-08-10 12:28:06,990 - sqlalchemy.engine.Engine - INFO - SELECT pg_catalog.pg_type.typname 
FROM pg_catalog.pg_type JOIN pg_catalog.pg_namespace ON pg_catalog.pg_namespace.oid = pg_catalog.pg_type.typnamespace 
WHERE pg_catalog.pg_type.typname = $1::VARCHAR AND pg_catalog.pg_type_is_visible(pg_catalog.pg_type.oid) AND pg_catalog.pg_namespace.nspname != $2::VARCHAR
2025-08-10 12:28:06,990 INFO sqlalchemy.engine.Engine [cached since 0.439s ago] ('maintenancestatus', 'pg_catalog')
2025-08-10 12:28:06,990 - sqlalchemy.engine.Engine - INFO - [cached since 0.439s ago] ('maintenancestatus', 'pg_catalog')
2025-08-10 12:28:07,028 INFO sqlalchemy.engine.Engine SELECT pg_catalog.pg_type.typname 
FROM pg_catalog.pg_type JOIN pg_catalog.pg_namespace ON pg_catalog.pg_namespace.oid = pg_catalog.pg_type.typnamespace 
WHERE pg_catalog.pg_type.typname = $1::VARCHAR AND pg_catalog.pg_type_is_visible(pg_catalog.pg_type.oid) AND pg_catalog.pg_namespace.nspname != $2::VARCHAR
2025-08-10 12:28:07,028 - sqlalchemy.engine.Engine - INFO - SELECT pg_catalog.pg_type.typname 
FROM pg_catalog.pg_type JOIN pg_catalog.pg_namespace ON pg_catalog.pg_namespace.oid = pg_catalog.pg_type.typnamespace 
WHERE pg_catalog.pg_type.typname = $1::VARCHAR AND pg_catalog.pg_type_is_visible(pg_catalog.pg_type.oid) AND pg_catalog.pg_namespace.nspname != $2::VARCHAR
2025-08-10 12:28:07,028 INFO sqlalchemy.engine.Engine [cached since 0.4772s ago] ('messagetype', 'pg_catalog')
2025-08-10 12:28:07,028 - sqlalchemy.engine.Engine - INFO - [cached since 0.4772s ago] ('messagetype', 'pg_catalog')
2025-08-10 12:28:07,248 INFO sqlalchemy.engine.Engine SELECT pg_catalog.pg_type.typname 
FROM pg_catalog.pg_type JOIN pg_catalog.pg_namespace ON pg_catalog.pg_namespace.oid = pg_catalog.pg_type.typnamespace 
WHERE pg_catalog.pg_type.typname = $1::VARCHAR AND pg_catalog.pg_type_is_visible(pg_catalog.pg_type.oid) AND pg_catalog.pg_namespace.nspname != $2::VARCHAR
2025-08-10 12:28:07,248 - sqlalchemy.engine.Engine - INFO - SELECT pg_catalog.pg_type.typname 
FROM pg_catalog.pg_type JOIN pg_catalog.pg_namespace ON pg_catalog.pg_namespace.oid = pg_catalog.pg_type.typnamespace 
WHERE pg_catalog.pg_type.typname = $1::VARCHAR AND pg_catalog.pg_type_is_visible(pg_catalog.pg_type.oid) AND pg_catalog.pg_namespace.nspname != $2::VARCHAR
2025-08-10 12:28:07,248 INFO sqlalchemy.engine.Engine [cached since 0.6975s ago] ('messagestatus', 'pg_catalog')
2025-08-10 12:28:07,248 - sqlalchemy.engine.Engine - INFO - [cached since 0.6975s ago] ('messagestatus', 'pg_catalog')
2025-08-10 12:28:07,284 INFO sqlalchemy.engine.Engine SELECT pg_catalog.pg_type.typname 
FROM pg_catalog.pg_type JOIN pg_catalog.pg_namespace ON pg_catalog.pg_namespace.oid = pg_catalog.pg_type.typnamespace 
WHERE pg_catalog.pg_type.typname = $1::VARCHAR AND pg_catalog.pg_type_is_visible(pg_catalog.pg_type.oid) AND pg_catalog.pg_namespace.nspname != $2::VARCHAR
2025-08-10 12:28:07,284 - sqlalchemy.engine.Engine - INFO - SELECT pg_catalog.pg_type.typname 
FROM pg_catalog.pg_type JOIN pg_catalog.pg_namespace ON pg_catalog.pg_namespace.oid = pg_catalog.pg_type.typnamespace 
WHERE pg_catalog.pg_type.typname = $1::VARCHAR AND pg_catalog.pg_type_is_visible(pg_catalog.pg_type.oid) AND pg_catalog.pg_namespace.nspname != $2::VARCHAR
2025-08-10 12:28:07,284 INFO sqlalchemy.engine.Engine [cached since 0.7333s ago] ('applicationstatus', 'pg_catalog')
2025-08-10 12:28:07,284 - sqlalchemy.engine.Engine - INFO - [cached since 0.7333s ago] ('applicationstatus', 'pg_catalog')
2025-08-10 12:28:07,321 INFO sqlalchemy.engine.Engine SELECT pg_catalog.pg_type.typname 
FROM pg_catalog.pg_type JOIN pg_catalog.pg_namespace ON pg_catalog.pg_namespace.oid = pg_catalog.pg_type.typnamespace 
WHERE pg_catalog.pg_type.typname = $1::VARCHAR AND pg_catalog.pg_type_is_visible(pg_catalog.pg_type.oid) AND pg_catalog.pg_namespace.nspname != $2::VARCHAR
2025-08-10 12:28:07,321 - sqlalchemy.engine.Engine - INFO - SELECT pg_catalog.pg_type.typname 
FROM pg_catalog.pg_type JOIN pg_catalog.pg_namespace ON pg_catalog.pg_namespace.oid = pg_catalog.pg_type.typnamespace 
WHERE pg_catalog.pg_type.typname = $1::VARCHAR AND pg_catalog.pg_type_is_visible(pg_catalog.pg_type.oid) AND pg_catalog.pg_namespace.nspname != $2::VARCHAR
2025-08-10 12:28:07,321 INFO sqlalchemy.engine.Engine [cached since 0.7707s ago] ('auditaction', 'pg_catalog')
2025-08-10 12:28:07,321 - sqlalchemy.engine.Engine - INFO - [cached since 0.7707s ago] ('auditaction', 'pg_catalog')
2025-08-10 12:28:07,358 INFO sqlalchemy.engine.Engine SELECT pg_catalog.pg_type.typname 
FROM pg_catalog.pg_type JOIN pg_catalog.pg_namespace ON pg_catalog.pg_namespace.oid = pg_catalog.pg_type.typnamespace 
WHERE pg_catalog.pg_type.typname = $1::VARCHAR AND pg_catalog.pg_type_is_visible(pg_catalog.pg_type.oid) AND pg_catalog.pg_namespace.nspname != $2::VARCHAR
2025-08-10 12:28:07,358 - sqlalchemy.engine.Engine - INFO - SELECT pg_catalog.pg_type.typname 
FROM pg_catalog.pg_type JOIN pg_catalog.pg_namespace ON pg_catalog.pg_namespace.oid = pg_catalog.pg_type.typnamespace 
WHERE pg_catalog.pg_type.typname = $1::VARCHAR AND pg_catalog.pg_type_is_visible(pg_catalog.pg_type.oid) AND pg_catalog.pg_namespace.nspname != $2::VARCHAR
2025-08-10 12:28:07,358 INFO sqlalchemy.engine.Engine [cached since 0.8073s ago] ('auditseverity', 'pg_catalog')
2025-08-10 12:28:07,358 - sqlalchemy.engine.Engine - INFO - [cached since 0.8073s ago] ('auditseverity', 'pg_catalog')
2025-08-10 12:28:07,392 INFO sqlalchemy.engine.Engine SELECT pg_catalog.pg_type.typname 
FROM pg_catalog.pg_type JOIN pg_catalog.pg_namespace ON pg_catalog.pg_namespace.oid = pg_catalog.pg_type.typnamespace 
WHERE pg_catalog.pg_type.typname = $1::VARCHAR AND pg_catalog.pg_type_is_visible(pg_catalog.pg_type.oid) AND pg_catalog.pg_namespace.nspname != $2::VARCHAR
2025-08-10 12:28:07,392 - sqlalchemy.engine.Engine - INFO - SELECT pg_catalog.pg_type.typname 
FROM pg_catalog.pg_type JOIN pg_catalog.pg_namespace ON pg_catalog.pg_namespace.oid = pg_catalog.pg_type.typnamespace 
WHERE pg_catalog.pg_type.typname = $1::VARCHAR AND pg_catalog.pg_type_is_visible(pg_catalog.pg_type.oid) AND pg_catalog.pg_namespace.nspname != $2::VARCHAR
2025-08-10 12:28:07,393 INFO sqlalchemy.engine.Engine [cached since 0.8418s ago] ('companystatus', 'pg_catalog')
2025-08-10 12:28:07,393 - sqlalchemy.engine.Engine - INFO - [cached since 0.8418s ago] ('companystatus', 'pg_catalog')
2025-08-10 12:28:07,428 INFO sqlalchemy.engine.Engine SELECT pg_catalog.pg_type.typname 
FROM pg_catalog.pg_type JOIN pg_catalog.pg_namespace ON pg_catalog.pg_namespace.oid = pg_catalog.pg_type.typnamespace 
WHERE pg_catalog.pg_type.typname = $1::VARCHAR AND pg_catalog.pg_type_is_visible(pg_catalog.pg_type.oid) AND pg_catalog.pg_namespace.nspname != $2::VARCHAR
2025-08-10 12:28:07,428 - sqlalchemy.engine.Engine - INFO - SELECT pg_catalog.pg_type.typname 
FROM pg_catalog.pg_type JOIN pg_catalog.pg_namespace ON pg_catalog.pg_namespace.oid = pg_catalog.pg_type.typnamespace 
WHERE pg_catalog.pg_type.typname = $1::VARCHAR AND pg_catalog.pg_type_is_visible(pg_catalog.pg_type.oid) AND pg_catalog.pg_namespace.nspname != $2::VARCHAR
2025-08-10 12:28:07,428 INFO sqlalchemy.engine.Engine [cached since 0.8775s ago] ('planstatus', 'pg_catalog')
2025-08-10 12:28:07,428 - sqlalchemy.engine.Engine - INFO - [cached since 0.8775s ago] ('planstatus', 'pg_catalog')
2025-08-10 12:28:07,468 INFO sqlalchemy.engine.Engine SELECT pg_catalog.pg_type.typname 
FROM pg_catalog.pg_type JOIN pg_catalog.pg_namespace ON pg_catalog.pg_namespace.oid = pg_catalog.pg_type.typnamespace 
WHERE pg_catalog.pg_type.typname = $1::VARCHAR AND pg_catalog.pg_type_is_visible(pg_catalog.pg_type.oid) AND pg_catalog.pg_namespace.nspname != $2::VARCHAR
2025-08-10 12:28:07,468 - sqlalchemy.engine.Engine - INFO - SELECT pg_catalog.pg_type.typname 
FROM pg_catalog.pg_type JOIN pg_catalog.pg_namespace ON pg_catalog.pg_namespace.oid = pg_catalog.pg_type.typnamespace 
WHERE pg_catalog.pg_type.typname = $1::VARCHAR AND pg_catalog.pg_type_is_visible(pg_catalog.pg_type.oid) AND pg_catalog.pg_namespace.nspname != $2::VARCHAR
2025-08-10 12:28:07,468 INFO sqlalchemy.engine.Engine [cached since 0.9171s ago] ('billingtype', 'pg_catalog')
2025-08-10 12:28:07,468 - sqlalchemy.engine.Engine - INFO - [cached since 0.9171s ago] ('billingtype', 'pg_catalog')
2025-08-10 12:28:07,505 INFO sqlalchemy.engine.Engine SELECT pg_catalog.pg_type.typname 
FROM pg_catalog.pg_type JOIN pg_catalog.pg_namespace ON pg_catalog.pg_namespace.oid = pg_catalog.pg_type.typnamespace 
WHERE pg_catalog.pg_type.typname = $1::VARCHAR AND pg_catalog.pg_type_is_visible(pg_catalog.pg_type.oid) AND pg_catalog.pg_namespace.nspname != $2::VARCHAR
2025-08-10 12:28:07,505 - sqlalchemy.engine.Engine - INFO - SELECT pg_catalog.pg_type.typname 
FROM pg_catalog.pg_type JOIN pg_catalog.pg_namespace ON pg_catalog.pg_namespace.oid = pg_catalog.pg_type.typnamespace 
WHERE pg_catalog.pg_type.typname = $1::VARCHAR AND pg_catalog.pg_type_is_visible(pg_catalog.pg_type.oid) AND pg_catalog.pg_namespace.nspname != $2::VARCHAR
2025-08-10 12:28:07,505 INFO sqlalchemy.engine.Engine [cached since 0.9545s ago] ('modulekey', 'pg_catalog')
2025-08-10 12:28:07,505 - sqlalchemy.engine.Engine - INFO - [cached since 0.9545s ago] ('modulekey', 'pg_catalog')
2025-08-10 12:28:07,540 INFO sqlalchemy.engine.Engine SELECT pg_catalog.pg_type.typname 
FROM pg_catalog.pg_type JOIN pg_catalog.pg_namespace ON pg_catalog.pg_namespace.oid = pg_catalog.pg_type.typnamespace 
WHERE pg_catalog.pg_type.typname = $1::VARCHAR AND pg_catalog.pg_type_is_visible(pg_catalog.pg_type.oid) AND pg_catalog.pg_namespace.nspname != $2::VARCHAR
2025-08-10 12:28:07,540 - sqlalchemy.engine.Engine - INFO - SELECT pg_catalog.pg_type.typname 
FROM pg_catalog.pg_type JOIN pg_catalog.pg_namespace ON pg_catalog.pg_namespace.oid = pg_catalog.pg_type.typnamespace 
WHERE pg_catalog.pg_type.typname = $1::VARCHAR AND pg_catalog.pg_type_is_visible(pg_catalog.pg_type.oid) AND pg_catalog.pg_namespace.nspname != $2::VARCHAR
2025-08-10 12:28:07,540 INFO sqlalchemy.engine.Engine [cached since 0.9896s ago] ('contractstatus', 'pg_catalog')
2025-08-10 12:28:07,540 - sqlalchemy.engine.Engine - INFO - [cached since 0.9896s ago] ('contractstatus', 'pg_catalog')
2025-08-10 12:28:07,578 INFO sqlalchemy.engine.Engine SELECT pg_catalog.pg_type.typname 
FROM pg_catalog.pg_type JOIN pg_catalog.pg_namespace ON pg_catalog.pg_namespace.oid = pg_catalog.pg_type.typnamespace 
WHERE pg_catalog.pg_type.typname = $1::VARCHAR AND pg_catalog.pg_type_is_visible(pg_catalog.pg_type.oid) AND pg_catalog.pg_namespace.nspname != $2::VARCHAR
2025-08-10 12:28:07,578 - sqlalchemy.engine.Engine - INFO - SELECT pg_catalog.pg_type.typname 
FROM pg_catalog.pg_type JOIN pg_catalog.pg_namespace ON pg_catalog.pg_namespace.oid = pg_catalog.pg_type.typnamespace 
WHERE pg_catalog.pg_type.typname = $1::VARCHAR AND pg_catalog.pg_type_is_visible(pg_catalog.pg_type.oid) AND pg_catalog.pg_namespace.nspname != $2::VARCHAR
2025-08-10 12:28:07,578 INFO sqlalchemy.engine.Engine [cached since 1.027s ago] ('renewaltype', 'pg_catalog')
2025-08-10 12:28:07,578 - sqlalchemy.engine.Engine - INFO - [cached since 1.027s ago] ('renewaltype', 'pg_catalog')
2025-08-10 12:28:07,678 INFO sqlalchemy.engine.Engine SELECT pg_catalog.pg_type.typname 
FROM pg_catalog.pg_type JOIN pg_catalog.pg_namespace ON pg_catalog.pg_namespace.oid = pg_catalog.pg_type.typnamespace 
WHERE pg_catalog.pg_type.typname = $1::VARCHAR AND pg_catalog.pg_type_is_visible(pg_catalog.pg_type.oid) AND pg_catalog.pg_namespace.nspname != $2::VARCHAR
2025-08-10 12:28:07,678 - sqlalchemy.engine.Engine - INFO - SELECT pg_catalog.pg_type.typname 
FROM pg_catalog.pg_type JOIN pg_catalog.pg_namespace ON pg_catalog.pg_namespace.oid = pg_catalog.pg_type.typnamespace 
WHERE pg_catalog.pg_type.typname = $1::VARCHAR AND pg_catalog.pg_type_is_visible(pg_catalog.pg_type.oid) AND pg_catalog.pg_namespace.nspname != $2::VARCHAR
2025-08-10 12:28:07,678 INFO sqlalchemy.engine.Engine [cached since 1.128s ago] ('billingcycle', 'pg_catalog')
2025-08-10 12:28:07,678 - sqlalchemy.engine.Engine - INFO - [cached since 1.128s ago] ('billingcycle', 'pg_catalog')
2025-08-10 12:28:07,712 INFO sqlalchemy.engine.Engine SELECT pg_catalog.pg_type.typname 
FROM pg_catalog.pg_type JOIN pg_catalog.pg_namespace ON pg_catalog.pg_namespace.oid = pg_catalog.pg_type.typnamespace 
WHERE pg_catalog.pg_type.typname = $1::VARCHAR AND pg_catalog.pg_type_is_visible(pg_catalog.pg_type.oid) AND pg_catalog.pg_namespace.nspname != $2::VARCHAR
2025-08-10 12:28:07,712 - sqlalchemy.engine.Engine - INFO - SELECT pg_catalog.pg_type.typname 
FROM pg_catalog.pg_type JOIN pg_catalog.pg_namespace ON pg_catalog.pg_namespace.oid = pg_catalog.pg_type.typnamespace 
WHERE pg_catalog.pg_type.typname = $1::VARCHAR AND pg_catalog.pg_type_is_visible(pg_catalog.pg_type.oid) AND pg_catalog.pg_namespace.nspname != $2::VARCHAR
2025-08-10 12:28:07,712 INFO sqlalchemy.engine.Engine [cached since 1.161s ago] ('invoicestatus', 'pg_catalog')
2025-08-10 12:28:07,712 - sqlalchemy.engine.Engine - INFO - [cached since 1.161s ago] ('invoicestatus', 'pg_catalog')
2025-08-10 12:28:07,747 INFO sqlalchemy.engine.Engine COMMIT
2025-08-10 12:28:07,747 - sqlalchemy.engine.Engine - INFO - COMMIT
2025-08-10 12:28:07,787 - src.main - INFO - Database tables created successfully
INFO:     Application startup complete.
2025-08-10 12:28:12,177 - src.middleware.auth - INFO - Request started
2025-08-10 12:28:12,183 - src.middleware.auth - INFO - Request completed
INFO:     127.0.0.1:49704 - "POST /api/v1/auth/login HTTP/1.1" 200 OK
2025-08-10 12:28:18,913 - src.middleware.auth - INFO - Request started
2025-08-10 12:28:18,914 - src.middleware.auth - INFO - Request completed
INFO:     127.0.0.1:49708 - "POST /api/v1/auth/login HTTP/1.1" 200 OK
2025-08-10 12:28:27,140 - src.middleware.auth - INFO - Request started
2025-08-10 12:28:27,141 - src.middleware.auth - INFO - Request completed
INFO:     127.0.0.1:49713 - "POST /api/v1/auth/login HTTP/1.1" 200 OK
2025-08-10 12:28:36,459 - src.middleware.auth - INFO - Request started
2025-08-10 12:28:36,462 - src.middleware.auth - INFO - Request completed
INFO:     127.0.0.1:49717 - "GET /api/v1/maintenance/ HTTP/1.1" 200 OK
2025-08-10 12:28:57,671 - src.middleware.auth - INFO - Request started
2025-08-10 12:28:57,671 - src.middleware.auth - INFO - Request completed
INFO:     127.0.0.1:49724 - "GET /health HTTP/1.1" 200 OK
2025-08-10 12:28:57,678 - src.middleware.auth - INFO - Request started
2025-08-10 12:28:57,680 - src.middleware.auth - INFO - Request completed
INFO:     127.0.0.1:49726 - "POST /api/v1/auth/login HTTP/1.1" 200 OK
2025-08-10 12:29:12,179 - src.middleware.rate_limit - DEBUG - Cleaned up rate limit data for 0 clients
2025-08-10 12:30:12,181 - src.middleware.rate_limit - DEBUG - Cleaned up rate limit data for 1 clients
2025-08-10 12:31:12,184 - src.middleware.rate_limit - DEBUG - Cleaned up rate limit data for 0 clients
2025-08-10 12:32:12,187 - src.middleware.rate_limit - DEBUG - Cleaned up rate limit data for 0 clients
2025-08-10 12:33:12,188 - src.middleware.rate_limit - DEBUG - Cleaned up rate limit data for 0 clients
2025-08-10 12:34:12,191 - src.middleware.rate_limit - DEBUG - Cleaned up rate limit data for 0 clients
2025-08-10 12:36:49,390 - src.middleware.rate_limit - DEBUG - Cleaned up rate limit data for 0 clients
2025-08-10 12:37:49,628 - src.middleware.rate_limit - DEBUG - Cleaned up rate limit data for 0 clients
2025-08-10 12:37:53,960 - src.middleware.auth - INFO - Request started
2025-08-10 12:37:53,967 - src.middleware.auth - INFO - Request completed
INFO:     127.0.0.1:49769 - "POST /api/v1/auth/login HTTP/1.1" 200 OK
2025-08-10 12:37:53,995 - src.middleware.auth - INFO - Request started
2025-08-10 12:37:53,995 - src.middleware.auth - INFO - Request started
2025-08-10 12:37:54,001 - src.middleware.auth - INFO - Request started
2025-08-10 12:37:54,002 - src.middleware.auth - INFO - Request completed
2025-08-10 12:37:54,003 - src.middleware.auth - INFO - Request completed
2025-08-10 12:37:54,003 - src.middleware.auth - INFO - Request completed
INFO:     127.0.0.1:49769 - "OPTIONS /api/v1/dashboard/stats HTTP/1.1" 200 OK
INFO:     127.0.0.1:49774 - "OPTIONS /api/v1/auth/me HTTP/1.1" 200 OK
INFO:     127.0.0.1:49775 - "OPTIONS /api/v1/dashboard/stats HTTP/1.1" 200 OK
2025-08-10 12:37:54,006 - src.middleware.auth - INFO - Request started
2025-08-10 12:37:54,008 - src.middleware.auth - INFO - Request started
2025-08-10 12:37:54,013 - src.api.v1.endpoints.dashboard - ERROR - Token validation error: 
2025-08-10 12:37:54,014 - src.middleware.auth - INFO - Request completed
INFO:     127.0.0.1:49774 - "GET /api/v1/dashboard/stats HTTP/1.1" 401 Unauthorized
2025-08-10 12:37:54,016 - src.middleware.auth - INFO - Request started
2025-08-10 12:37:54,017 - src.api.v1.endpoints.dashboard - ERROR - Token validation error: 
2025-08-10 12:37:54,017 - src.middleware.auth - INFO - Request completed
2025-08-10 12:37:54,017 - src.middleware.auth - INFO - Request completed
INFO:     127.0.0.1:49775 - "GET /api/v1/dashboard/stats HTTP/1.1" 401 Unauthorized
INFO:     127.0.0.1:49769 - "GET /api/v1/auth/me HTTP/1.1" 200 OK
2025-08-10 12:37:55,295 - src.middleware.auth - INFO - Request started
2025-08-10 12:37:55,296 - src.middleware.auth - INFO - Request completed
INFO:     127.0.0.1:49769 - "GET /api/v1/properties HTTP/1.1" 307 Temporary Redirect
2025-08-10 12:37:55,298 - src.middleware.auth - INFO - Request started
2025-08-10 12:37:55,298 - src.middleware.auth - INFO - Request started
2025-08-10 12:37:55,301 - src.middleware.auth - INFO - Request completed
INFO:     127.0.0.1:49769 - "GET /api/v1/properties HTTP/1.1" 307 Temporary Redirect
2025-08-10 12:37:55,810 INFO sqlalchemy.engine.Engine BEGIN (implicit)
2025-08-10 12:37:55,810 - sqlalchemy.engine.Engine - INFO - BEGIN (implicit)
2025-08-10 12:37:55,813 INFO sqlalchemy.engine.Engine 
            SELECT id, title, description, rent_amount, bedrooms, bathrooms, 
                   square_feet, address_line1, address_line2, city, state, zip_code, created_at, updated_at
            FROM properties 
            ORDER BY created_at DESC
        
2025-08-10 12:37:55,813 - sqlalchemy.engine.Engine - INFO - 
            SELECT id, title, description, rent_amount, bedrooms, bathrooms, 
                   square_feet, address_line1, address_line2, city, state, zip_code, created_at, updated_at
            FROM properties 
            ORDER BY created_at DESC
        
2025-08-10 12:37:55,813 INFO sqlalchemy.engine.Engine [generated in 0.00047s] ()
2025-08-10 12:37:55,813 - sqlalchemy.engine.Engine - INFO - [generated in 0.00047s] ()
2025-08-10 12:37:55,984 INFO sqlalchemy.engine.Engine 
                SELECT name FROM property_amenities WHERE property_id = $1 ORDER BY name
            
2025-08-10 12:37:55,984 - sqlalchemy.engine.Engine - INFO - 
                SELECT name FROM property_amenities WHERE property_id = $1 ORDER BY name
            
2025-08-10 12:37:55,984 INFO sqlalchemy.engine.Engine [generated in 0.00049s] (900917,)
2025-08-10 12:37:55,984 - sqlalchemy.engine.Engine - INFO - [generated in 0.00049s] (900917,)
2025-08-10 12:37:56,067 INFO sqlalchemy.engine.Engine 
                SELECT 
                    l.id, l.tenant_id, l.start_date, l.end_date, l.monthly_rent, 
                    l.status, l.created_at, l.updated_at,
                    u.first_name, u.last_name, u.email
                FROM leases l
                LEFT JOIN users u ON l.tenant_id = u.id
                WHERE l.property_id = $1 
                AND l.status = 'ACTIVE'
                ORDER BY l.created_at DESC
                LIMIT 1
            
2025-08-10 12:37:56,067 - sqlalchemy.engine.Engine - INFO - 
                SELECT 
                    l.id, l.tenant_id, l.start_date, l.end_date, l.monthly_rent, 
                    l.status, l.created_at, l.updated_at,
                    u.first_name, u.last_name, u.email
                FROM leases l
                LEFT JOIN users u ON l.tenant_id = u.id
                WHERE l.property_id = $1 
                AND l.status = 'ACTIVE'
                ORDER BY l.created_at DESC
                LIMIT 1
            
2025-08-10 12:37:56,067 INFO sqlalchemy.engine.Engine [generated in 0.00036s] (900917,)
2025-08-10 12:37:56,067 - sqlalchemy.engine.Engine - INFO - [generated in 0.00036s] (900917,)
2025-08-10 12:37:56,463 INFO sqlalchemy.engine.Engine 
                SELECT name FROM property_amenities WHERE property_id = $1 ORDER BY name
            
2025-08-10 12:37:56,463 - sqlalchemy.engine.Engine - INFO - 
                SELECT name FROM property_amenities WHERE property_id = $1 ORDER BY name
            
2025-08-10 12:37:56,463 INFO sqlalchemy.engine.Engine [cached since 0.4793s ago] (327360,)
2025-08-10 12:37:56,463 - sqlalchemy.engine.Engine - INFO - [cached since 0.4793s ago] (327360,)
2025-08-10 12:37:56,503 INFO sqlalchemy.engine.Engine 
                SELECT 
                    l.id, l.tenant_id, l.start_date, l.end_date, l.monthly_rent, 
                    l.status, l.created_at, l.updated_at,
                    u.first_name, u.last_name, u.email
                FROM leases l
                LEFT JOIN users u ON l.tenant_id = u.id
                WHERE l.property_id = $1 
                AND l.status = 'ACTIVE'
                ORDER BY l.created_at DESC
                LIMIT 1
            
2025-08-10 12:37:56,503 - sqlalchemy.engine.Engine - INFO - 
                SELECT 
                    l.id, l.tenant_id, l.start_date, l.end_date, l.monthly_rent, 
                    l.status, l.created_at, l.updated_at,
                    u.first_name, u.last_name, u.email
                FROM leases l
                LEFT JOIN users u ON l.tenant_id = u.id
                WHERE l.property_id = $1 
                AND l.status = 'ACTIVE'
                ORDER BY l.created_at DESC
                LIMIT 1
            
2025-08-10 12:37:56,503 INFO sqlalchemy.engine.Engine [cached since 0.4363s ago] (327360,)
2025-08-10 12:37:56,503 - sqlalchemy.engine.Engine - INFO - [cached since 0.4363s ago] (327360,)
2025-08-10 12:37:56,542 INFO sqlalchemy.engine.Engine 
                SELECT name FROM property_amenities WHERE property_id = $1 ORDER BY name
            
2025-08-10 12:37:56,542 - sqlalchemy.engine.Engine - INFO - 
                SELECT name FROM property_amenities WHERE property_id = $1 ORDER BY name
            
2025-08-10 12:37:56,542 INFO sqlalchemy.engine.Engine [cached since 0.5585s ago] (605737,)
2025-08-10 12:37:56,542 - sqlalchemy.engine.Engine - INFO - [cached since 0.5585s ago] (605737,)
2025-08-10 12:37:56,577 INFO sqlalchemy.engine.Engine 
                SELECT 
                    l.id, l.tenant_id, l.start_date, l.end_date, l.monthly_rent, 
                    l.status, l.created_at, l.updated_at,
                    u.first_name, u.last_name, u.email
                FROM leases l
                LEFT JOIN users u ON l.tenant_id = u.id
                WHERE l.property_id = $1 
                AND l.status = 'ACTIVE'
                ORDER BY l.created_at DESC
                LIMIT 1
            
2025-08-10 12:37:56,577 - sqlalchemy.engine.Engine - INFO - 
                SELECT 
                    l.id, l.tenant_id, l.start_date, l.end_date, l.monthly_rent, 
                    l.status, l.created_at, l.updated_at,
                    u.first_name, u.last_name, u.email
                FROM leases l
                LEFT JOIN users u ON l.tenant_id = u.id
                WHERE l.property_id = $1 
                AND l.status = 'ACTIVE'
                ORDER BY l.created_at DESC
                LIMIT 1
            
2025-08-10 12:37:56,578 INFO sqlalchemy.engine.Engine [cached since 0.5109s ago] (605737,)
2025-08-10 12:37:56,578 - sqlalchemy.engine.Engine - INFO - [cached since 0.5109s ago] (605737,)
2025-08-10 12:37:56,616 INFO sqlalchemy.engine.Engine 
                SELECT name FROM property_amenities WHERE property_id = $1 ORDER BY name
            
2025-08-10 12:37:56,616 - sqlalchemy.engine.Engine - INFO - 
                SELECT name FROM property_amenities WHERE property_id = $1 ORDER BY name
            
2025-08-10 12:37:56,617 INFO sqlalchemy.engine.Engine [cached since 0.6327s ago] (190473,)
2025-08-10 12:37:56,617 - sqlalchemy.engine.Engine - INFO - [cached since 0.6327s ago] (190473,)
2025-08-10 12:37:56,654 INFO sqlalchemy.engine.Engine 
                SELECT 
                    l.id, l.tenant_id, l.start_date, l.end_date, l.monthly_rent, 
                    l.status, l.created_at, l.updated_at,
                    u.first_name, u.last_name, u.email
                FROM leases l
                LEFT JOIN users u ON l.tenant_id = u.id
                WHERE l.property_id = $1 
                AND l.status = 'ACTIVE'
                ORDER BY l.created_at DESC
                LIMIT 1
            
2025-08-10 12:37:56,654 - sqlalchemy.engine.Engine - INFO - 
                SELECT 
                    l.id, l.tenant_id, l.start_date, l.end_date, l.monthly_rent, 
                    l.status, l.created_at, l.updated_at,
                    u.first_name, u.last_name, u.email
                FROM leases l
                LEFT JOIN users u ON l.tenant_id = u.id
                WHERE l.property_id = $1 
                AND l.status = 'ACTIVE'
                ORDER BY l.created_at DESC
                LIMIT 1
            
2025-08-10 12:37:56,654 INFO sqlalchemy.engine.Engine [cached since 0.5872s ago] (190473,)
2025-08-10 12:37:56,654 - sqlalchemy.engine.Engine - INFO - [cached since 0.5872s ago] (190473,)
2025-08-10 12:37:56,690 INFO sqlalchemy.engine.Engine 
                SELECT name FROM property_amenities WHERE property_id = $1 ORDER BY name
            
2025-08-10 12:37:56,690 - sqlalchemy.engine.Engine - INFO - 
                SELECT name FROM property_amenities WHERE property_id = $1 ORDER BY name
            
2025-08-10 12:37:56,690 INFO sqlalchemy.engine.Engine [cached since 0.7063s ago] (233616,)
2025-08-10 12:37:56,690 - sqlalchemy.engine.Engine - INFO - [cached since 0.7063s ago] (233616,)
2025-08-10 12:37:56,730 INFO sqlalchemy.engine.Engine 
                SELECT 
                    l.id, l.tenant_id, l.start_date, l.end_date, l.monthly_rent, 
                    l.status, l.created_at, l.updated_at,
                    u.first_name, u.last_name, u.email
                FROM leases l
                LEFT JOIN users u ON l.tenant_id = u.id
                WHERE l.property_id = $1 
                AND l.status = 'ACTIVE'
                ORDER BY l.created_at DESC
                LIMIT 1
            
2025-08-10 12:37:56,730 - sqlalchemy.engine.Engine - INFO - 
                SELECT 
                    l.id, l.tenant_id, l.start_date, l.end_date, l.monthly_rent, 
                    l.status, l.created_at, l.updated_at,
                    u.first_name, u.last_name, u.email
                FROM leases l
                LEFT JOIN users u ON l.tenant_id = u.id
                WHERE l.property_id = $1 
                AND l.status = 'ACTIVE'
                ORDER BY l.created_at DESC
                LIMIT 1
            
2025-08-10 12:37:56,731 INFO sqlalchemy.engine.Engine [cached since 0.6638s ago] (233616,)
2025-08-10 12:37:56,731 - sqlalchemy.engine.Engine - INFO - [cached since 0.6638s ago] (233616,)
2025-08-10 12:37:56,766 INFO sqlalchemy.engine.Engine 
                SELECT name FROM property_amenities WHERE property_id = $1 ORDER BY name
            
2025-08-10 12:37:56,766 - sqlalchemy.engine.Engine - INFO - 
                SELECT name FROM property_amenities WHERE property_id = $1 ORDER BY name
            
2025-08-10 12:37:56,766 INFO sqlalchemy.engine.Engine [cached since 0.782s ago] (408361,)
2025-08-10 12:37:56,766 - sqlalchemy.engine.Engine - INFO - [cached since 0.782s ago] (408361,)
2025-08-10 12:37:56,802 INFO sqlalchemy.engine.Engine 
                SELECT 
                    l.id, l.tenant_id, l.start_date, l.end_date, l.monthly_rent, 
                    l.status, l.created_at, l.updated_at,
                    u.first_name, u.last_name, u.email
                FROM leases l
                LEFT JOIN users u ON l.tenant_id = u.id
                WHERE l.property_id = $1 
                AND l.status = 'ACTIVE'
                ORDER BY l.created_at DESC
                LIMIT 1
            
2025-08-10 12:37:56,802 - sqlalchemy.engine.Engine - INFO - 
                SELECT 
                    l.id, l.tenant_id, l.start_date, l.end_date, l.monthly_rent, 
                    l.status, l.created_at, l.updated_at,
                    u.first_name, u.last_name, u.email
                FROM leases l
                LEFT JOIN users u ON l.tenant_id = u.id
                WHERE l.property_id = $1 
                AND l.status = 'ACTIVE'
                ORDER BY l.created_at DESC
                LIMIT 1
            
2025-08-10 12:37:56,802 INFO sqlalchemy.engine.Engine [cached since 0.7352s ago] (408361,)
2025-08-10 12:37:56,802 - sqlalchemy.engine.Engine - INFO - [cached since 0.7352s ago] (408361,)
2025-08-10 12:37:56,841 - src.middleware.auth - INFO - Request completed
2025-08-10 12:37:56,842 INFO sqlalchemy.engine.Engine ROLLBACK
2025-08-10 12:37:56,842 - sqlalchemy.engine.Engine - INFO - ROLLBACK
2025-08-10 12:37:59,330 - src.middleware.auth - INFO - Request started
2025-08-10 12:37:59,332 - src.middleware.auth - INFO - Request completed
INFO:     127.0.0.1:49769 - "POST /api/v1/auth/login HTTP/1.1" 200 OK
2025-08-10 12:37:59,346 - src.middleware.auth - INFO - Request started
2025-08-10 12:37:59,346 - src.api.v1.endpoints.dashboard - ERROR - Token validation error: 
2025-08-10 12:37:59,347 - src.middleware.auth - INFO - Request started
2025-08-10 12:37:59,347 - src.middleware.auth - INFO - Request completed
INFO:     127.0.0.1:49769 - "GET /api/v1/dashboard/stats HTTP/1.1" 401 Unauthorized
2025-08-10 12:37:59,349 - src.middleware.auth - INFO - Request started
2025-08-10 12:37:59,349 - src.api.v1.endpoints.dashboard - ERROR - Token validation error: 
2025-08-10 12:37:59,349 - src.middleware.auth - INFO - Request completed
2025-08-10 12:37:59,350 - src.middleware.auth - INFO - Request completed
INFO:     127.0.0.1:49784 - "GET /api/v1/auth/me HTTP/1.1" 200 OK
INFO:     127.0.0.1:49769 - "GET /api/v1/dashboard/stats HTTP/1.1" 401 Unauthorized
2025-08-10 12:38:01,030 - src.middleware.auth - INFO - Request started
2025-08-10 12:38:01,031 - src.middleware.auth - INFO - Request started
2025-08-10 12:38:01,032 - src.middleware.auth - INFO - Request started
2025-08-10 12:38:01,032 - src.middleware.auth - INFO - Request completed
2025-08-10 12:38:01,032 - src.middleware.auth - INFO - Request completed
INFO:     127.0.0.1:49784 - "OPTIONS /api/v1/leases/ HTTP/1.1" 200 OK
INFO:     127.0.0.1:49786 - "OPTIONS /api/v1/leases/ HTTP/1.1" 200 OK
2025-08-10 12:38:01,035 - src.middleware.auth - INFO - Request started
2025-08-10 12:38:01,174 INFO sqlalchemy.engine.Engine BEGIN (implicit)
2025-08-10 12:38:01,174 - sqlalchemy.engine.Engine - INFO - BEGIN (implicit)
2025-08-10 12:38:01,176 INFO sqlalchemy.engine.Engine 
            SELECT id, first_name, last_name, email, phone, status, created_at, updated_at,
                   date_of_birth, social_security_number, notes, move_in_date, move_out_date,
                   employer, position, monthly_income, employment_start_date,
                   emergency_contact_name, emergency_contact_phone, emergency_contact_relationship,
                   address_line1, city, state, zip_code, country
            FROM users 
            WHERE role = 'TENANT' 
            ORDER BY first_name, last_name
        
2025-08-10 12:38:01,176 - sqlalchemy.engine.Engine - INFO - 
            SELECT id, first_name, last_name, email, phone, status, created_at, updated_at,
                   date_of_birth, social_security_number, notes, move_in_date, move_out_date,
                   employer, position, monthly_income, employment_start_date,
                   emergency_contact_name, emergency_contact_phone, emergency_contact_relationship,
                   address_line1, city, state, zip_code, country
            FROM users 
            WHERE role = 'TENANT' 
            ORDER BY first_name, last_name
        
2025-08-10 12:38:01,176 INFO sqlalchemy.engine.Engine [generated in 0.00052s] ()
2025-08-10 12:38:01,176 - sqlalchemy.engine.Engine - INFO - [generated in 0.00052s] ()
2025-08-10 12:38:01,413 - src.api.v1.endpoints.users - INFO - Found 4 tenants in database
2025-08-10 12:38:01,414 - src.middleware.auth - INFO - Request completed
2025-08-10 12:38:01,414 INFO sqlalchemy.engine.Engine ROLLBACK
2025-08-10 12:38:01,414 - sqlalchemy.engine.Engine - INFO - ROLLBACK
2025-08-10 12:38:01,519 INFO sqlalchemy.engine.Engine BEGIN (implicit)
2025-08-10 12:38:01,519 - sqlalchemy.engine.Engine - INFO - BEGIN (implicit)
2025-08-10 12:38:01,519 INFO sqlalchemy.engine.Engine 
            SELECT 
                l.id, l.property_id, l.tenant_id, l.landlord_id,
                l.start_date, l.end_date, l.monthly_rent, l.security_deposit, 
                l.late_fee, l.late_fee_grace_days, l.status,
                l.created_at, l.updated_at,
                p.title as property_title, p.address_line1, p.city,
                u.first_name, u.last_name, u.email
            FROM leases l
            LEFT JOIN properties p ON l.property_id = p.id
            LEFT JOIN users u ON l.tenant_id = u.id
            ORDER BY l.created_at DESC
        
2025-08-10 12:38:01,519 - sqlalchemy.engine.Engine - INFO - 
            SELECT 
                l.id, l.property_id, l.tenant_id, l.landlord_id,
                l.start_date, l.end_date, l.monthly_rent, l.security_deposit, 
                l.late_fee, l.late_fee_grace_days, l.status,
                l.created_at, l.updated_at,
                p.title as property_title, p.address_line1, p.city,
                u.first_name, u.last_name, u.email
            FROM leases l
            LEFT JOIN properties p ON l.property_id = p.id
            LEFT JOIN users u ON l.tenant_id = u.id
            ORDER BY l.created_at DESC
        
2025-08-10 12:38:01,520 INFO sqlalchemy.engine.Engine [generated in 0.00038s] ()
2025-08-10 12:38:01,520 - sqlalchemy.engine.Engine - INFO - [generated in 0.00038s] ()
2025-08-10 12:38:01,923 - src.api.v1.endpoints.leases - INFO - Found 4 leases in PostgreSQL database
2025-08-10 12:38:01,923 - src.api.v1.endpoints.leases - INFO - Returning 4 formatted leases from PostgreSQL
2025-08-10 12:38:01,925 - src.middleware.auth - INFO - Request completed
2025-08-10 12:38:01,926 INFO sqlalchemy.engine.Engine ROLLBACK
2025-08-10 12:38:01,926 - sqlalchemy.engine.Engine - INFO - ROLLBACK
2025-08-10 12:38:49,631 - src.middleware.rate_limit - DEBUG - Cleaned up rate limit data for 0 clients
2025-08-10 12:39:49,634 - src.middleware.rate_limit - DEBUG - Cleaned up rate limit data for 1 clients
2025-08-10 12:40:49,638 - src.middleware.rate_limit - DEBUG - Cleaned up rate limit data for 0 clients
2025-08-10 12:41:49,642 - src.middleware.rate_limit - DEBUG - Cleaned up rate limit data for 0 clients
2025-08-10 12:49:41,150 - src.middleware.rate_limit - DEBUG - Cleaned up rate limit data for 0 clients
2025-08-10 12:50:41,153 - src.middleware.rate_limit - DEBUG - Cleaned up rate limit data for 0 clients
2025-08-10 12:51:41,158 - src.middleware.rate_limit - DEBUG - Cleaned up rate limit data for 0 clients
2025-08-10 12:52:51,884 - src.middleware.rate_limit - DEBUG - Cleaned up rate limit data for 0 clients
2025-08-10 12:53:56,063 - src.middleware.rate_limit - DEBUG - Cleaned up rate limit data for 0 clients
2025-08-10 12:55:48,195 - src.middleware.rate_limit - DEBUG - Cleaned up rate limit data for 0 clients
2025-08-10 12:58:47,999 - src.middleware.rate_limit - DEBUG - Cleaned up rate limit data for 0 clients
2025-08-10 13:02:05,323 - src.middleware.rate_limit - DEBUG - Cleaned up rate limit data for 0 clients
2025-08-10 13:07:03,597 - src.middleware.rate_limit - DEBUG - Cleaned up rate limit data for 0 clients
2025-08-10 13:10:49,095 - src.middleware.rate_limit - DEBUG - Cleaned up rate limit data for 0 clients
2025-08-10 13:26:21,817 - src.middleware.rate_limit - DEBUG - Cleaned up rate limit data for 0 clients
2025-08-10 13:33:00,486 - src.middleware.rate_limit - DEBUG - Cleaned up rate limit data for 0 clients
2025-08-10 13:34:53,128 - src.middleware.rate_limit - DEBUG - Cleaned up rate limit data for 0 clients
2025-08-10 13:40:53,535 - src.middleware.rate_limit - DEBUG - Cleaned up rate limit data for 0 clients
2025-08-10 13:41:53,536 - src.middleware.rate_limit - DEBUG - Cleaned up rate limit data for 0 clients
2025-08-10 13:42:53,538 - src.middleware.rate_limit - DEBUG - Cleaned up rate limit data for 0 clients
2025-08-10 13:43:53,539 - src.middleware.rate_limit - DEBUG - Cleaned up rate limit data for 0 clients
2025-08-10 13:44:53,540 - src.middleware.rate_limit - DEBUG - Cleaned up rate limit data for 0 clients
2025-08-10 13:45:53,542 - src.middleware.rate_limit - DEBUG - Cleaned up rate limit data for 0 clients
2025-08-10 13:46:53,543 - src.middleware.rate_limit - DEBUG - Cleaned up rate limit data for 0 clients
2025-08-10 13:47:53,543 - src.middleware.rate_limit - DEBUG - Cleaned up rate limit data for 0 clients
2025-08-10 13:48:53,544 - src.middleware.rate_limit - DEBUG - Cleaned up rate limit data for 0 clients
2025-08-10 13:49:53,547 - src.middleware.rate_limit - DEBUG - Cleaned up rate limit data for 0 clients
2025-08-10 13:50:53,550 - src.middleware.rate_limit - DEBUG - Cleaned up rate limit data for 0 clients
2025-08-10 13:51:53,553 - src.middleware.rate_limit - DEBUG - Cleaned up rate limit data for 0 clients
2025-08-10 13:52:53,554 - src.middleware.rate_limit - DEBUG - Cleaned up rate limit data for 0 clients
2025-08-10 13:53:53,557 - src.middleware.rate_limit - DEBUG - Cleaned up rate limit data for 0 clients
2025-08-10 13:54:53,558 - src.middleware.rate_limit - DEBUG - Cleaned up rate limit data for 0 clients
2025-08-10 13:55:53,559 - src.middleware.rate_limit - DEBUG - Cleaned up rate limit data for 0 clients
2025-08-10 13:56:53,561 - src.middleware.rate_limit - DEBUG - Cleaned up rate limit data for 0 clients
2025-08-10 13:57:53,562 - src.middleware.rate_limit - DEBUG - Cleaned up rate limit data for 0 clients
2025-08-10 13:58:53,564 - src.middleware.rate_limit - DEBUG - Cleaned up rate limit data for 0 clients
2025-08-10 13:59:53,564 - src.middleware.rate_limit - DEBUG - Cleaned up rate limit data for 0 clients
2025-08-10 14:00:53,565 - src.middleware.rate_limit - DEBUG - Cleaned up rate limit data for 0 clients
2025-08-10 14:01:53,565 - src.middleware.rate_limit - DEBUG - Cleaned up rate limit data for 0 clients
2025-08-10 14:02:53,565 - src.middleware.rate_limit - DEBUG - Cleaned up rate limit data for 0 clients
2025-08-10 14:03:53,568 - src.middleware.rate_limit - DEBUG - Cleaned up rate limit data for 0 clients
2025-08-10 14:04:53,569 - src.middleware.rate_limit - DEBUG - Cleaned up rate limit data for 0 clients
2025-08-10 14:05:53,569 - src.middleware.rate_limit - DEBUG - Cleaned up rate limit data for 0 clients
2025-08-10 14:06:53,571 - src.middleware.rate_limit - DEBUG - Cleaned up rate limit data for 0 clients
2025-08-10 14:07:53,572 - src.middleware.rate_limit - DEBUG - Cleaned up rate limit data for 0 clients
2025-08-10 14:08:53,573 - src.middleware.rate_limit - DEBUG - Cleaned up rate limit data for 0 clients
2025-08-10 14:09:53,575 - src.middleware.rate_limit - DEBUG - Cleaned up rate limit data for 0 clients
2025-08-10 14:10:53,575 - src.middleware.rate_limit - DEBUG - Cleaned up rate limit data for 0 clients
2025-08-10 14:11:53,618 - src.middleware.rate_limit - DEBUG - Cleaned up rate limit data for 0 clients
2025-08-10 14:12:53,622 - src.middleware.rate_limit - DEBUG - Cleaned up rate limit data for 0 clients
2025-08-10 14:13:53,624 - src.middleware.rate_limit - DEBUG - Cleaned up rate limit data for 0 clients
2025-08-10 14:15:05,394 - src.middleware.rate_limit - DEBUG - Cleaned up rate limit data for 0 clients
2025-08-10 14:16:05,513 - src.middleware.rate_limit - DEBUG - Cleaned up rate limit data for 0 clients
2025-08-10 14:17:05,513 - src.middleware.rate_limit - DEBUG - Cleaned up rate limit data for 0 clients
2025-08-10 14:18:05,516 - src.middleware.rate_limit - DEBUG - Cleaned up rate limit data for 0 clients
2025-08-10 14:19:05,517 - src.middleware.rate_limit - DEBUG - Cleaned up rate limit data for 0 clients
2025-08-10 14:20:05,520 - src.middleware.rate_limit - DEBUG - Cleaned up rate limit data for 0 clients
2025-08-10 14:21:22,553 - src.middleware.rate_limit - DEBUG - Cleaned up rate limit data for 0 clients
2025-08-10 14:22:27,678 - src.middleware.rate_limit - DEBUG - Cleaned up rate limit data for 0 clients
2025-08-10 14:32:15,565 - src.middleware.rate_limit - DEBUG - Cleaned up rate limit data for 0 clients
2025-08-10 14:45:27,228 - src.middleware.rate_limit - DEBUG - Cleaned up rate limit data for 0 clients
2025-08-10 14:48:22,944 - src.middleware.rate_limit - DEBUG - Cleaned up rate limit data for 0 clients
2025-08-10 14:53:33,131 - src.middleware.rate_limit - DEBUG - Cleaned up rate limit data for 0 clients
2025-08-10 14:55:12,988 - src.middleware.rate_limit - DEBUG - Cleaned up rate limit data for 0 clients
2025-08-10 14:56:12,994 - src.middleware.rate_limit - DEBUG - Cleaned up rate limit data for 0 clients
2025-08-10 14:58:11,478 - src.middleware.rate_limit - DEBUG - Cleaned up rate limit data for 0 clients
2025-08-10 15:08:07,358 - src.middleware.rate_limit - DEBUG - Cleaned up rate limit data for 0 clients
2025-08-10 15:09:20,782 - src.middleware.rate_limit - DEBUG - Cleaned up rate limit data for 0 clients
2025-08-10 15:12:16,509 - src.middleware.rate_limit - DEBUG - Cleaned up rate limit data for 0 clients
2025-08-10 15:15:42,335 - src.middleware.rate_limit - DEBUG - Cleaned up rate limit data for 0 clients
2025-08-10 15:18:52,804 - src.middleware.rate_limit - DEBUG - Cleaned up rate limit data for 0 clients
2025-08-10 15:26:42,939 - src.middleware.rate_limit - DEBUG - Cleaned up rate limit data for 0 clients
2025-08-10 15:34:06,848 - src.middleware.rate_limit - DEBUG - Cleaned up rate limit data for 0 clients
2025-08-10 15:44:45,529 - src.middleware.rate_limit - DEBUG - Cleaned up rate limit data for 0 clients
2025-08-10 15:46:46,560 - src.middleware.rate_limit - DEBUG - Cleaned up rate limit data for 0 clients
2025-08-10 16:03:44,993 - src.middleware.rate_limit - DEBUG - Cleaned up rate limit data for 0 clients
2025-08-10 16:10:13,769 - src.middleware.rate_limit - DEBUG - Cleaned up rate limit data for 0 clients
2025-08-10 16:21:02,998 - src.middleware.rate_limit - DEBUG - Cleaned up rate limit data for 0 clients
2025-08-10 16:37:29,012 - src.middleware.rate_limit - DEBUG - Cleaned up rate limit data for 0 clients
2025-08-10 16:54:22,010 - src.middleware.rate_limit - DEBUG - Cleaned up rate limit data for 0 clients
2025-08-10 17:01:13,604 - src.middleware.rate_limit - DEBUG - Cleaned up rate limit data for 0 clients
2025-08-10 17:19:09,986 - src.middleware.rate_limit - DEBUG - Cleaned up rate limit data for 0 clients
2025-08-10 17:22:03,987 - src.middleware.rate_limit - DEBUG - Cleaned up rate limit data for 0 clients
2025-08-10 17:23:42,714 - src.middleware.rate_limit - DEBUG - Cleaned up rate limit data for 0 clients
2025-08-10 17:41:04,019 - src.middleware.rate_limit - DEBUG - Cleaned up rate limit data for 0 clients
2025-08-10 17:43:37,653 - src.middleware.rate_limit - DEBUG - Cleaned up rate limit data for 0 clients
2025-08-10 17:46:23,754 - src.middleware.rate_limit - DEBUG - Cleaned up rate limit data for 0 clients
2025-08-10 17:47:23,756 - src.middleware.rate_limit - DEBUG - Cleaned up rate limit data for 0 clients
2025-08-10 17:48:23,759 - src.middleware.rate_limit - DEBUG - Cleaned up rate limit data for 0 clients
2025-08-10 17:56:01,607 - src.middleware.rate_limit - DEBUG - Cleaned up rate limit data for 0 clients
2025-08-10 17:57:37,754 - src.middleware.rate_limit - DEBUG - Cleaned up rate limit data for 0 clients
2025-08-10 18:00:20,262 - src.middleware.rate_limit - DEBUG - Cleaned up rate limit data for 0 clients
2025-08-10 18:12:05,802 - src.middleware.rate_limit - DEBUG - Cleaned up rate limit data for 0 clients
2025-08-10 18:13:05,800 - src.middleware.rate_limit - DEBUG - Cleaned up rate limit data for 0 clients
2025-08-10 18:14:05,803 - src.middleware.rate_limit - DEBUG - Cleaned up rate limit data for 0 clients
2025-08-10 18:16:10,605 - src.middleware.rate_limit - DEBUG - Cleaned up rate limit data for 0 clients
2025-08-10 18:17:10,586 - src.middleware.rate_limit - DEBUG - Cleaned up rate limit data for 0 clients
2025-08-10 18:18:10,587 - src.middleware.rate_limit - DEBUG - Cleaned up rate limit data for 0 clients
2025-08-10 18:19:10,589 - src.middleware.rate_limit - DEBUG - Cleaned up rate limit data for 0 clients
2025-08-10 18:20:10,591 - src.middleware.rate_limit - DEBUG - Cleaned up rate limit data for 0 clients
2025-08-10 18:21:10,592 - src.middleware.rate_limit - DEBUG - Cleaned up rate limit data for 0 clients
2025-08-10 18:22:10,593 - src.middleware.rate_limit - DEBUG - Cleaned up rate limit data for 0 clients
2025-08-10 18:23:10,595 - src.middleware.rate_limit - DEBUG - Cleaned up rate limit data for 0 clients
2025-08-10 18:24:44,259 - src.middleware.rate_limit - DEBUG - Cleaned up rate limit data for 0 clients
2025-08-10 18:25:56,287 - src.middleware.rate_limit - DEBUG - Cleaned up rate limit data for 0 clients
2025-08-10 18:26:56,288 - src.middleware.rate_limit - DEBUG - Cleaned up rate limit data for 0 clients
2025-08-10 18:27:56,291 - src.middleware.rate_limit - DEBUG - Cleaned up rate limit data for 0 clients
2025-08-10 18:28:56,291 - src.middleware.rate_limit - DEBUG - Cleaned up rate limit data for 0 clients
2025-08-10 18:29:56,294 - src.middleware.rate_limit - DEBUG - Cleaned up rate limit data for 0 clients
2025-08-10 18:30:56,295 - src.middleware.rate_limit - DEBUG - Cleaned up rate limit data for 0 clients
2025-08-10 18:31:56,296 - src.middleware.rate_limit - DEBUG - Cleaned up rate limit data for 0 clients
2025-08-10 18:32:56,298 - src.middleware.rate_limit - DEBUG - Cleaned up rate limit data for 0 clients
2025-08-10 18:33:56,299 - src.middleware.rate_limit - DEBUG - Cleaned up rate limit data for 0 clients
2025-08-10 18:34:56,300 - src.middleware.rate_limit - DEBUG - Cleaned up rate limit data for 0 clients
2025-08-10 18:35:56,300 - src.middleware.rate_limit - DEBUG - Cleaned up rate limit data for 0 clients
2025-08-10 18:36:56,302 - src.middleware.rate_limit - DEBUG - Cleaned up rate limit data for 0 clients
2025-08-10 18:37:56,303 - src.middleware.rate_limit - DEBUG - Cleaned up rate limit data for 0 clients
2025-08-10 18:38:56,306 - src.middleware.rate_limit - DEBUG - Cleaned up rate limit data for 0 clients
2025-08-10 18:39:56,307 - src.middleware.rate_limit - DEBUG - Cleaned up rate limit data for 0 clients
2025-08-10 18:40:56,309 - src.middleware.rate_limit - DEBUG - Cleaned up rate limit data for 0 clients
2025-08-10 18:41:56,309 - src.middleware.rate_limit - DEBUG - Cleaned up rate limit data for 0 clients
2025-08-10 18:42:56,312 - src.middleware.rate_limit - DEBUG - Cleaned up rate limit data for 0 clients
2025-08-10 18:43:56,313 - src.middleware.rate_limit - DEBUG - Cleaned up rate limit data for 0 clients
2025-08-10 18:44:56,315 - src.middleware.rate_limit - DEBUG - Cleaned up rate limit data for 0 clients
2025-08-10 18:45:56,318 - src.middleware.rate_limit - DEBUG - Cleaned up rate limit data for 0 clients
2025-08-10 18:46:56,319 - src.middleware.rate_limit - DEBUG - Cleaned up rate limit data for 0 clients
2025-08-10 18:47:56,321 - src.middleware.rate_limit - DEBUG - Cleaned up rate limit data for 0 clients
2025-08-10 18:48:56,323 - src.middleware.rate_limit - DEBUG - Cleaned up rate limit data for 0 clients
2025-08-10 18:49:56,337 - src.middleware.rate_limit - DEBUG - Cleaned up rate limit data for 0 clients
2025-08-10 18:50:56,342 - src.middleware.rate_limit - DEBUG - Cleaned up rate limit data for 0 clients
2025-08-10 18:51:56,345 - src.middleware.rate_limit - DEBUG - Cleaned up rate limit data for 0 clients
2025-08-10 18:52:56,347 - src.middleware.rate_limit - DEBUG - Cleaned up rate limit data for 0 clients
2025-08-10 18:53:56,350 - src.middleware.rate_limit - DEBUG - Cleaned up rate limit data for 0 clients
2025-08-10 18:54:56,368 - src.middleware.rate_limit - DEBUG - Cleaned up rate limit data for 0 clients
2025-08-10 18:55:56,377 - src.middleware.rate_limit - DEBUG - Cleaned up rate limit data for 0 clients
2025-08-10 18:56:56,379 - src.middleware.rate_limit - DEBUG - Cleaned up rate limit data for 0 clients
2025-08-10 18:57:56,381 - src.middleware.rate_limit - DEBUG - Cleaned up rate limit data for 0 clients
2025-08-10 18:58:56,383 - src.middleware.rate_limit - DEBUG - Cleaned up rate limit data for 0 clients
2025-08-10 18:59:56,386 - src.middleware.rate_limit - DEBUG - Cleaned up rate limit data for 0 clients
2025-08-10 19:00:56,389 - src.middleware.rate_limit - DEBUG - Cleaned up rate limit data for 0 clients
2025-08-10 19:01:56,392 - src.middleware.rate_limit - DEBUG - Cleaned up rate limit data for 0 clients
2025-08-10 19:02:56,395 - src.middleware.rate_limit - DEBUG - Cleaned up rate limit data for 0 clients
2025-08-10 19:03:56,397 - src.middleware.rate_limit - DEBUG - Cleaned up rate limit data for 0 clients
2025-08-10 19:04:56,401 - src.middleware.rate_limit - DEBUG - Cleaned up rate limit data for 0 clients
2025-08-10 19:05:56,403 - src.middleware.rate_limit - DEBUG - Cleaned up rate limit data for 0 clients
2025-08-10 19:06:56,406 - src.middleware.rate_limit - DEBUG - Cleaned up rate limit data for 0 clients
2025-08-10 19:07:56,408 - src.middleware.rate_limit - DEBUG - Cleaned up rate limit data for 0 clients
2025-08-10 19:08:56,412 - src.middleware.rate_limit - DEBUG - Cleaned up rate limit data for 0 clients
2025-08-10 19:09:56,415 - src.middleware.rate_limit - DEBUG - Cleaned up rate limit data for 0 clients
2025-08-10 19:10:56,417 - src.middleware.rate_limit - DEBUG - Cleaned up rate limit data for 0 clients
2025-08-10 19:11:56,420 - src.middleware.rate_limit - DEBUG - Cleaned up rate limit data for 0 clients
2025-08-10 19:12:56,424 - src.middleware.rate_limit - DEBUG - Cleaned up rate limit data for 0 clients
2025-08-10 19:13:56,426 - src.middleware.rate_limit - DEBUG - Cleaned up rate limit data for 0 clients
2025-08-10 19:14:56,430 - src.middleware.rate_limit - DEBUG - Cleaned up rate limit data for 0 clients
2025-08-10 19:15:56,432 - src.middleware.rate_limit - DEBUG - Cleaned up rate limit data for 0 clients
2025-08-10 19:16:56,435 - src.middleware.rate_limit - DEBUG - Cleaned up rate limit data for 0 clients
2025-08-10 19:17:56,437 - src.middleware.rate_limit - DEBUG - Cleaned up rate limit data for 0 clients
2025-08-10 19:19:37,076 - src.middleware.rate_limit - DEBUG - Cleaned up rate limit data for 0 clients
2025-08-10 19:23:04,134 - src.middleware.rate_limit - DEBUG - Cleaned up rate limit data for 0 clients
2025-08-10 19:24:54,426 - src.middleware.rate_limit - DEBUG - Cleaned up rate limit data for 0 clients
2025-08-10 19:27:45,135 - src.middleware.rate_limit - DEBUG - Cleaned up rate limit data for 0 clients
2025-08-10 19:29:13,617 - src.middleware.rate_limit - DEBUG - Cleaned up rate limit data for 0 clients
2025-08-10 19:33:45,482 - src.middleware.rate_limit - DEBUG - Cleaned up rate limit data for 0 clients
2025-08-10 19:34:45,491 - src.middleware.rate_limit - DEBUG - Cleaned up rate limit data for 0 clients
2025-08-10 19:39:39,084 - src.middleware.rate_limit - DEBUG - Cleaned up rate limit data for 0 clients
2025-08-10 19:42:12,085 - src.middleware.rate_limit - DEBUG - Cleaned up rate limit data for 0 clients
2025-08-10 19:43:12,905 - src.middleware.rate_limit - DEBUG - Cleaned up rate limit data for 0 clients
2025-08-10 19:48:26,767 - src.middleware.rate_limit - DEBUG - Cleaned up rate limit data for 0 clients
2025-08-10 19:49:26,771 - src.middleware.rate_limit - DEBUG - Cleaned up rate limit data for 0 clients
2025-08-10 19:50:26,752 - src.middleware.rate_limit - DEBUG - Cleaned up rate limit data for 0 clients
2025-08-10 19:51:26,754 - src.middleware.rate_limit - DEBUG - Cleaned up rate limit data for 0 clients
2025-08-10 19:53:25,529 - src.middleware.rate_limit - DEBUG - Cleaned up rate limit data for 0 clients
2025-08-10 19:57:11,866 - src.middleware.rate_limit - DEBUG - Cleaned up rate limit data for 0 clients
2025-08-10 20:01:23,666 - src.middleware.rate_limit - DEBUG - Cleaned up rate limit data for 0 clients
2025-08-10 20:02:23,669 - src.middleware.rate_limit - DEBUG - Cleaned up rate limit data for 0 clients
2025-08-10 20:05:16,531 - src.middleware.rate_limit - DEBUG - Cleaned up rate limit data for 0 clients
2025-08-10 20:07:06,487 - src.middleware.rate_limit - DEBUG - Cleaned up rate limit data for 0 clients
2025-08-10 20:08:06,608 - src.middleware.rate_limit - DEBUG - Cleaned up rate limit data for 0 clients
2025-08-10 20:09:06,609 - src.middleware.rate_limit - DEBUG - Cleaned up rate limit data for 0 clients
2025-08-10 20:10:06,611 - src.middleware.rate_limit - DEBUG - Cleaned up rate limit data for 0 clients
2025-08-10 20:11:06,615 - src.middleware.rate_limit - DEBUG - Cleaned up rate limit data for 0 clients
2025-08-10 20:12:06,617 - src.middleware.rate_limit - DEBUG - Cleaned up rate limit data for 0 clients
2025-08-10 20:13:06,622 - src.middleware.rate_limit - DEBUG - Cleaned up rate limit data for 0 clients
2025-08-10 20:14:06,624 - src.middleware.rate_limit - DEBUG - Cleaned up rate limit data for 0 clients
2025-08-10 20:16:24,772 - src.middleware.rate_limit - DEBUG - Cleaned up rate limit data for 0 clients
2025-08-10 20:17:24,775 - src.middleware.rate_limit - DEBUG - Cleaned up rate limit data for 0 clients
2025-08-10 20:18:24,777 - src.middleware.rate_limit - DEBUG - Cleaned up rate limit data for 0 clients
2025-08-10 20:19:24,779 - src.middleware.rate_limit - DEBUG - Cleaned up rate limit data for 0 clients
2025-08-10 20:20:24,782 - src.middleware.rate_limit - DEBUG - Cleaned up rate limit data for 0 clients
2025-08-10 20:21:24,783 - src.middleware.rate_limit - DEBUG - Cleaned up rate limit data for 0 clients
2025-08-10 20:22:24,785 - src.middleware.rate_limit - DEBUG - Cleaned up rate limit data for 0 clients
2025-08-10 20:23:24,788 - src.middleware.rate_limit - DEBUG - Cleaned up rate limit data for 0 clients
2025-08-10 20:24:24,790 - src.middleware.rate_limit - DEBUG - Cleaned up rate limit data for 0 clients
2025-08-10 20:25:24,792 - src.middleware.rate_limit - DEBUG - Cleaned up rate limit data for 0 clients
2025-08-10 20:26:24,795 - src.middleware.rate_limit - DEBUG - Cleaned up rate limit data for 0 clients
2025-08-10 20:27:24,798 - src.middleware.rate_limit - DEBUG - Cleaned up rate limit data for 0 clients
2025-08-10 20:28:24,801 - src.middleware.rate_limit - DEBUG - Cleaned up rate limit data for 0 clients
2025-08-10 20:29:24,803 - src.middleware.rate_limit - DEBUG - Cleaned up rate limit data for 0 clients
2025-08-10 20:30:24,805 - src.middleware.rate_limit - DEBUG - Cleaned up rate limit data for 0 clients
2025-08-10 20:31:24,809 - src.middleware.rate_limit - DEBUG - Cleaned up rate limit data for 0 clients
2025-08-10 20:32:24,811 - src.middleware.rate_limit - DEBUG - Cleaned up rate limit data for 0 clients
2025-08-10 20:33:24,814 - src.middleware.rate_limit - DEBUG - Cleaned up rate limit data for 0 clients
2025-08-10 20:34:24,815 - src.middleware.rate_limit - DEBUG - Cleaned up rate limit data for 0 clients
2025-08-10 20:35:24,818 - src.middleware.rate_limit - DEBUG - Cleaned up rate limit data for 0 clients
2025-08-10 20:36:24,820 - src.middleware.rate_limit - DEBUG - Cleaned up rate limit data for 0 clients
2025-08-10 20:37:24,822 - src.middleware.rate_limit - DEBUG - Cleaned up rate limit data for 0 clients
2025-08-10 20:38:24,825 - src.middleware.rate_limit - DEBUG - Cleaned up rate limit data for 0 clients
2025-08-10 20:39:24,887 - src.middleware.rate_limit - DEBUG - Cleaned up rate limit data for 0 clients
2025-08-10 20:40:24,891 - src.middleware.rate_limit - DEBUG - Cleaned up rate limit data for 0 clients
2025-08-10 20:41:24,894 - src.middleware.rate_limit - DEBUG - Cleaned up rate limit data for 0 clients
2025-08-10 20:42:24,898 - src.middleware.rate_limit - DEBUG - Cleaned up rate limit data for 0 clients
2025-08-10 20:43:24,901 - src.middleware.rate_limit - DEBUG - Cleaned up rate limit data for 0 clients
2025-08-10 20:44:24,905 - src.middleware.rate_limit - DEBUG - Cleaned up rate limit data for 0 clients
2025-08-10 20:45:24,910 - src.middleware.rate_limit - DEBUG - Cleaned up rate limit data for 0 clients
2025-08-10 20:46:24,914 - src.middleware.rate_limit - DEBUG - Cleaned up rate limit data for 0 clients
2025-08-10 20:47:24,919 - src.middleware.rate_limit - DEBUG - Cleaned up rate limit data for 0 clients
2025-08-10 20:48:24,923 - src.middleware.rate_limit - DEBUG - Cleaned up rate limit data for 0 clients
2025-08-10 20:49:24,928 - src.middleware.rate_limit - DEBUG - Cleaned up rate limit data for 0 clients
2025-08-10 20:50:24,931 - src.middleware.rate_limit - DEBUG - Cleaned up rate limit data for 0 clients
2025-08-10 20:51:24,933 - src.middleware.rate_limit - DEBUG - Cleaned up rate limit data for 0 clients
2025-08-10 20:52:24,937 - src.middleware.rate_limit - DEBUG - Cleaned up rate limit data for 0 clients
2025-08-10 20:53:24,943 - src.middleware.rate_limit - DEBUG - Cleaned up rate limit data for 0 clients
2025-08-10 20:54:24,947 - src.middleware.rate_limit - DEBUG - Cleaned up rate limit data for 0 clients
2025-08-10 20:55:24,950 - src.middleware.rate_limit - DEBUG - Cleaned up rate limit data for 0 clients
2025-08-10 20:56:24,954 - src.middleware.rate_limit - DEBUG - Cleaned up rate limit data for 0 clients
2025-08-10 20:57:24,957 - src.middleware.rate_limit - DEBUG - Cleaned up rate limit data for 0 clients
2025-08-10 20:58:24,962 - src.middleware.rate_limit - DEBUG - Cleaned up rate limit data for 0 clients
2025-08-10 20:59:24,966 - src.middleware.rate_limit - DEBUG - Cleaned up rate limit data for 0 clients
2025-08-10 21:00:24,970 - src.middleware.rate_limit - DEBUG - Cleaned up rate limit data for 0 clients
2025-08-10 21:01:24,974 - src.middleware.rate_limit - DEBUG - Cleaned up rate limit data for 0 clients
2025-08-10 21:02:24,977 - src.middleware.rate_limit - DEBUG - Cleaned up rate limit data for 0 clients
2025-08-10 21:03:24,981 - src.middleware.rate_limit - DEBUG - Cleaned up rate limit data for 0 clients
2025-08-10 21:04:24,985 - src.middleware.rate_limit - DEBUG - Cleaned up rate limit data for 0 clients
2025-08-10 21:05:24,987 - src.middleware.rate_limit - DEBUG - Cleaned up rate limit data for 0 clients
2025-08-10 21:06:24,990 - src.middleware.rate_limit - DEBUG - Cleaned up rate limit data for 0 clients
2025-08-10 21:07:24,994 - src.middleware.rate_limit - DEBUG - Cleaned up rate limit data for 0 clients
2025-08-10 21:08:24,997 - src.middleware.rate_limit - DEBUG - Cleaned up rate limit data for 0 clients
2025-08-10 21:09:25,000 - src.middleware.rate_limit - DEBUG - Cleaned up rate limit data for 0 clients
2025-08-10 21:10:25,004 - src.middleware.rate_limit - DEBUG - Cleaned up rate limit data for 0 clients
2025-08-10 21:11:25,008 - src.middleware.rate_limit - DEBUG - Cleaned up rate limit data for 0 clients
2025-08-10 21:12:24,998 - src.middleware.rate_limit - DEBUG - Cleaned up rate limit data for 0 clients
2025-08-10 21:13:25,000 - src.middleware.rate_limit - DEBUG - Cleaned up rate limit data for 0 clients
2025-08-10 21:14:25,002 - src.middleware.rate_limit - DEBUG - Cleaned up rate limit data for 0 clients
2025-08-10 21:15:25,005 - src.middleware.rate_limit - DEBUG - Cleaned up rate limit data for 0 clients
2025-08-10 21:16:25,008 - src.middleware.rate_limit - DEBUG - Cleaned up rate limit data for 0 clients
2025-08-10 21:19:06,735 - src.middleware.rate_limit - DEBUG - Cleaned up rate limit data for 0 clients
2025-08-10 21:20:06,737 - src.middleware.rate_limit - DEBUG - Cleaned up rate limit data for 0 clients
2025-08-10 21:21:06,740 - src.middleware.rate_limit - DEBUG - Cleaned up rate limit data for 0 clients
2025-08-10 21:22:06,743 - src.middleware.rate_limit - DEBUG - Cleaned up rate limit data for 0 clients
2025-08-10 21:23:06,747 - src.middleware.rate_limit - DEBUG - Cleaned up rate limit data for 0 clients
2025-08-10 21:24:06,749 - src.middleware.rate_limit - DEBUG - Cleaned up rate limit data for 0 clients
2025-08-10 21:25:06,752 - src.middleware.rate_limit - DEBUG - Cleaned up rate limit data for 0 clients
2025-08-10 21:26:06,755 - src.middleware.rate_limit - DEBUG - Cleaned up rate limit data for 0 clients
2025-08-10 21:27:06,758 - src.middleware.rate_limit - DEBUG - Cleaned up rate limit data for 0 clients
2025-08-10 21:28:06,760 - src.middleware.rate_limit - DEBUG - Cleaned up rate limit data for 0 clients
2025-08-10 21:29:06,765 - src.middleware.rate_limit - DEBUG - Cleaned up rate limit data for 0 clients
2025-08-10 21:30:06,767 - src.middleware.rate_limit - DEBUG - Cleaned up rate limit data for 0 clients
2025-08-10 21:31:06,771 - src.middleware.rate_limit - DEBUG - Cleaned up rate limit data for 0 clients
2025-08-10 21:32:06,772 - src.middleware.rate_limit - DEBUG - Cleaned up rate limit data for 0 clients
2025-08-10 21:33:06,776 - src.middleware.rate_limit - DEBUG - Cleaned up rate limit data for 0 clients
2025-08-10 21:34:06,779 - src.middleware.rate_limit - DEBUG - Cleaned up rate limit data for 0 clients
2025-08-10 21:35:06,783 - src.middleware.rate_limit - DEBUG - Cleaned up rate limit data for 0 clients
2025-08-10 21:36:06,786 - src.middleware.rate_limit - DEBUG - Cleaned up rate limit data for 0 clients
2025-08-10 21:37:06,789 - src.middleware.rate_limit - DEBUG - Cleaned up rate limit data for 0 clients
2025-08-10 21:38:06,792 - src.middleware.rate_limit - DEBUG - Cleaned up rate limit data for 0 clients
2025-08-10 21:39:06,795 - src.middleware.rate_limit - DEBUG - Cleaned up rate limit data for 0 clients
2025-08-10 21:40:06,799 - src.middleware.rate_limit - DEBUG - Cleaned up rate limit data for 0 clients
2025-08-10 21:41:06,784 - src.middleware.rate_limit - DEBUG - Cleaned up rate limit data for 0 clients
2025-08-10 21:42:06,762 - src.middleware.rate_limit - DEBUG - Cleaned up rate limit data for 0 clients
2025-08-10 21:43:06,764 - src.middleware.rate_limit - DEBUG - Cleaned up rate limit data for 0 clients
2025-08-10 21:44:06,767 - src.middleware.rate_limit - DEBUG - Cleaned up rate limit data for 0 clients
2025-08-10 21:45:06,769 - src.middleware.rate_limit - DEBUG - Cleaned up rate limit data for 0 clients
2025-08-10 21:46:06,772 - src.middleware.rate_limit - DEBUG - Cleaned up rate limit data for 0 clients
2025-08-10 21:46:42,984 - src.middleware.auth - INFO - Request started
2025-08-10 21:46:42,987 - src.middleware.auth - INFO - Request completed
INFO:     192.168.1.1:38266 - "GET / HTTP/1.1" 200 OK
2025-08-10 21:47:06,775 - src.middleware.rate_limit - DEBUG - Cleaned up rate limit data for 0 clients
2025-08-10 21:48:06,777 - src.middleware.rate_limit - DEBUG - Cleaned up rate limit data for 1 clients
2025-08-10 21:49:06,777 - src.middleware.rate_limit - DEBUG - Cleaned up rate limit data for 0 clients
2025-08-10 21:50:06,779 - src.middleware.rate_limit - DEBUG - Cleaned up rate limit data for 0 clients
2025-08-10 21:51:06,782 - src.middleware.rate_limit - DEBUG - Cleaned up rate limit data for 0 clients
2025-08-10 21:52:06,784 - src.middleware.rate_limit - DEBUG - Cleaned up rate limit data for 0 clients
2025-08-10 21:53:06,787 - src.middleware.rate_limit - DEBUG - Cleaned up rate limit data for 0 clients
2025-08-10 21:54:06,789 - src.middleware.rate_limit - DEBUG - Cleaned up rate limit data for 0 clients
2025-08-10 21:55:06,791 - src.middleware.rate_limit - DEBUG - Cleaned up rate limit data for 0 clients
2025-08-10 21:56:06,793 - src.middleware.rate_limit - DEBUG - Cleaned up rate limit data for 0 clients
2025-08-10 21:57:06,795 - src.middleware.rate_limit - DEBUG - Cleaned up rate limit data for 0 clients
2025-08-10 21:58:06,797 - src.middleware.rate_limit - DEBUG - Cleaned up rate limit data for 0 clients
2025-08-10 21:59:06,799 - src.middleware.rate_limit - DEBUG - Cleaned up rate limit data for 0 clients
2025-08-10 22:00:06,802 - src.middleware.rate_limit - DEBUG - Cleaned up rate limit data for 0 clients
2025-08-10 22:01:06,806 - src.middleware.rate_limit - DEBUG - Cleaned up rate limit data for 0 clients
2025-08-10 22:02:06,809 - src.middleware.rate_limit - DEBUG - Cleaned up rate limit data for 0 clients
2025-08-10 22:03:06,811 - src.middleware.rate_limit - DEBUG - Cleaned up rate limit data for 0 clients
2025-08-10 22:04:06,812 - src.middleware.rate_limit - DEBUG - Cleaned up rate limit data for 0 clients
2025-08-10 22:05:06,814 - src.middleware.rate_limit - DEBUG - Cleaned up rate limit data for 0 clients
2025-08-10 22:06:06,816 - src.middleware.rate_limit - DEBUG - Cleaned up rate limit data for 0 clients
2025-08-10 22:07:06,819 - src.middleware.rate_limit - DEBUG - Cleaned up rate limit data for 0 clients
2025-08-10 22:08:06,822 - src.middleware.rate_limit - DEBUG - Cleaned up rate limit data for 0 clients
2025-08-10 22:09:06,826 - src.middleware.rate_limit - DEBUG - Cleaned up rate limit data for 0 clients
2025-08-10 22:10:06,830 - src.middleware.rate_limit - DEBUG - Cleaned up rate limit data for 0 clients
2025-08-10 22:11:06,832 - src.middleware.rate_limit - DEBUG - Cleaned up rate limit data for 0 clients
2025-08-10 22:12:06,834 - src.middleware.rate_limit - DEBUG - Cleaned up rate limit data for 0 clients
2025-08-10 22:13:06,837 - src.middleware.rate_limit - DEBUG - Cleaned up rate limit data for 0 clients
2025-08-10 22:14:06,840 - src.middleware.rate_limit - DEBUG - Cleaned up rate limit data for 0 clients
2025-08-10 22:15:06,843 - src.middleware.rate_limit - DEBUG - Cleaned up rate limit data for 0 clients
2025-08-10 22:16:06,900 - src.middleware.rate_limit - DEBUG - Cleaned up rate limit data for 0 clients
2025-08-10 22:17:06,906 - src.middleware.rate_limit - DEBUG - Cleaned up rate limit data for 0 clients
2025-08-10 22:18:06,909 - src.middleware.rate_limit - DEBUG - Cleaned up rate limit data for 0 clients
2025-08-10 22:19:06,912 - src.middleware.rate_limit - DEBUG - Cleaned up rate limit data for 0 clients
2025-08-10 22:23:58,082 - src.middleware.rate_limit - DEBUG - Cleaned up rate limit data for 0 clients
2025-08-10 22:24:58,086 - src.middleware.rate_limit - DEBUG - Cleaned up rate limit data for 0 clients
2025-08-10 22:26:59,959 - src.middleware.rate_limit - DEBUG - Cleaned up rate limit data for 0 clients
2025-08-10 22:29:21,785 - src.middleware.rate_limit - DEBUG - Cleaned up rate limit data for 0 clients
2025-08-10 22:30:21,908 - src.middleware.rate_limit - DEBUG - Cleaned up rate limit data for 0 clients
2025-08-10 22:31:21,912 - src.middleware.rate_limit - DEBUG - Cleaned up rate limit data for 0 clients
2025-08-10 22:33:23,953 - src.middleware.rate_limit - DEBUG - Cleaned up rate limit data for 0 clients
2025-08-10 22:34:24,089 - src.middleware.rate_limit - DEBUG - Cleaned up rate limit data for 0 clients
2025-08-10 22:35:24,092 - src.middleware.rate_limit - DEBUG - Cleaned up rate limit data for 0 clients
2025-08-10 22:36:24,097 - src.middleware.rate_limit - DEBUG - Cleaned up rate limit data for 0 clients
2025-08-10 22:37:37,407 - src.middleware.rate_limit - DEBUG - Cleaned up rate limit data for 0 clients
2025-08-10 22:39:18,482 - src.middleware.rate_limit - DEBUG - Cleaned up rate limit data for 0 clients
2025-08-10 22:40:18,553 - src.middleware.rate_limit - DEBUG - Cleaned up rate limit data for 0 clients
2025-08-10 22:41:18,556 - src.middleware.rate_limit - DEBUG - Cleaned up rate limit data for 0 clients
2025-08-10 22:42:18,560 - src.middleware.rate_limit - DEBUG - Cleaned up rate limit data for 0 clients
2025-08-10 22:43:18,562 - src.middleware.rate_limit - DEBUG - Cleaned up rate limit data for 0 clients
2025-08-10 22:58:31,160 - src.middleware.rate_limit - DEBUG - Cleaned up rate limit data for 0 clients
2025-08-10 22:58:37,424 - src.middleware.auth - INFO - Request started
2025-08-10 22:58:37,427 - src.middleware.auth - INFO - Request completed
INFO:     192.168.1.1:38832 - "GET / HTTP/1.1" 200 OK
2025-08-10 23:00:55,744 - src.middleware.rate_limit - DEBUG - Cleaned up rate limit data for 1 clients
2025-08-10 23:01:55,746 - src.middleware.rate_limit - DEBUG - Cleaned up rate limit data for 0 clients
2025-08-10 23:02:56,156 - src.middleware.rate_limit - DEBUG - Cleaned up rate limit data for 0 clients
2025-08-10 23:03:56,165 - src.middleware.rate_limit - DEBUG - Cleaned up rate limit data for 0 clients
2025-08-10 23:04:56,167 - src.middleware.rate_limit - DEBUG - Cleaned up rate limit data for 0 clients
2025-08-10 23:06:56,909 - src.middleware.rate_limit - DEBUG - Cleaned up rate limit data for 0 clients
2025-08-10 23:07:56,911 - src.middleware.rate_limit - DEBUG - Cleaned up rate limit data for 0 clients
2025-08-10 23:08:57,633 - src.middleware.rate_limit - DEBUG - Cleaned up rate limit data for 0 clients
2025-08-10 23:10:45,773 - src.middleware.rate_limit - DEBUG - Cleaned up rate limit data for 0 clients
2025-08-10 23:11:45,892 - src.middleware.rate_limit - DEBUG - Cleaned up rate limit data for 0 clients
2025-08-10 23:12:45,895 - src.middleware.rate_limit - DEBUG - Cleaned up rate limit data for 0 clients
2025-08-10 23:13:45,899 - src.middleware.rate_limit - DEBUG - Cleaned up rate limit data for 0 clients
2025-08-10 23:14:45,902 - src.middleware.rate_limit - DEBUG - Cleaned up rate limit data for 0 clients
2025-08-10 23:19:09,579 - src.middleware.rate_limit - DEBUG - Cleaned up rate limit data for 0 clients
2025-08-10 23:21:12,671 - src.middleware.rate_limit - DEBUG - Cleaned up rate limit data for 0 clients
2025-08-10 23:22:12,792 - src.middleware.rate_limit - DEBUG - Cleaned up rate limit data for 0 clients
2025-08-10 23:23:12,795 - src.middleware.rate_limit - DEBUG - Cleaned up rate limit data for 0 clients
2025-08-10 23:24:12,898 - src.middleware.rate_limit - DEBUG - Cleaned up rate limit data for 0 clients
2025-08-10 23:25:12,902 - src.middleware.rate_limit - DEBUG - Cleaned up rate limit data for 0 clients
2025-08-10 23:26:12,905 - src.middleware.rate_limit - DEBUG - Cleaned up rate limit data for 0 clients
2025-08-10 23:27:12,908 - src.middleware.rate_limit - DEBUG - Cleaned up rate limit data for 0 clients
2025-08-10 23:34:37,322 - src.middleware.rate_limit - DEBUG - Cleaned up rate limit data for 0 clients
2025-08-10 23:36:16,912 - src.middleware.rate_limit - DEBUG - Cleaned up rate limit data for 0 clients
2025-08-10 23:37:17,034 - src.middleware.rate_limit - DEBUG - Cleaned up rate limit data for 0 clients
2025-08-10 23:38:17,038 - src.middleware.rate_limit - DEBUG - Cleaned up rate limit data for 0 clients
2025-08-10 23:39:17,041 - src.middleware.rate_limit - DEBUG - Cleaned up rate limit data for 0 clients
2025-08-10 23:40:17,044 - src.middleware.rate_limit - DEBUG - Cleaned up rate limit data for 0 clients
2025-08-10 23:41:17,046 - src.middleware.rate_limit - DEBUG - Cleaned up rate limit data for 0 clients
2025-08-10 23:42:17,050 - src.middleware.rate_limit - DEBUG - Cleaned up rate limit data for 0 clients
2025-08-10 23:43:17,054 - src.middleware.rate_limit - DEBUG - Cleaned up rate limit data for 0 clients
2025-08-10 23:44:17,056 - src.middleware.rate_limit - DEBUG - Cleaned up rate limit data for 0 clients
2025-08-10 23:45:17,060 - src.middleware.rate_limit - DEBUG - Cleaned up rate limit data for 0 clients
2025-08-10 23:46:17,063 - src.middleware.rate_limit - DEBUG - Cleaned up rate limit data for 0 clients
2025-08-10 23:47:17,067 - src.middleware.rate_limit - DEBUG - Cleaned up rate limit data for 0 clients
2025-08-10 23:48:17,069 - src.middleware.rate_limit - DEBUG - Cleaned up rate limit data for 0 clients
2025-08-10 23:49:17,073 - src.middleware.rate_limit - DEBUG - Cleaned up rate limit data for 0 clients
2025-08-10 23:50:17,078 - src.middleware.rate_limit - DEBUG - Cleaned up rate limit data for 0 clients
2025-08-10 23:51:17,081 - src.middleware.rate_limit - DEBUG - Cleaned up rate limit data for 0 clients
2025-08-10 23:52:17,085 - src.middleware.rate_limit - DEBUG - Cleaned up rate limit data for 0 clients
2025-08-10 23:53:17,089 - src.middleware.rate_limit - DEBUG - Cleaned up rate limit data for 0 clients
2025-08-10 23:54:17,094 - src.middleware.rate_limit - DEBUG - Cleaned up rate limit data for 0 clients
2025-08-10 23:55:17,098 - src.middleware.rate_limit - DEBUG - Cleaned up rate limit data for 0 clients
2025-08-10 23:56:17,102 - src.middleware.rate_limit - DEBUG - Cleaned up rate limit data for 0 clients
2025-08-10 23:57:17,105 - src.middleware.rate_limit - DEBUG - Cleaned up rate limit data for 0 clients
2025-08-10 23:58:17,110 - src.middleware.rate_limit - DEBUG - Cleaned up rate limit data for 0 clients
2025-08-10 23:59:17,113 - src.middleware.rate_limit - DEBUG - Cleaned up rate limit data for 0 clients
2025-08-11 00:00:17,118 - src.middleware.rate_limit - DEBUG - Cleaned up rate limit data for 0 clients
2025-08-11 00:01:17,121 - src.middleware.rate_limit - DEBUG - Cleaned up rate limit data for 0 clients
2025-08-11 00:02:17,125 - src.middleware.rate_limit - DEBUG - Cleaned up rate limit data for 0 clients
2025-08-11 00:03:17,129 - src.middleware.rate_limit - DEBUG - Cleaned up rate limit data for 0 clients
2025-08-11 00:04:17,134 - src.middleware.rate_limit - DEBUG - Cleaned up rate limit data for 0 clients
2025-08-11 00:05:17,139 - src.middleware.rate_limit - DEBUG - Cleaned up rate limit data for 0 clients
2025-08-11 00:06:17,143 - src.middleware.rate_limit - DEBUG - Cleaned up rate limit data for 0 clients
2025-08-11 00:07:17,146 - src.middleware.rate_limit - DEBUG - Cleaned up rate limit data for 0 clients
2025-08-11 00:08:17,151 - src.middleware.rate_limit - DEBUG - Cleaned up rate limit data for 0 clients
2025-08-11 00:09:17,156 - src.middleware.rate_limit - DEBUG - Cleaned up rate limit data for 0 clients
2025-08-11 00:10:17,152 - src.middleware.rate_limit - DEBUG - Cleaned up rate limit data for 0 clients
2025-08-11 00:11:17,149 - src.middleware.rate_limit - DEBUG - Cleaned up rate limit data for 0 clients
2025-08-11 00:12:17,152 - src.middleware.rate_limit - DEBUG - Cleaned up rate limit data for 0 clients
2025-08-11 00:13:17,156 - src.middleware.rate_limit - DEBUG - Cleaned up rate limit data for 0 clients
2025-08-11 00:14:17,159 - src.middleware.rate_limit - DEBUG - Cleaned up rate limit data for 0 clients
2025-08-11 00:15:17,164 - src.middleware.rate_limit - DEBUG - Cleaned up rate limit data for 0 clients
2025-08-11 00:16:17,168 - src.middleware.rate_limit - DEBUG - Cleaned up rate limit data for 0 clients
2025-08-11 00:17:17,172 - src.middleware.rate_limit - DEBUG - Cleaned up rate limit data for 0 clients
2025-08-11 00:18:17,176 - src.middleware.rate_limit - DEBUG - Cleaned up rate limit data for 0 clients
2025-08-11 00:19:17,180 - src.middleware.rate_limit - DEBUG - Cleaned up rate limit data for 0 clients
2025-08-11 00:20:17,183 - src.middleware.rate_limit - DEBUG - Cleaned up rate limit data for 0 clients
2025-08-11 00:21:17,184 - src.middleware.rate_limit - DEBUG - Cleaned up rate limit data for 0 clients
2025-08-11 00:22:17,188 - src.middleware.rate_limit - DEBUG - Cleaned up rate limit data for 0 clients
2025-08-11 00:23:17,191 - src.middleware.rate_limit - DEBUG - Cleaned up rate limit data for 0 clients
2025-08-11 00:24:17,196 - src.middleware.rate_limit - DEBUG - Cleaned up rate limit data for 0 clients
2025-08-11 00:25:17,201 - src.middleware.rate_limit - DEBUG - Cleaned up rate limit data for 0 clients
2025-08-11 00:26:17,204 - src.middleware.rate_limit - DEBUG - Cleaned up rate limit data for 0 clients
2025-08-11 00:27:17,208 - src.middleware.rate_limit - DEBUG - Cleaned up rate limit data for 0 clients
2025-08-11 00:28:17,210 - src.middleware.rate_limit - DEBUG - Cleaned up rate limit data for 0 clients
2025-08-11 00:29:17,214 - src.middleware.rate_limit - DEBUG - Cleaned up rate limit data for 0 clients
2025-08-11 00:30:17,218 - src.middleware.rate_limit - DEBUG - Cleaned up rate limit data for 0 clients
2025-08-11 00:31:17,221 - src.middleware.rate_limit - DEBUG - Cleaned up rate limit data for 0 clients
2025-08-11 00:32:17,224 - src.middleware.rate_limit - DEBUG - Cleaned up rate limit data for 0 clients
2025-08-11 00:33:17,227 - src.middleware.rate_limit - DEBUG - Cleaned up rate limit data for 0 clients
2025-08-11 00:34:17,231 - src.middleware.rate_limit - DEBUG - Cleaned up rate limit data for 0 clients
2025-08-11 00:35:17,234 - src.middleware.rate_limit - DEBUG - Cleaned up rate limit data for 0 clients
2025-08-11 00:36:17,238 - src.middleware.rate_limit - DEBUG - Cleaned up rate limit data for 0 clients
2025-08-11 00:37:17,241 - src.middleware.rate_limit - DEBUG - Cleaned up rate limit data for 0 clients
2025-08-11 00:38:17,245 - src.middleware.rate_limit - DEBUG - Cleaned up rate limit data for 0 clients
2025-08-11 00:39:17,250 - src.middleware.rate_limit - DEBUG - Cleaned up rate limit data for 0 clients
2025-08-11 00:40:17,254 - src.middleware.rate_limit - DEBUG - Cleaned up rate limit data for 0 clients
2025-08-11 00:41:17,258 - src.middleware.rate_limit - DEBUG - Cleaned up rate limit data for 0 clients
2025-08-11 00:42:17,266 - src.middleware.rate_limit - DEBUG - Cleaned up rate limit data for 0 clients
2025-08-11 00:43:17,269 - src.middleware.rate_limit - DEBUG - Cleaned up rate limit data for 0 clients
2025-08-11 00:44:17,273 - src.middleware.rate_limit - DEBUG - Cleaned up rate limit data for 0 clients
2025-08-11 00:45:17,278 - src.middleware.rate_limit - DEBUG - Cleaned up rate limit data for 0 clients
2025-08-11 00:46:17,273 - src.middleware.rate_limit - DEBUG - Cleaned up rate limit data for 0 clients
2025-08-11 00:47:17,277 - src.middleware.rate_limit - DEBUG - Cleaned up rate limit data for 0 clients
2025-08-11 00:48:17,278 - src.middleware.rate_limit - DEBUG - Cleaned up rate limit data for 0 clients
2025-08-11 00:49:17,281 - src.middleware.rate_limit - DEBUG - Cleaned up rate limit data for 0 clients
2025-08-11 00:50:17,285 - src.middleware.rate_limit - DEBUG - Cleaned up rate limit data for 0 clients
2025-08-11 00:51:17,288 - src.middleware.rate_limit - DEBUG - Cleaned up rate limit data for 0 clients
2025-08-11 00:52:17,292 - src.middleware.rate_limit - DEBUG - Cleaned up rate limit data for 0 clients
2025-08-11 00:53:17,295 - src.middleware.rate_limit - DEBUG - Cleaned up rate limit data for 0 clients
2025-08-11 00:54:17,299 - src.middleware.rate_limit - DEBUG - Cleaned up rate limit data for 0 clients
2025-08-11 00:55:17,301 - src.middleware.rate_limit - DEBUG - Cleaned up rate limit data for 0 clients
2025-08-11 00:56:17,302 - src.middleware.rate_limit - DEBUG - Cleaned up rate limit data for 0 clients
2025-08-11 00:57:17,304 - src.middleware.rate_limit - DEBUG - Cleaned up rate limit data for 0 clients
2025-08-11 00:58:17,309 - src.middleware.rate_limit - DEBUG - Cleaned up rate limit data for 0 clients
2025-08-11 00:59:17,287 - src.middleware.rate_limit - DEBUG - Cleaned up rate limit data for 0 clients
2025-08-11 01:00:17,289 - src.middleware.rate_limit - DEBUG - Cleaned up rate limit data for 0 clients
2025-08-11 01:01:17,290 - src.middleware.rate_limit - DEBUG - Cleaned up rate limit data for 0 clients
2025-08-11 01:02:17,292 - src.middleware.rate_limit - DEBUG - Cleaned up rate limit data for 0 clients
2025-08-11 01:03:17,295 - src.middleware.rate_limit - DEBUG - Cleaned up rate limit data for 0 clients
2025-08-11 01:04:17,298 - src.middleware.rate_limit - DEBUG - Cleaned up rate limit data for 0 clients
2025-08-11 01:05:10,465 - src.middleware.auth - INFO - Request started
2025-08-11 01:05:10,466 - src.middleware.auth - INFO - Request completed
INFO:     127.0.0.1:51436 - "OPTIONS /api/v1/auth/login HTTP/1.1" 200 OK
2025-08-11 01:05:10,471 - src.middleware.auth - INFO - Request started
2025-08-11 01:05:10,487 - src.middleware.auth - INFO - Request completed
INFO:     127.0.0.1:51436 - "POST /api/v1/auth/login HTTP/1.1" 200 OK
2025-08-11 01:05:10,518 - src.middleware.auth - INFO - Request started
2025-08-11 01:05:10,518 - src.middleware.auth - INFO - Request started
2025-08-11 01:05:10,519 - src.middleware.auth - INFO - Request started
2025-08-11 01:05:10,519 - src.middleware.auth - INFO - Request completed
2025-08-11 01:05:10,519 - src.middleware.auth - INFO - Request completed
2025-08-11 01:05:10,519 - src.middleware.auth - INFO - Request completed
INFO:     127.0.0.1:51436 - "OPTIONS /api/v1/dashboard/stats HTTP/1.1" 200 OK
INFO:     127.0.0.1:51438 - "OPTIONS /api/v1/auth/me HTTP/1.1" 200 OK
INFO:     127.0.0.1:51442 - "OPTIONS /api/v1/dashboard/stats HTTP/1.1" 200 OK
2025-08-11 01:05:10,521 - src.middleware.auth - INFO - Request started
2025-08-11 01:05:10,521 - src.middleware.auth - INFO - Request started
2025-08-11 01:05:10,528 - src.api.v1.endpoints.dashboard - ERROR - Token validation error: 
2025-08-11 01:05:10,529 - src.middleware.auth - INFO - Request completed
INFO:     127.0.0.1:51436 - "GET /api/v1/dashboard/stats HTTP/1.1" 401 Unauthorized
2025-08-11 01:05:10,530 - src.middleware.auth - INFO - Request started
2025-08-11 01:05:10,530 - src.api.v1.endpoints.dashboard - ERROR - Token validation error: 
2025-08-11 01:05:10,531 - src.middleware.auth - INFO - Request completed
2025-08-11 01:05:10,531 - src.middleware.auth - INFO - Request completed
INFO:     127.0.0.1:51442 - "GET /api/v1/dashboard/stats HTTP/1.1" 401 Unauthorized
INFO:     127.0.0.1:51444 - "GET /api/v1/auth/me HTTP/1.1" 200 OK
2025-08-11 01:05:17,301 - src.middleware.rate_limit - DEBUG - Cleaned up rate limit data for 0 clients
2025-08-11 01:05:19,819 - src.middleware.auth - INFO - Request started
2025-08-11 01:05:19,823 - src.middleware.auth - INFO - Request completed
INFO:     127.0.0.1:51446 - "POST /api/v1/auth/login HTTP/1.1" 200 OK
2025-08-11 01:05:19,844 - src.middleware.auth - INFO - Request started
2025-08-11 01:05:19,845 - src.middleware.auth - INFO - Request started
2025-08-11 01:05:19,845 - src.api.v1.endpoints.dashboard - ERROR - Token validation error: 
2025-08-11 01:05:19,846 - src.middleware.auth - INFO - Request completed
INFO:     127.0.0.1:51446 - "GET /api/v1/dashboard/stats HTTP/1.1" 401 Unauthorized
2025-08-11 01:05:19,848 - src.middleware.auth - INFO - Request completed
2025-08-11 01:05:19,848 - src.middleware.auth - INFO - Request started
2025-08-11 01:05:19,848 - src.api.v1.endpoints.dashboard - ERROR - Token validation error: 
2025-08-11 01:05:19,849 - src.middleware.auth - INFO - Request completed
INFO:     127.0.0.1:51474 - "GET /api/v1/auth/me HTTP/1.1" 200 OK
INFO:     127.0.0.1:51446 - "GET /api/v1/dashboard/stats HTTP/1.1" 401 Unauthorized
2025-08-11 01:05:26,678 - src.middleware.auth - INFO - Request started
2025-08-11 01:05:26,680 - src.middleware.auth - INFO - Request completed
INFO:     127.0.0.1:51476 - "POST /api/v1/auth/login HTTP/1.1" 200 OK
2025-08-11 01:05:26,701 - src.middleware.auth - INFO - Request started
2025-08-11 01:05:26,702 - src.api.v1.endpoints.dashboard - ERROR - Token validation error: 
2025-08-11 01:05:26,702 - src.middleware.auth - INFO - Request started
2025-08-11 01:05:26,702 - src.middleware.auth - INFO - Request completed
INFO:     127.0.0.1:51476 - "GET /api/v1/dashboard/stats HTTP/1.1" 401 Unauthorized
2025-08-11 01:05:26,704 - src.middleware.auth - INFO - Request completed
2025-08-11 01:05:26,705 - src.middleware.auth - INFO - Request started
2025-08-11 01:05:26,706 - src.api.v1.endpoints.dashboard - ERROR - Token validation error: 
INFO:     127.0.0.1:51514 - "GET /api/v1/auth/me HTTP/1.1" 200 OK
2025-08-11 01:05:26,707 - src.middleware.auth - INFO - Request completed
INFO:     127.0.0.1:51516 - "GET /api/v1/dashboard/stats HTTP/1.1" 401 Unauthorized
2025-08-11 01:06:17,302 - src.middleware.rate_limit - DEBUG - Cleaned up rate limit data for 0 clients
2025-08-11 01:07:17,303 - src.middleware.rate_limit - DEBUG - Cleaned up rate limit data for 1 clients
2025-08-11 01:08:17,305 - src.middleware.rate_limit - DEBUG - Cleaned up rate limit data for 0 clients
WARNING:  WatchFiles detected changes in 'src/api/v1/endpoints/dashboard_working.py'. Reloading...
INFO:     Shutting down
INFO:     Waiting for application shutdown.
2025-08-11 01:09:15,302 - src.main - INFO - Shutting down Green PM API...
INFO:     Application shutdown complete.
INFO:     Finished server process [3513]
INFO:     Started server process [75736]
INFO:     Waiting for application startup.
2025-08-11 01:09:16,557 - src.main - INFO - Starting Green PM API...
2025-08-11 01:09:17,080 INFO sqlalchemy.engine.Engine select pg_catalog.version()
2025-08-11 01:09:17,080 - sqlalchemy.engine.Engine - INFO - select pg_catalog.version()
2025-08-11 01:09:17,081 INFO sqlalchemy.engine.Engine [raw sql] ()
2025-08-11 01:09:17,081 - sqlalchemy.engine.Engine - INFO - [raw sql] ()
2025-08-11 01:09:17,226 INFO sqlalchemy.engine.Engine select current_schema()
2025-08-11 01:09:17,226 - sqlalchemy.engine.Engine - INFO - select current_schema()
2025-08-11 01:09:17,227 INFO sqlalchemy.engine.Engine [raw sql] ()
2025-08-11 01:09:17,227 - sqlalchemy.engine.Engine - INFO - [raw sql] ()
2025-08-11 01:09:17,377 INFO sqlalchemy.engine.Engine show standard_conforming_strings
2025-08-11 01:09:17,377 - sqlalchemy.engine.Engine - INFO - show standard_conforming_strings
2025-08-11 01:09:17,377 INFO sqlalchemy.engine.Engine [raw sql] ()
2025-08-11 01:09:17,377 - sqlalchemy.engine.Engine - INFO - [raw sql] ()
2025-08-11 01:09:17,486 INFO sqlalchemy.engine.Engine BEGIN (implicit)
2025-08-11 01:09:17,486 - sqlalchemy.engine.Engine - INFO - BEGIN (implicit)
2025-08-11 01:09:17,489 INFO sqlalchemy.engine.Engine SELECT pg_catalog.pg_class.relname 
FROM pg_catalog.pg_class JOIN pg_catalog.pg_namespace ON pg_catalog.pg_namespace.oid = pg_catalog.pg_class.relnamespace 
WHERE pg_catalog.pg_class.relname = $1::VARCHAR AND pg_catalog.pg_class.relkind = ANY (ARRAY[$2::VARCHAR, $3::VARCHAR, $4::VARCHAR, $5::VARCHAR, $6::VARCHAR]) AND pg_catalog.pg_table_is_visible(pg_catalog.pg_class.oid) AND pg_catalog.pg_namespace.nspname != $7::VARCHAR
2025-08-11 01:09:17,489 - sqlalchemy.engine.Engine - INFO - SELECT pg_catalog.pg_class.relname 
FROM pg_catalog.pg_class JOIN pg_catalog.pg_namespace ON pg_catalog.pg_namespace.oid = pg_catalog.pg_class.relnamespace 
WHERE pg_catalog.pg_class.relname = $1::VARCHAR AND pg_catalog.pg_class.relkind = ANY (ARRAY[$2::VARCHAR, $3::VARCHAR, $4::VARCHAR, $5::VARCHAR, $6::VARCHAR]) AND pg_catalog.pg_table_is_visible(pg_catalog.pg_class.oid) AND pg_catalog.pg_namespace.nspname != $7::VARCHAR
2025-08-11 01:09:17,489 INFO sqlalchemy.engine.Engine [generated in 0.00023s] ('users', 'r', 'p', 'f', 'v', 'm', 'pg_catalog')
2025-08-11 01:09:17,489 - sqlalchemy.engine.Engine - INFO - [generated in 0.00023s] ('users', 'r', 'p', 'f', 'v', 'm', 'pg_catalog')
2025-08-11 01:09:17,610 INFO sqlalchemy.engine.Engine SELECT pg_catalog.pg_class.relname 
FROM pg_catalog.pg_class JOIN pg_catalog.pg_namespace ON pg_catalog.pg_namespace.oid = pg_catalog.pg_class.relnamespace 
WHERE pg_catalog.pg_class.relname = $1::VARCHAR AND pg_catalog.pg_class.relkind = ANY (ARRAY[$2::VARCHAR, $3::VARCHAR, $4::VARCHAR, $5::VARCHAR, $6::VARCHAR]) AND pg_catalog.pg_table_is_visible(pg_catalog.pg_class.oid) AND pg_catalog.pg_namespace.nspname != $7::VARCHAR
2025-08-11 01:09:17,610 - sqlalchemy.engine.Engine - INFO - SELECT pg_catalog.pg_class.relname 
FROM pg_catalog.pg_class JOIN pg_catalog.pg_namespace ON pg_catalog.pg_namespace.oid = pg_catalog.pg_class.relnamespace 
WHERE pg_catalog.pg_class.relname = $1::VARCHAR AND pg_catalog.pg_class.relkind = ANY (ARRAY[$2::VARCHAR, $3::VARCHAR, $4::VARCHAR, $5::VARCHAR, $6::VARCHAR]) AND pg_catalog.pg_table_is_visible(pg_catalog.pg_class.oid) AND pg_catalog.pg_namespace.nspname != $7::VARCHAR
2025-08-11 01:09:17,610 INFO sqlalchemy.engine.Engine [cached since 0.121s ago] ('properties', 'r', 'p', 'f', 'v', 'm', 'pg_catalog')
2025-08-11 01:09:17,610 - sqlalchemy.engine.Engine - INFO - [cached since 0.121s ago] ('properties', 'r', 'p', 'f', 'v', 'm', 'pg_catalog')
2025-08-11 01:09:17,648 INFO sqlalchemy.engine.Engine SELECT pg_catalog.pg_class.relname 
FROM pg_catalog.pg_class JOIN pg_catalog.pg_namespace ON pg_catalog.pg_namespace.oid = pg_catalog.pg_class.relnamespace 
WHERE pg_catalog.pg_class.relname = $1::VARCHAR AND pg_catalog.pg_class.relkind = ANY (ARRAY[$2::VARCHAR, $3::VARCHAR, $4::VARCHAR, $5::VARCHAR, $6::VARCHAR]) AND pg_catalog.pg_table_is_visible(pg_catalog.pg_class.oid) AND pg_catalog.pg_namespace.nspname != $7::VARCHAR
2025-08-11 01:09:17,648 - sqlalchemy.engine.Engine - INFO - SELECT pg_catalog.pg_class.relname 
FROM pg_catalog.pg_class JOIN pg_catalog.pg_namespace ON pg_catalog.pg_namespace.oid = pg_catalog.pg_class.relnamespace 
WHERE pg_catalog.pg_class.relname = $1::VARCHAR AND pg_catalog.pg_class.relkind = ANY (ARRAY[$2::VARCHAR, $3::VARCHAR, $4::VARCHAR, $5::VARCHAR, $6::VARCHAR]) AND pg_catalog.pg_table_is_visible(pg_catalog.pg_class.oid) AND pg_catalog.pg_namespace.nspname != $7::VARCHAR
2025-08-11 01:09:17,648 INFO sqlalchemy.engine.Engine [cached since 0.1585s ago] ('property_images', 'r', 'p', 'f', 'v', 'm', 'pg_catalog')
2025-08-11 01:09:17,648 - sqlalchemy.engine.Engine - INFO - [cached since 0.1585s ago] ('property_images', 'r', 'p', 'f', 'v', 'm', 'pg_catalog')
2025-08-11 01:09:17,684 INFO sqlalchemy.engine.Engine SELECT pg_catalog.pg_class.relname 
FROM pg_catalog.pg_class JOIN pg_catalog.pg_namespace ON pg_catalog.pg_namespace.oid = pg_catalog.pg_class.relnamespace 
WHERE pg_catalog.pg_class.relname = $1::VARCHAR AND pg_catalog.pg_class.relkind = ANY (ARRAY[$2::VARCHAR, $3::VARCHAR, $4::VARCHAR, $5::VARCHAR, $6::VARCHAR]) AND pg_catalog.pg_table_is_visible(pg_catalog.pg_class.oid) AND pg_catalog.pg_namespace.nspname != $7::VARCHAR
2025-08-11 01:09:17,684 - sqlalchemy.engine.Engine - INFO - SELECT pg_catalog.pg_class.relname 
FROM pg_catalog.pg_class JOIN pg_catalog.pg_namespace ON pg_catalog.pg_namespace.oid = pg_catalog.pg_class.relnamespace 
WHERE pg_catalog.pg_class.relname = $1::VARCHAR AND pg_catalog.pg_class.relkind = ANY (ARRAY[$2::VARCHAR, $3::VARCHAR, $4::VARCHAR, $5::VARCHAR, $6::VARCHAR]) AND pg_catalog.pg_table_is_visible(pg_catalog.pg_class.oid) AND pg_catalog.pg_namespace.nspname != $7::VARCHAR
2025-08-11 01:09:17,684 INFO sqlalchemy.engine.Engine [cached since 0.1948s ago] ('property_amenities', 'r', 'p', 'f', 'v', 'm', 'pg_catalog')
2025-08-11 01:09:17,684 - sqlalchemy.engine.Engine - INFO - [cached since 0.1948s ago] ('property_amenities', 'r', 'p', 'f', 'v', 'm', 'pg_catalog')
2025-08-11 01:09:17,721 INFO sqlalchemy.engine.Engine SELECT pg_catalog.pg_class.relname 
FROM pg_catalog.pg_class JOIN pg_catalog.pg_namespace ON pg_catalog.pg_namespace.oid = pg_catalog.pg_class.relnamespace 
WHERE pg_catalog.pg_class.relname = $1::VARCHAR AND pg_catalog.pg_class.relkind = ANY (ARRAY[$2::VARCHAR, $3::VARCHAR, $4::VARCHAR, $5::VARCHAR, $6::VARCHAR]) AND pg_catalog.pg_table_is_visible(pg_catalog.pg_class.oid) AND pg_catalog.pg_namespace.nspname != $7::VARCHAR
2025-08-11 01:09:17,721 - sqlalchemy.engine.Engine - INFO - SELECT pg_catalog.pg_class.relname 
FROM pg_catalog.pg_class JOIN pg_catalog.pg_namespace ON pg_catalog.pg_namespace.oid = pg_catalog.pg_class.relnamespace 
WHERE pg_catalog.pg_class.relname = $1::VARCHAR AND pg_catalog.pg_class.relkind = ANY (ARRAY[$2::VARCHAR, $3::VARCHAR, $4::VARCHAR, $5::VARCHAR, $6::VARCHAR]) AND pg_catalog.pg_table_is_visible(pg_catalog.pg_class.oid) AND pg_catalog.pg_namespace.nspname != $7::VARCHAR
2025-08-11 01:09:17,721 INFO sqlalchemy.engine.Engine [cached since 0.2319s ago] ('leases', 'r', 'p', 'f', 'v', 'm', 'pg_catalog')
2025-08-11 01:09:17,721 - sqlalchemy.engine.Engine - INFO - [cached since 0.2319s ago] ('leases', 'r', 'p', 'f', 'v', 'm', 'pg_catalog')
2025-08-11 01:09:17,760 INFO sqlalchemy.engine.Engine SELECT pg_catalog.pg_class.relname 
FROM pg_catalog.pg_class JOIN pg_catalog.pg_namespace ON pg_catalog.pg_namespace.oid = pg_catalog.pg_class.relnamespace 
WHERE pg_catalog.pg_class.relname = $1::VARCHAR AND pg_catalog.pg_class.relkind = ANY (ARRAY[$2::VARCHAR, $3::VARCHAR, $4::VARCHAR, $5::VARCHAR, $6::VARCHAR]) AND pg_catalog.pg_table_is_visible(pg_catalog.pg_class.oid) AND pg_catalog.pg_namespace.nspname != $7::VARCHAR
2025-08-11 01:09:17,760 - sqlalchemy.engine.Engine - INFO - SELECT pg_catalog.pg_class.relname 
FROM pg_catalog.pg_class JOIN pg_catalog.pg_namespace ON pg_catalog.pg_namespace.oid = pg_catalog.pg_class.relnamespace 
WHERE pg_catalog.pg_class.relname = $1::VARCHAR AND pg_catalog.pg_class.relkind = ANY (ARRAY[$2::VARCHAR, $3::VARCHAR, $4::VARCHAR, $5::VARCHAR, $6::VARCHAR]) AND pg_catalog.pg_table_is_visible(pg_catalog.pg_class.oid) AND pg_catalog.pg_namespace.nspname != $7::VARCHAR
2025-08-11 01:09:17,760 INFO sqlalchemy.engine.Engine [cached since 0.2706s ago] ('lease_documents', 'r', 'p', 'f', 'v', 'm', 'pg_catalog')
2025-08-11 01:09:17,760 - sqlalchemy.engine.Engine - INFO - [cached since 0.2706s ago] ('lease_documents', 'r', 'p', 'f', 'v', 'm', 'pg_catalog')
2025-08-11 01:09:17,796 INFO sqlalchemy.engine.Engine SELECT pg_catalog.pg_class.relname 
FROM pg_catalog.pg_class JOIN pg_catalog.pg_namespace ON pg_catalog.pg_namespace.oid = pg_catalog.pg_class.relnamespace 
WHERE pg_catalog.pg_class.relname = $1::VARCHAR AND pg_catalog.pg_class.relkind = ANY (ARRAY[$2::VARCHAR, $3::VARCHAR, $4::VARCHAR, $5::VARCHAR, $6::VARCHAR]) AND pg_catalog.pg_table_is_visible(pg_catalog.pg_class.oid) AND pg_catalog.pg_namespace.nspname != $7::VARCHAR
2025-08-11 01:09:17,796 - sqlalchemy.engine.Engine - INFO - SELECT pg_catalog.pg_class.relname 
FROM pg_catalog.pg_class JOIN pg_catalog.pg_namespace ON pg_catalog.pg_namespace.oid = pg_catalog.pg_class.relnamespace 
WHERE pg_catalog.pg_class.relname = $1::VARCHAR AND pg_catalog.pg_class.relkind = ANY (ARRAY[$2::VARCHAR, $3::VARCHAR, $4::VARCHAR, $5::VARCHAR, $6::VARCHAR]) AND pg_catalog.pg_table_is_visible(pg_catalog.pg_class.oid) AND pg_catalog.pg_namespace.nspname != $7::VARCHAR
2025-08-11 01:09:17,796 INFO sqlalchemy.engine.Engine [cached since 0.3066s ago] ('payments', 'r', 'p', 'f', 'v', 'm', 'pg_catalog')
2025-08-11 01:09:17,796 - sqlalchemy.engine.Engine - INFO - [cached since 0.3066s ago] ('payments', 'r', 'p', 'f', 'v', 'm', 'pg_catalog')
2025-08-11 01:09:17,833 INFO sqlalchemy.engine.Engine SELECT pg_catalog.pg_class.relname 
FROM pg_catalog.pg_class JOIN pg_catalog.pg_namespace ON pg_catalog.pg_namespace.oid = pg_catalog.pg_class.relnamespace 
WHERE pg_catalog.pg_class.relname = $1::VARCHAR AND pg_catalog.pg_class.relkind = ANY (ARRAY[$2::VARCHAR, $3::VARCHAR, $4::VARCHAR, $5::VARCHAR, $6::VARCHAR]) AND pg_catalog.pg_table_is_visible(pg_catalog.pg_class.oid) AND pg_catalog.pg_namespace.nspname != $7::VARCHAR
2025-08-11 01:09:17,833 - sqlalchemy.engine.Engine - INFO - SELECT pg_catalog.pg_class.relname 
FROM pg_catalog.pg_class JOIN pg_catalog.pg_namespace ON pg_catalog.pg_namespace.oid = pg_catalog.pg_class.relnamespace 
WHERE pg_catalog.pg_class.relname = $1::VARCHAR AND pg_catalog.pg_class.relkind = ANY (ARRAY[$2::VARCHAR, $3::VARCHAR, $4::VARCHAR, $5::VARCHAR, $6::VARCHAR]) AND pg_catalog.pg_table_is_visible(pg_catalog.pg_class.oid) AND pg_catalog.pg_namespace.nspname != $7::VARCHAR
2025-08-11 01:09:17,833 INFO sqlalchemy.engine.Engine [cached since 0.3442s ago] ('payment_methods', 'r', 'p', 'f', 'v', 'm', 'pg_catalog')
2025-08-11 01:09:17,833 - sqlalchemy.engine.Engine - INFO - [cached since 0.3442s ago] ('payment_methods', 'r', 'p', 'f', 'v', 'm', 'pg_catalog')
2025-08-11 01:09:17,867 INFO sqlalchemy.engine.Engine SELECT pg_catalog.pg_class.relname 
FROM pg_catalog.pg_class JOIN pg_catalog.pg_namespace ON pg_catalog.pg_namespace.oid = pg_catalog.pg_class.relnamespace 
WHERE pg_catalog.pg_class.relname = $1::VARCHAR AND pg_catalog.pg_class.relkind = ANY (ARRAY[$2::VARCHAR, $3::VARCHAR, $4::VARCHAR, $5::VARCHAR, $6::VARCHAR]) AND pg_catalog.pg_table_is_visible(pg_catalog.pg_class.oid) AND pg_catalog.pg_namespace.nspname != $7::VARCHAR
2025-08-11 01:09:17,867 - sqlalchemy.engine.Engine - INFO - SELECT pg_catalog.pg_class.relname 
FROM pg_catalog.pg_class JOIN pg_catalog.pg_namespace ON pg_catalog.pg_namespace.oid = pg_catalog.pg_class.relnamespace 
WHERE pg_catalog.pg_class.relname = $1::VARCHAR AND pg_catalog.pg_class.relkind = ANY (ARRAY[$2::VARCHAR, $3::VARCHAR, $4::VARCHAR, $5::VARCHAR, $6::VARCHAR]) AND pg_catalog.pg_table_is_visible(pg_catalog.pg_class.oid) AND pg_catalog.pg_namespace.nspname != $7::VARCHAR
2025-08-11 01:09:17,868 INFO sqlalchemy.engine.Engine [cached since 0.3784s ago] ('maintenance_requests', 'r', 'p', 'f', 'v', 'm', 'pg_catalog')
2025-08-11 01:09:17,868 - sqlalchemy.engine.Engine - INFO - [cached since 0.3784s ago] ('maintenance_requests', 'r', 'p', 'f', 'v', 'm', 'pg_catalog')
2025-08-11 01:09:17,903 INFO sqlalchemy.engine.Engine SELECT pg_catalog.pg_class.relname 
FROM pg_catalog.pg_class JOIN pg_catalog.pg_namespace ON pg_catalog.pg_namespace.oid = pg_catalog.pg_class.relnamespace 
WHERE pg_catalog.pg_class.relname = $1::VARCHAR AND pg_catalog.pg_class.relkind = ANY (ARRAY[$2::VARCHAR, $3::VARCHAR, $4::VARCHAR, $5::VARCHAR, $6::VARCHAR]) AND pg_catalog.pg_table_is_visible(pg_catalog.pg_class.oid) AND pg_catalog.pg_namespace.nspname != $7::VARCHAR
2025-08-11 01:09:17,903 - sqlalchemy.engine.Engine - INFO - SELECT pg_catalog.pg_class.relname 
FROM pg_catalog.pg_class JOIN pg_catalog.pg_namespace ON pg_catalog.pg_namespace.oid = pg_catalog.pg_class.relnamespace 
WHERE pg_catalog.pg_class.relname = $1::VARCHAR AND pg_catalog.pg_class.relkind = ANY (ARRAY[$2::VARCHAR, $3::VARCHAR, $4::VARCHAR, $5::VARCHAR, $6::VARCHAR]) AND pg_catalog.pg_table_is_visible(pg_catalog.pg_class.oid) AND pg_catalog.pg_namespace.nspname != $7::VARCHAR
2025-08-11 01:09:17,903 INFO sqlalchemy.engine.Engine [cached since 0.4138s ago] ('maintenance_images', 'r', 'p', 'f', 'v', 'm', 'pg_catalog')
2025-08-11 01:09:17,903 - sqlalchemy.engine.Engine - INFO - [cached since 0.4138s ago] ('maintenance_images', 'r', 'p', 'f', 'v', 'm', 'pg_catalog')
2025-08-11 01:09:17,940 INFO sqlalchemy.engine.Engine SELECT pg_catalog.pg_class.relname 
FROM pg_catalog.pg_class JOIN pg_catalog.pg_namespace ON pg_catalog.pg_namespace.oid = pg_catalog.pg_class.relnamespace 
WHERE pg_catalog.pg_class.relname = $1::VARCHAR AND pg_catalog.pg_class.relkind = ANY (ARRAY[$2::VARCHAR, $3::VARCHAR, $4::VARCHAR, $5::VARCHAR, $6::VARCHAR]) AND pg_catalog.pg_table_is_visible(pg_catalog.pg_class.oid) AND pg_catalog.pg_namespace.nspname != $7::VARCHAR
2025-08-11 01:09:17,940 - sqlalchemy.engine.Engine - INFO - SELECT pg_catalog.pg_class.relname 
FROM pg_catalog.pg_class JOIN pg_catalog.pg_namespace ON pg_catalog.pg_namespace.oid = pg_catalog.pg_class.relnamespace 
WHERE pg_catalog.pg_class.relname = $1::VARCHAR AND pg_catalog.pg_class.relkind = ANY (ARRAY[$2::VARCHAR, $3::VARCHAR, $4::VARCHAR, $5::VARCHAR, $6::VARCHAR]) AND pg_catalog.pg_table_is_visible(pg_catalog.pg_class.oid) AND pg_catalog.pg_namespace.nspname != $7::VARCHAR
2025-08-11 01:09:17,940 INFO sqlalchemy.engine.Engine [cached since 0.4507s ago] ('message_threads', 'r', 'p', 'f', 'v', 'm', 'pg_catalog')
2025-08-11 01:09:17,940 - sqlalchemy.engine.Engine - INFO - [cached since 0.4507s ago] ('message_threads', 'r', 'p', 'f', 'v', 'm', 'pg_catalog')
2025-08-11 01:09:17,975 INFO sqlalchemy.engine.Engine SELECT pg_catalog.pg_class.relname 
FROM pg_catalog.pg_class JOIN pg_catalog.pg_namespace ON pg_catalog.pg_namespace.oid = pg_catalog.pg_class.relnamespace 
WHERE pg_catalog.pg_class.relname = $1::VARCHAR AND pg_catalog.pg_class.relkind = ANY (ARRAY[$2::VARCHAR, $3::VARCHAR, $4::VARCHAR, $5::VARCHAR, $6::VARCHAR]) AND pg_catalog.pg_table_is_visible(pg_catalog.pg_class.oid) AND pg_catalog.pg_namespace.nspname != $7::VARCHAR
2025-08-11 01:09:17,975 - sqlalchemy.engine.Engine - INFO - SELECT pg_catalog.pg_class.relname 
FROM pg_catalog.pg_class JOIN pg_catalog.pg_namespace ON pg_catalog.pg_namespace.oid = pg_catalog.pg_class.relnamespace 
WHERE pg_catalog.pg_class.relname = $1::VARCHAR AND pg_catalog.pg_class.relkind = ANY (ARRAY[$2::VARCHAR, $3::VARCHAR, $4::VARCHAR, $5::VARCHAR, $6::VARCHAR]) AND pg_catalog.pg_table_is_visible(pg_catalog.pg_class.oid) AND pg_catalog.pg_namespace.nspname != $7::VARCHAR
2025-08-11 01:09:17,975 INFO sqlalchemy.engine.Engine [cached since 0.4863s ago] ('messages', 'r', 'p', 'f', 'v', 'm', 'pg_catalog')
2025-08-11 01:09:17,975 - sqlalchemy.engine.Engine - INFO - [cached since 0.4863s ago] ('messages', 'r', 'p', 'f', 'v', 'm', 'pg_catalog')
2025-08-11 01:09:18,011 INFO sqlalchemy.engine.Engine SELECT pg_catalog.pg_class.relname 
FROM pg_catalog.pg_class JOIN pg_catalog.pg_namespace ON pg_catalog.pg_namespace.oid = pg_catalog.pg_class.relnamespace 
WHERE pg_catalog.pg_class.relname = $1::VARCHAR AND pg_catalog.pg_class.relkind = ANY (ARRAY[$2::VARCHAR, $3::VARCHAR, $4::VARCHAR, $5::VARCHAR, $6::VARCHAR]) AND pg_catalog.pg_table_is_visible(pg_catalog.pg_class.oid) AND pg_catalog.pg_namespace.nspname != $7::VARCHAR
2025-08-11 01:09:18,011 - sqlalchemy.engine.Engine - INFO - SELECT pg_catalog.pg_class.relname 
FROM pg_catalog.pg_class JOIN pg_catalog.pg_namespace ON pg_catalog.pg_namespace.oid = pg_catalog.pg_class.relnamespace 
WHERE pg_catalog.pg_class.relname = $1::VARCHAR AND pg_catalog.pg_class.relkind = ANY (ARRAY[$2::VARCHAR, $3::VARCHAR, $4::VARCHAR, $5::VARCHAR, $6::VARCHAR]) AND pg_catalog.pg_table_is_visible(pg_catalog.pg_class.oid) AND pg_catalog.pg_namespace.nspname != $7::VARCHAR
2025-08-11 01:09:18,011 INFO sqlalchemy.engine.Engine [cached since 0.5222s ago] ('applications', 'r', 'p', 'f', 'v', 'm', 'pg_catalog')
2025-08-11 01:09:18,011 - sqlalchemy.engine.Engine - INFO - [cached since 0.5222s ago] ('applications', 'r', 'p', 'f', 'v', 'm', 'pg_catalog')
2025-08-11 01:09:18,049 INFO sqlalchemy.engine.Engine SELECT pg_catalog.pg_class.relname 
FROM pg_catalog.pg_class JOIN pg_catalog.pg_namespace ON pg_catalog.pg_namespace.oid = pg_catalog.pg_class.relnamespace 
WHERE pg_catalog.pg_class.relname = $1::VARCHAR AND pg_catalog.pg_class.relkind = ANY (ARRAY[$2::VARCHAR, $3::VARCHAR, $4::VARCHAR, $5::VARCHAR, $6::VARCHAR]) AND pg_catalog.pg_table_is_visible(pg_catalog.pg_class.oid) AND pg_catalog.pg_namespace.nspname != $7::VARCHAR
2025-08-11 01:09:18,049 - sqlalchemy.engine.Engine - INFO - SELECT pg_catalog.pg_class.relname 
FROM pg_catalog.pg_class JOIN pg_catalog.pg_namespace ON pg_catalog.pg_namespace.oid = pg_catalog.pg_class.relnamespace 
WHERE pg_catalog.pg_class.relname = $1::VARCHAR AND pg_catalog.pg_class.relkind = ANY (ARRAY[$2::VARCHAR, $3::VARCHAR, $4::VARCHAR, $5::VARCHAR, $6::VARCHAR]) AND pg_catalog.pg_table_is_visible(pg_catalog.pg_class.oid) AND pg_catalog.pg_namespace.nspname != $7::VARCHAR
2025-08-11 01:09:18,049 INFO sqlalchemy.engine.Engine [cached since 0.5599s ago] ('application_documents', 'r', 'p', 'f', 'v', 'm', 'pg_catalog')
2025-08-11 01:09:18,049 - sqlalchemy.engine.Engine - INFO - [cached since 0.5599s ago] ('application_documents', 'r', 'p', 'f', 'v', 'm', 'pg_catalog')
2025-08-11 01:09:18,084 INFO sqlalchemy.engine.Engine SELECT pg_catalog.pg_class.relname 
FROM pg_catalog.pg_class JOIN pg_catalog.pg_namespace ON pg_catalog.pg_namespace.oid = pg_catalog.pg_class.relnamespace 
WHERE pg_catalog.pg_class.relname = $1::VARCHAR AND pg_catalog.pg_class.relkind = ANY (ARRAY[$2::VARCHAR, $3::VARCHAR, $4::VARCHAR, $5::VARCHAR, $6::VARCHAR]) AND pg_catalog.pg_table_is_visible(pg_catalog.pg_class.oid) AND pg_catalog.pg_namespace.nspname != $7::VARCHAR
2025-08-11 01:09:18,084 - sqlalchemy.engine.Engine - INFO - SELECT pg_catalog.pg_class.relname 
FROM pg_catalog.pg_class JOIN pg_catalog.pg_namespace ON pg_catalog.pg_namespace.oid = pg_catalog.pg_class.relnamespace 
WHERE pg_catalog.pg_class.relname = $1::VARCHAR AND pg_catalog.pg_class.relkind = ANY (ARRAY[$2::VARCHAR, $3::VARCHAR, $4::VARCHAR, $5::VARCHAR, $6::VARCHAR]) AND pg_catalog.pg_table_is_visible(pg_catalog.pg_class.oid) AND pg_catalog.pg_namespace.nspname != $7::VARCHAR
2025-08-11 01:09:18,085 INFO sqlalchemy.engine.Engine [cached since 0.5954s ago] ('audit_logs', 'r', 'p', 'f', 'v', 'm', 'pg_catalog')
2025-08-11 01:09:18,085 - sqlalchemy.engine.Engine - INFO - [cached since 0.5954s ago] ('audit_logs', 'r', 'p', 'f', 'v', 'm', 'pg_catalog')
2025-08-11 01:09:18,120 INFO sqlalchemy.engine.Engine SELECT pg_catalog.pg_class.relname 
FROM pg_catalog.pg_class JOIN pg_catalog.pg_namespace ON pg_catalog.pg_namespace.oid = pg_catalog.pg_class.relnamespace 
WHERE pg_catalog.pg_class.relname = $1::VARCHAR AND pg_catalog.pg_class.relkind = ANY (ARRAY[$2::VARCHAR, $3::VARCHAR, $4::VARCHAR, $5::VARCHAR, $6::VARCHAR]) AND pg_catalog.pg_table_is_visible(pg_catalog.pg_class.oid) AND pg_catalog.pg_namespace.nspname != $7::VARCHAR
2025-08-11 01:09:18,120 - sqlalchemy.engine.Engine - INFO - SELECT pg_catalog.pg_class.relname 
FROM pg_catalog.pg_class JOIN pg_catalog.pg_namespace ON pg_catalog.pg_namespace.oid = pg_catalog.pg_class.relnamespace 
WHERE pg_catalog.pg_class.relname = $1::VARCHAR AND pg_catalog.pg_class.relkind = ANY (ARRAY[$2::VARCHAR, $3::VARCHAR, $4::VARCHAR, $5::VARCHAR, $6::VARCHAR]) AND pg_catalog.pg_table_is_visible(pg_catalog.pg_class.oid) AND pg_catalog.pg_namespace.nspname != $7::VARCHAR
2025-08-11 01:09:18,120 INFO sqlalchemy.engine.Engine [cached since 0.6306s ago] ('companies', 'r', 'p', 'f', 'v', 'm', 'pg_catalog')
2025-08-11 01:09:18,120 - sqlalchemy.engine.Engine - INFO - [cached since 0.6306s ago] ('companies', 'r', 'p', 'f', 'v', 'm', 'pg_catalog')
2025-08-11 01:09:18,159 INFO sqlalchemy.engine.Engine SELECT pg_catalog.pg_class.relname 
FROM pg_catalog.pg_class JOIN pg_catalog.pg_namespace ON pg_catalog.pg_namespace.oid = pg_catalog.pg_class.relnamespace 
WHERE pg_catalog.pg_class.relname = $1::VARCHAR AND pg_catalog.pg_class.relkind = ANY (ARRAY[$2::VARCHAR, $3::VARCHAR, $4::VARCHAR, $5::VARCHAR, $6::VARCHAR]) AND pg_catalog.pg_table_is_visible(pg_catalog.pg_class.oid) AND pg_catalog.pg_namespace.nspname != $7::VARCHAR
2025-08-11 01:09:18,159 - sqlalchemy.engine.Engine - INFO - SELECT pg_catalog.pg_class.relname 
FROM pg_catalog.pg_class JOIN pg_catalog.pg_namespace ON pg_catalog.pg_namespace.oid = pg_catalog.pg_class.relnamespace 
WHERE pg_catalog.pg_class.relname = $1::VARCHAR AND pg_catalog.pg_class.relkind = ANY (ARRAY[$2::VARCHAR, $3::VARCHAR, $4::VARCHAR, $5::VARCHAR, $6::VARCHAR]) AND pg_catalog.pg_table_is_visible(pg_catalog.pg_class.oid) AND pg_catalog.pg_namespace.nspname != $7::VARCHAR
2025-08-11 01:09:18,159 INFO sqlalchemy.engine.Engine [cached since 0.6701s ago] ('plans', 'r', 'p', 'f', 'v', 'm', 'pg_catalog')
2025-08-11 01:09:18,159 - sqlalchemy.engine.Engine - INFO - [cached since 0.6701s ago] ('plans', 'r', 'p', 'f', 'v', 'm', 'pg_catalog')
2025-08-11 01:09:18,195 INFO sqlalchemy.engine.Engine SELECT pg_catalog.pg_class.relname 
FROM pg_catalog.pg_class JOIN pg_catalog.pg_namespace ON pg_catalog.pg_namespace.oid = pg_catalog.pg_class.relnamespace 
WHERE pg_catalog.pg_class.relname = $1::VARCHAR AND pg_catalog.pg_class.relkind = ANY (ARRAY[$2::VARCHAR, $3::VARCHAR, $4::VARCHAR, $5::VARCHAR, $6::VARCHAR]) AND pg_catalog.pg_table_is_visible(pg_catalog.pg_class.oid) AND pg_catalog.pg_namespace.nspname != $7::VARCHAR
2025-08-11 01:09:18,195 - sqlalchemy.engine.Engine - INFO - SELECT pg_catalog.pg_class.relname 
FROM pg_catalog.pg_class JOIN pg_catalog.pg_namespace ON pg_catalog.pg_namespace.oid = pg_catalog.pg_class.relnamespace 
WHERE pg_catalog.pg_class.relname = $1::VARCHAR AND pg_catalog.pg_class.relkind = ANY (ARRAY[$2::VARCHAR, $3::VARCHAR, $4::VARCHAR, $5::VARCHAR, $6::VARCHAR]) AND pg_catalog.pg_table_is_visible(pg_catalog.pg_class.oid) AND pg_catalog.pg_namespace.nspname != $7::VARCHAR
2025-08-11 01:09:18,195 INFO sqlalchemy.engine.Engine [cached since 0.7059s ago] ('plan_assignments', 'r', 'p', 'f', 'v', 'm', 'pg_catalog')
2025-08-11 01:09:18,195 - sqlalchemy.engine.Engine - INFO - [cached since 0.7059s ago] ('plan_assignments', 'r', 'p', 'f', 'v', 'm', 'pg_catalog')
2025-08-11 01:09:18,231 INFO sqlalchemy.engine.Engine SELECT pg_catalog.pg_class.relname 
FROM pg_catalog.pg_class JOIN pg_catalog.pg_namespace ON pg_catalog.pg_namespace.oid = pg_catalog.pg_class.relnamespace 
WHERE pg_catalog.pg_class.relname = $1::VARCHAR AND pg_catalog.pg_class.relkind = ANY (ARRAY[$2::VARCHAR, $3::VARCHAR, $4::VARCHAR, $5::VARCHAR, $6::VARCHAR]) AND pg_catalog.pg_table_is_visible(pg_catalog.pg_class.oid) AND pg_catalog.pg_namespace.nspname != $7::VARCHAR
2025-08-11 01:09:18,231 - sqlalchemy.engine.Engine - INFO - SELECT pg_catalog.pg_class.relname 
FROM pg_catalog.pg_class JOIN pg_catalog.pg_namespace ON pg_catalog.pg_namespace.oid = pg_catalog.pg_class.relnamespace 
WHERE pg_catalog.pg_class.relname = $1::VARCHAR AND pg_catalog.pg_class.relkind = ANY (ARRAY[$2::VARCHAR, $3::VARCHAR, $4::VARCHAR, $5::VARCHAR, $6::VARCHAR]) AND pg_catalog.pg_table_is_visible(pg_catalog.pg_class.oid) AND pg_catalog.pg_namespace.nspname != $7::VARCHAR
2025-08-11 01:09:18,231 INFO sqlalchemy.engine.Engine [cached since 0.7419s ago] ('feature_flags', 'r', 'p', 'f', 'v', 'm', 'pg_catalog')
2025-08-11 01:09:18,231 - sqlalchemy.engine.Engine - INFO - [cached since 0.7419s ago] ('feature_flags', 'r', 'p', 'f', 'v', 'm', 'pg_catalog')
2025-08-11 01:09:18,268 INFO sqlalchemy.engine.Engine SELECT pg_catalog.pg_class.relname 
FROM pg_catalog.pg_class JOIN pg_catalog.pg_namespace ON pg_catalog.pg_namespace.oid = pg_catalog.pg_class.relnamespace 
WHERE pg_catalog.pg_class.relname = $1::VARCHAR AND pg_catalog.pg_class.relkind = ANY (ARRAY[$2::VARCHAR, $3::VARCHAR, $4::VARCHAR, $5::VARCHAR, $6::VARCHAR]) AND pg_catalog.pg_table_is_visible(pg_catalog.pg_class.oid) AND pg_catalog.pg_namespace.nspname != $7::VARCHAR
2025-08-11 01:09:18,268 - sqlalchemy.engine.Engine - INFO - SELECT pg_catalog.pg_class.relname 
FROM pg_catalog.pg_class JOIN pg_catalog.pg_namespace ON pg_catalog.pg_namespace.oid = pg_catalog.pg_class.relnamespace 
WHERE pg_catalog.pg_class.relname = $1::VARCHAR AND pg_catalog.pg_class.relkind = ANY (ARRAY[$2::VARCHAR, $3::VARCHAR, $4::VARCHAR, $5::VARCHAR, $6::VARCHAR]) AND pg_catalog.pg_table_is_visible(pg_catalog.pg_class.oid) AND pg_catalog.pg_namespace.nspname != $7::VARCHAR
2025-08-11 01:09:18,268 INFO sqlalchemy.engine.Engine [cached since 0.7792s ago] ('plan_features', 'r', 'p', 'f', 'v', 'm', 'pg_catalog')
2025-08-11 01:09:18,268 - sqlalchemy.engine.Engine - INFO - [cached since 0.7792s ago] ('plan_features', 'r', 'p', 'f', 'v', 'm', 'pg_catalog')
2025-08-11 01:09:18,303 INFO sqlalchemy.engine.Engine SELECT pg_catalog.pg_class.relname 
FROM pg_catalog.pg_class JOIN pg_catalog.pg_namespace ON pg_catalog.pg_namespace.oid = pg_catalog.pg_class.relnamespace 
WHERE pg_catalog.pg_class.relname = $1::VARCHAR AND pg_catalog.pg_class.relkind = ANY (ARRAY[$2::VARCHAR, $3::VARCHAR, $4::VARCHAR, $5::VARCHAR, $6::VARCHAR]) AND pg_catalog.pg_table_is_visible(pg_catalog.pg_class.oid) AND pg_catalog.pg_namespace.nspname != $7::VARCHAR
2025-08-11 01:09:18,303 - sqlalchemy.engine.Engine - INFO - SELECT pg_catalog.pg_class.relname 
FROM pg_catalog.pg_class JOIN pg_catalog.pg_namespace ON pg_catalog.pg_namespace.oid = pg_catalog.pg_class.relnamespace 
WHERE pg_catalog.pg_class.relname = $1::VARCHAR AND pg_catalog.pg_class.relkind = ANY (ARRAY[$2::VARCHAR, $3::VARCHAR, $4::VARCHAR, $5::VARCHAR, $6::VARCHAR]) AND pg_catalog.pg_table_is_visible(pg_catalog.pg_class.oid) AND pg_catalog.pg_namespace.nspname != $7::VARCHAR
2025-08-11 01:09:18,303 INFO sqlalchemy.engine.Engine [cached since 0.8142s ago] ('contracts', 'r', 'p', 'f', 'v', 'm', 'pg_catalog')
2025-08-11 01:09:18,303 - sqlalchemy.engine.Engine - INFO - [cached since 0.8142s ago] ('contracts', 'r', 'p', 'f', 'v', 'm', 'pg_catalog')
2025-08-11 01:09:18,343 INFO sqlalchemy.engine.Engine SELECT pg_catalog.pg_class.relname 
FROM pg_catalog.pg_class JOIN pg_catalog.pg_namespace ON pg_catalog.pg_namespace.oid = pg_catalog.pg_class.relnamespace 
WHERE pg_catalog.pg_class.relname = $1::VARCHAR AND pg_catalog.pg_class.relkind = ANY (ARRAY[$2::VARCHAR, $3::VARCHAR, $4::VARCHAR, $5::VARCHAR, $6::VARCHAR]) AND pg_catalog.pg_table_is_visible(pg_catalog.pg_class.oid) AND pg_catalog.pg_namespace.nspname != $7::VARCHAR
2025-08-11 01:09:18,343 - sqlalchemy.engine.Engine - INFO - SELECT pg_catalog.pg_class.relname 
FROM pg_catalog.pg_class JOIN pg_catalog.pg_namespace ON pg_catalog.pg_namespace.oid = pg_catalog.pg_class.relnamespace 
WHERE pg_catalog.pg_class.relname = $1::VARCHAR AND pg_catalog.pg_class.relkind = ANY (ARRAY[$2::VARCHAR, $3::VARCHAR, $4::VARCHAR, $5::VARCHAR, $6::VARCHAR]) AND pg_catalog.pg_table_is_visible(pg_catalog.pg_class.oid) AND pg_catalog.pg_namespace.nspname != $7::VARCHAR
2025-08-11 01:09:18,343 INFO sqlalchemy.engine.Engine [cached since 0.8539s ago] ('invoices', 'r', 'p', 'f', 'v', 'm', 'pg_catalog')
2025-08-11 01:09:18,343 - sqlalchemy.engine.Engine - INFO - [cached since 0.8539s ago] ('invoices', 'r', 'p', 'f', 'v', 'm', 'pg_catalog')
2025-08-11 01:09:18,380 INFO sqlalchemy.engine.Engine SELECT pg_catalog.pg_type.typname 
FROM pg_catalog.pg_type JOIN pg_catalog.pg_namespace ON pg_catalog.pg_namespace.oid = pg_catalog.pg_type.typnamespace 
WHERE pg_catalog.pg_type.typname = $1::VARCHAR AND pg_catalog.pg_type_is_visible(pg_catalog.pg_type.oid) AND pg_catalog.pg_namespace.nspname != $2::VARCHAR
2025-08-11 01:09:18,380 - sqlalchemy.engine.Engine - INFO - SELECT pg_catalog.pg_type.typname 
FROM pg_catalog.pg_type JOIN pg_catalog.pg_namespace ON pg_catalog.pg_namespace.oid = pg_catalog.pg_type.typnamespace 
WHERE pg_catalog.pg_type.typname = $1::VARCHAR AND pg_catalog.pg_type_is_visible(pg_catalog.pg_type.oid) AND pg_catalog.pg_namespace.nspname != $2::VARCHAR
2025-08-11 01:09:18,380 INFO sqlalchemy.engine.Engine [generated in 0.00012s] ('userrole', 'pg_catalog')
2025-08-11 01:09:18,380 - sqlalchemy.engine.Engine - INFO - [generated in 0.00012s] ('userrole', 'pg_catalog')
2025-08-11 01:09:18,459 INFO sqlalchemy.engine.Engine SELECT pg_catalog.pg_type.typname 
FROM pg_catalog.pg_type JOIN pg_catalog.pg_namespace ON pg_catalog.pg_namespace.oid = pg_catalog.pg_type.typnamespace 
WHERE pg_catalog.pg_type.typname = $1::VARCHAR AND pg_catalog.pg_type_is_visible(pg_catalog.pg_type.oid) AND pg_catalog.pg_namespace.nspname != $2::VARCHAR
2025-08-11 01:09:18,459 - sqlalchemy.engine.Engine - INFO - SELECT pg_catalog.pg_type.typname 
FROM pg_catalog.pg_type JOIN pg_catalog.pg_namespace ON pg_catalog.pg_namespace.oid = pg_catalog.pg_type.typnamespace 
WHERE pg_catalog.pg_type.typname = $1::VARCHAR AND pg_catalog.pg_type_is_visible(pg_catalog.pg_type.oid) AND pg_catalog.pg_namespace.nspname != $2::VARCHAR
2025-08-11 01:09:18,459 INFO sqlalchemy.engine.Engine [cached since 0.07854s ago] ('userstatus', 'pg_catalog')
2025-08-11 01:09:18,459 - sqlalchemy.engine.Engine - INFO - [cached since 0.07854s ago] ('userstatus', 'pg_catalog')
2025-08-11 01:09:18,496 INFO sqlalchemy.engine.Engine SELECT pg_catalog.pg_type.typname 
FROM pg_catalog.pg_type JOIN pg_catalog.pg_namespace ON pg_catalog.pg_namespace.oid = pg_catalog.pg_type.typnamespace 
WHERE pg_catalog.pg_type.typname = $1::VARCHAR AND pg_catalog.pg_type_is_visible(pg_catalog.pg_type.oid) AND pg_catalog.pg_namespace.nspname != $2::VARCHAR
2025-08-11 01:09:18,496 - sqlalchemy.engine.Engine - INFO - SELECT pg_catalog.pg_type.typname 
FROM pg_catalog.pg_type JOIN pg_catalog.pg_namespace ON pg_catalog.pg_namespace.oid = pg_catalog.pg_type.typnamespace 
WHERE pg_catalog.pg_type.typname = $1::VARCHAR AND pg_catalog.pg_type_is_visible(pg_catalog.pg_type.oid) AND pg_catalog.pg_namespace.nspname != $2::VARCHAR
2025-08-11 01:09:18,496 INFO sqlalchemy.engine.Engine [cached since 0.1157s ago] ('propertytype', 'pg_catalog')
2025-08-11 01:09:18,496 - sqlalchemy.engine.Engine - INFO - [cached since 0.1157s ago] ('propertytype', 'pg_catalog')
2025-08-11 01:09:18,535 INFO sqlalchemy.engine.Engine SELECT pg_catalog.pg_type.typname 
FROM pg_catalog.pg_type JOIN pg_catalog.pg_namespace ON pg_catalog.pg_namespace.oid = pg_catalog.pg_type.typnamespace 
WHERE pg_catalog.pg_type.typname = $1::VARCHAR AND pg_catalog.pg_type_is_visible(pg_catalog.pg_type.oid) AND pg_catalog.pg_namespace.nspname != $2::VARCHAR
2025-08-11 01:09:18,535 - sqlalchemy.engine.Engine - INFO - SELECT pg_catalog.pg_type.typname 
FROM pg_catalog.pg_type JOIN pg_catalog.pg_namespace ON pg_catalog.pg_namespace.oid = pg_catalog.pg_type.typnamespace 
WHERE pg_catalog.pg_type.typname = $1::VARCHAR AND pg_catalog.pg_type_is_visible(pg_catalog.pg_type.oid) AND pg_catalog.pg_namespace.nspname != $2::VARCHAR
2025-08-11 01:09:18,535 INFO sqlalchemy.engine.Engine [cached since 0.1545s ago] ('propertystatus', 'pg_catalog')
2025-08-11 01:09:18,535 - sqlalchemy.engine.Engine - INFO - [cached since 0.1545s ago] ('propertystatus', 'pg_catalog')
2025-08-11 01:09:18,570 INFO sqlalchemy.engine.Engine SELECT pg_catalog.pg_type.typname 
FROM pg_catalog.pg_type JOIN pg_catalog.pg_namespace ON pg_catalog.pg_namespace.oid = pg_catalog.pg_type.typnamespace 
WHERE pg_catalog.pg_type.typname = $1::VARCHAR AND pg_catalog.pg_type_is_visible(pg_catalog.pg_type.oid) AND pg_catalog.pg_namespace.nspname != $2::VARCHAR
2025-08-11 01:09:18,570 - sqlalchemy.engine.Engine - INFO - SELECT pg_catalog.pg_type.typname 
FROM pg_catalog.pg_type JOIN pg_catalog.pg_namespace ON pg_catalog.pg_namespace.oid = pg_catalog.pg_type.typnamespace 
WHERE pg_catalog.pg_type.typname = $1::VARCHAR AND pg_catalog.pg_type_is_visible(pg_catalog.pg_type.oid) AND pg_catalog.pg_namespace.nspname != $2::VARCHAR
2025-08-11 01:09:18,570 INFO sqlalchemy.engine.Engine [cached since 0.1902s ago] ('leasetype', 'pg_catalog')
2025-08-11 01:09:18,570 - sqlalchemy.engine.Engine - INFO - [cached since 0.1902s ago] ('leasetype', 'pg_catalog')
2025-08-11 01:09:18,608 INFO sqlalchemy.engine.Engine SELECT pg_catalog.pg_type.typname 
FROM pg_catalog.pg_type JOIN pg_catalog.pg_namespace ON pg_catalog.pg_namespace.oid = pg_catalog.pg_type.typnamespace 
WHERE pg_catalog.pg_type.typname = $1::VARCHAR AND pg_catalog.pg_type_is_visible(pg_catalog.pg_type.oid) AND pg_catalog.pg_namespace.nspname != $2::VARCHAR
2025-08-11 01:09:18,608 - sqlalchemy.engine.Engine - INFO - SELECT pg_catalog.pg_type.typname 
FROM pg_catalog.pg_type JOIN pg_catalog.pg_namespace ON pg_catalog.pg_namespace.oid = pg_catalog.pg_type.typnamespace 
WHERE pg_catalog.pg_type.typname = $1::VARCHAR AND pg_catalog.pg_type_is_visible(pg_catalog.pg_type.oid) AND pg_catalog.pg_namespace.nspname != $2::VARCHAR
2025-08-11 01:09:18,608 INFO sqlalchemy.engine.Engine [cached since 0.2281s ago] ('leasestatus', 'pg_catalog')
2025-08-11 01:09:18,608 - sqlalchemy.engine.Engine - INFO - [cached since 0.2281s ago] ('leasestatus', 'pg_catalog')
2025-08-11 01:09:18,646 INFO sqlalchemy.engine.Engine SELECT pg_catalog.pg_type.typname 
FROM pg_catalog.pg_type JOIN pg_catalog.pg_namespace ON pg_catalog.pg_namespace.oid = pg_catalog.pg_type.typnamespace 
WHERE pg_catalog.pg_type.typname = $1::VARCHAR AND pg_catalog.pg_type_is_visible(pg_catalog.pg_type.oid) AND pg_catalog.pg_namespace.nspname != $2::VARCHAR
2025-08-11 01:09:18,646 - sqlalchemy.engine.Engine - INFO - SELECT pg_catalog.pg_type.typname 
FROM pg_catalog.pg_type JOIN pg_catalog.pg_namespace ON pg_catalog.pg_namespace.oid = pg_catalog.pg_type.typnamespace 
WHERE pg_catalog.pg_type.typname = $1::VARCHAR AND pg_catalog.pg_type_is_visible(pg_catalog.pg_type.oid) AND pg_catalog.pg_namespace.nspname != $2::VARCHAR
2025-08-11 01:09:18,647 INFO sqlalchemy.engine.Engine [cached since 0.2664s ago] ('paymenttype', 'pg_catalog')
2025-08-11 01:09:18,647 - sqlalchemy.engine.Engine - INFO - [cached since 0.2664s ago] ('paymenttype', 'pg_catalog')
2025-08-11 01:09:18,682 INFO sqlalchemy.engine.Engine SELECT pg_catalog.pg_type.typname 
FROM pg_catalog.pg_type JOIN pg_catalog.pg_namespace ON pg_catalog.pg_namespace.oid = pg_catalog.pg_type.typnamespace 
WHERE pg_catalog.pg_type.typname = $1::VARCHAR AND pg_catalog.pg_type_is_visible(pg_catalog.pg_type.oid) AND pg_catalog.pg_namespace.nspname != $2::VARCHAR
2025-08-11 01:09:18,682 - sqlalchemy.engine.Engine - INFO - SELECT pg_catalog.pg_type.typname 
FROM pg_catalog.pg_type JOIN pg_catalog.pg_namespace ON pg_catalog.pg_namespace.oid = pg_catalog.pg_type.typnamespace 
WHERE pg_catalog.pg_type.typname = $1::VARCHAR AND pg_catalog.pg_type_is_visible(pg_catalog.pg_type.oid) AND pg_catalog.pg_namespace.nspname != $2::VARCHAR
2025-08-11 01:09:18,682 INFO sqlalchemy.engine.Engine [cached since 0.3018s ago] ('paymentstatus', 'pg_catalog')
2025-08-11 01:09:18,682 - sqlalchemy.engine.Engine - INFO - [cached since 0.3018s ago] ('paymentstatus', 'pg_catalog')
2025-08-11 01:09:18,722 INFO sqlalchemy.engine.Engine SELECT pg_catalog.pg_type.typname 
FROM pg_catalog.pg_type JOIN pg_catalog.pg_namespace ON pg_catalog.pg_namespace.oid = pg_catalog.pg_type.typnamespace 
WHERE pg_catalog.pg_type.typname = $1::VARCHAR AND pg_catalog.pg_type_is_visible(pg_catalog.pg_type.oid) AND pg_catalog.pg_namespace.nspname != $2::VARCHAR
2025-08-11 01:09:18,722 - sqlalchemy.engine.Engine - INFO - SELECT pg_catalog.pg_type.typname 
FROM pg_catalog.pg_type JOIN pg_catalog.pg_namespace ON pg_catalog.pg_namespace.oid = pg_catalog.pg_type.typnamespace 
WHERE pg_catalog.pg_type.typname = $1::VARCHAR AND pg_catalog.pg_type_is_visible(pg_catalog.pg_type.oid) AND pg_catalog.pg_namespace.nspname != $2::VARCHAR
2025-08-11 01:09:18,722 INFO sqlalchemy.engine.Engine [cached since 0.3415s ago] ('paymentmethod', 'pg_catalog')
2025-08-11 01:09:18,722 - sqlalchemy.engine.Engine - INFO - [cached since 0.3415s ago] ('paymentmethod', 'pg_catalog')
2025-08-11 01:09:18,759 INFO sqlalchemy.engine.Engine SELECT pg_catalog.pg_type.typname 
FROM pg_catalog.pg_type JOIN pg_catalog.pg_namespace ON pg_catalog.pg_namespace.oid = pg_catalog.pg_type.typnamespace 
WHERE pg_catalog.pg_type.typname = $1::VARCHAR AND pg_catalog.pg_type_is_visible(pg_catalog.pg_type.oid) AND pg_catalog.pg_namespace.nspname != $2::VARCHAR
2025-08-11 01:09:18,759 - sqlalchemy.engine.Engine - INFO - SELECT pg_catalog.pg_type.typname 
FROM pg_catalog.pg_type JOIN pg_catalog.pg_namespace ON pg_catalog.pg_namespace.oid = pg_catalog.pg_type.typnamespace 
WHERE pg_catalog.pg_type.typname = $1::VARCHAR AND pg_catalog.pg_type_is_visible(pg_catalog.pg_type.oid) AND pg_catalog.pg_namespace.nspname != $2::VARCHAR
2025-08-11 01:09:18,759 INFO sqlalchemy.engine.Engine [cached since 0.3789s ago] ('maintenancecategory', 'pg_catalog')
2025-08-11 01:09:18,759 - sqlalchemy.engine.Engine - INFO - [cached since 0.3789s ago] ('maintenancecategory', 'pg_catalog')
2025-08-11 01:09:18,795 INFO sqlalchemy.engine.Engine SELECT pg_catalog.pg_type.typname 
FROM pg_catalog.pg_type JOIN pg_catalog.pg_namespace ON pg_catalog.pg_namespace.oid = pg_catalog.pg_type.typnamespace 
WHERE pg_catalog.pg_type.typname = $1::VARCHAR AND pg_catalog.pg_type_is_visible(pg_catalog.pg_type.oid) AND pg_catalog.pg_namespace.nspname != $2::VARCHAR
2025-08-11 01:09:18,795 - sqlalchemy.engine.Engine - INFO - SELECT pg_catalog.pg_type.typname 
FROM pg_catalog.pg_type JOIN pg_catalog.pg_namespace ON pg_catalog.pg_namespace.oid = pg_catalog.pg_type.typnamespace 
WHERE pg_catalog.pg_type.typname = $1::VARCHAR AND pg_catalog.pg_type_is_visible(pg_catalog.pg_type.oid) AND pg_catalog.pg_namespace.nspname != $2::VARCHAR
2025-08-11 01:09:18,795 INFO sqlalchemy.engine.Engine [cached since 0.4146s ago] ('maintenancepriority', 'pg_catalog')
2025-08-11 01:09:18,795 - sqlalchemy.engine.Engine - INFO - [cached since 0.4146s ago] ('maintenancepriority', 'pg_catalog')
2025-08-11 01:09:18,832 INFO sqlalchemy.engine.Engine SELECT pg_catalog.pg_type.typname 
FROM pg_catalog.pg_type JOIN pg_catalog.pg_namespace ON pg_catalog.pg_namespace.oid = pg_catalog.pg_type.typnamespace 
WHERE pg_catalog.pg_type.typname = $1::VARCHAR AND pg_catalog.pg_type_is_visible(pg_catalog.pg_type.oid) AND pg_catalog.pg_namespace.nspname != $2::VARCHAR
2025-08-11 01:09:18,832 - sqlalchemy.engine.Engine - INFO - SELECT pg_catalog.pg_type.typname 
FROM pg_catalog.pg_type JOIN pg_catalog.pg_namespace ON pg_catalog.pg_namespace.oid = pg_catalog.pg_type.typnamespace 
WHERE pg_catalog.pg_type.typname = $1::VARCHAR AND pg_catalog.pg_type_is_visible(pg_catalog.pg_type.oid) AND pg_catalog.pg_namespace.nspname != $2::VARCHAR
2025-08-11 01:09:18,832 INFO sqlalchemy.engine.Engine [cached since 0.452s ago] ('maintenancestatus', 'pg_catalog')
2025-08-11 01:09:18,832 - sqlalchemy.engine.Engine - INFO - [cached since 0.452s ago] ('maintenancestatus', 'pg_catalog')
2025-08-11 01:09:18,870 INFO sqlalchemy.engine.Engine SELECT pg_catalog.pg_type.typname 
FROM pg_catalog.pg_type JOIN pg_catalog.pg_namespace ON pg_catalog.pg_namespace.oid = pg_catalog.pg_type.typnamespace 
WHERE pg_catalog.pg_type.typname = $1::VARCHAR AND pg_catalog.pg_type_is_visible(pg_catalog.pg_type.oid) AND pg_catalog.pg_namespace.nspname != $2::VARCHAR
2025-08-11 01:09:18,870 - sqlalchemy.engine.Engine - INFO - SELECT pg_catalog.pg_type.typname 
FROM pg_catalog.pg_type JOIN pg_catalog.pg_namespace ON pg_catalog.pg_namespace.oid = pg_catalog.pg_type.typnamespace 
WHERE pg_catalog.pg_type.typname = $1::VARCHAR AND pg_catalog.pg_type_is_visible(pg_catalog.pg_type.oid) AND pg_catalog.pg_namespace.nspname != $2::VARCHAR
2025-08-11 01:09:18,870 INFO sqlalchemy.engine.Engine [cached since 0.4898s ago] ('messagetype', 'pg_catalog')
2025-08-11 01:09:18,870 - sqlalchemy.engine.Engine - INFO - [cached since 0.4898s ago] ('messagetype', 'pg_catalog')
2025-08-11 01:09:18,906 INFO sqlalchemy.engine.Engine SELECT pg_catalog.pg_type.typname 
FROM pg_catalog.pg_type JOIN pg_catalog.pg_namespace ON pg_catalog.pg_namespace.oid = pg_catalog.pg_type.typnamespace 
WHERE pg_catalog.pg_type.typname = $1::VARCHAR AND pg_catalog.pg_type_is_visible(pg_catalog.pg_type.oid) AND pg_catalog.pg_namespace.nspname != $2::VARCHAR
2025-08-11 01:09:18,906 - sqlalchemy.engine.Engine - INFO - SELECT pg_catalog.pg_type.typname 
FROM pg_catalog.pg_type JOIN pg_catalog.pg_namespace ON pg_catalog.pg_namespace.oid = pg_catalog.pg_type.typnamespace 
WHERE pg_catalog.pg_type.typname = $1::VARCHAR AND pg_catalog.pg_type_is_visible(pg_catalog.pg_type.oid) AND pg_catalog.pg_namespace.nspname != $2::VARCHAR
2025-08-11 01:09:18,906 INFO sqlalchemy.engine.Engine [cached since 0.526s ago] ('messagestatus', 'pg_catalog')
2025-08-11 01:09:18,906 - sqlalchemy.engine.Engine - INFO - [cached since 0.526s ago] ('messagestatus', 'pg_catalog')
2025-08-11 01:09:18,944 INFO sqlalchemy.engine.Engine SELECT pg_catalog.pg_type.typname 
FROM pg_catalog.pg_type JOIN pg_catalog.pg_namespace ON pg_catalog.pg_namespace.oid = pg_catalog.pg_type.typnamespace 
WHERE pg_catalog.pg_type.typname = $1::VARCHAR AND pg_catalog.pg_type_is_visible(pg_catalog.pg_type.oid) AND pg_catalog.pg_namespace.nspname != $2::VARCHAR
2025-08-11 01:09:18,944 - sqlalchemy.engine.Engine - INFO - SELECT pg_catalog.pg_type.typname 
FROM pg_catalog.pg_type JOIN pg_catalog.pg_namespace ON pg_catalog.pg_namespace.oid = pg_catalog.pg_type.typnamespace 
WHERE pg_catalog.pg_type.typname = $1::VARCHAR AND pg_catalog.pg_type_is_visible(pg_catalog.pg_type.oid) AND pg_catalog.pg_namespace.nspname != $2::VARCHAR
2025-08-11 01:09:18,944 INFO sqlalchemy.engine.Engine [cached since 0.5635s ago] ('applicationstatus', 'pg_catalog')
2025-08-11 01:09:18,944 - sqlalchemy.engine.Engine - INFO - [cached since 0.5635s ago] ('applicationstatus', 'pg_catalog')
2025-08-11 01:09:18,982 INFO sqlalchemy.engine.Engine SELECT pg_catalog.pg_type.typname 
FROM pg_catalog.pg_type JOIN pg_catalog.pg_namespace ON pg_catalog.pg_namespace.oid = pg_catalog.pg_type.typnamespace 
WHERE pg_catalog.pg_type.typname = $1::VARCHAR AND pg_catalog.pg_type_is_visible(pg_catalog.pg_type.oid) AND pg_catalog.pg_namespace.nspname != $2::VARCHAR
2025-08-11 01:09:18,982 - sqlalchemy.engine.Engine - INFO - SELECT pg_catalog.pg_type.typname 
FROM pg_catalog.pg_type JOIN pg_catalog.pg_namespace ON pg_catalog.pg_namespace.oid = pg_catalog.pg_type.typnamespace 
WHERE pg_catalog.pg_type.typname = $1::VARCHAR AND pg_catalog.pg_type_is_visible(pg_catalog.pg_type.oid) AND pg_catalog.pg_namespace.nspname != $2::VARCHAR
2025-08-11 01:09:18,982 INFO sqlalchemy.engine.Engine [cached since 0.602s ago] ('auditaction', 'pg_catalog')
2025-08-11 01:09:18,982 - sqlalchemy.engine.Engine - INFO - [cached since 0.602s ago] ('auditaction', 'pg_catalog')
2025-08-11 01:09:19,021 INFO sqlalchemy.engine.Engine SELECT pg_catalog.pg_type.typname 
FROM pg_catalog.pg_type JOIN pg_catalog.pg_namespace ON pg_catalog.pg_namespace.oid = pg_catalog.pg_type.typnamespace 
WHERE pg_catalog.pg_type.typname = $1::VARCHAR AND pg_catalog.pg_type_is_visible(pg_catalog.pg_type.oid) AND pg_catalog.pg_namespace.nspname != $2::VARCHAR
2025-08-11 01:09:19,021 - sqlalchemy.engine.Engine - INFO - SELECT pg_catalog.pg_type.typname 
FROM pg_catalog.pg_type JOIN pg_catalog.pg_namespace ON pg_catalog.pg_namespace.oid = pg_catalog.pg_type.typnamespace 
WHERE pg_catalog.pg_type.typname = $1::VARCHAR AND pg_catalog.pg_type_is_visible(pg_catalog.pg_type.oid) AND pg_catalog.pg_namespace.nspname != $2::VARCHAR
2025-08-11 01:09:19,021 INFO sqlalchemy.engine.Engine [cached since 0.6407s ago] ('auditseverity', 'pg_catalog')
2025-08-11 01:09:19,021 - sqlalchemy.engine.Engine - INFO - [cached since 0.6407s ago] ('auditseverity', 'pg_catalog')
2025-08-11 01:09:19,061 INFO sqlalchemy.engine.Engine SELECT pg_catalog.pg_type.typname 
FROM pg_catalog.pg_type JOIN pg_catalog.pg_namespace ON pg_catalog.pg_namespace.oid = pg_catalog.pg_type.typnamespace 
WHERE pg_catalog.pg_type.typname = $1::VARCHAR AND pg_catalog.pg_type_is_visible(pg_catalog.pg_type.oid) AND pg_catalog.pg_namespace.nspname != $2::VARCHAR
2025-08-11 01:09:19,061 - sqlalchemy.engine.Engine - INFO - SELECT pg_catalog.pg_type.typname 
FROM pg_catalog.pg_type JOIN pg_catalog.pg_namespace ON pg_catalog.pg_namespace.oid = pg_catalog.pg_type.typnamespace 
WHERE pg_catalog.pg_type.typname = $1::VARCHAR AND pg_catalog.pg_type_is_visible(pg_catalog.pg_type.oid) AND pg_catalog.pg_namespace.nspname != $2::VARCHAR
2025-08-11 01:09:19,061 INFO sqlalchemy.engine.Engine [cached since 0.681s ago] ('companystatus', 'pg_catalog')
2025-08-11 01:09:19,061 - sqlalchemy.engine.Engine - INFO - [cached since 0.681s ago] ('companystatus', 'pg_catalog')
2025-08-11 01:09:19,098 INFO sqlalchemy.engine.Engine SELECT pg_catalog.pg_type.typname 
FROM pg_catalog.pg_type JOIN pg_catalog.pg_namespace ON pg_catalog.pg_namespace.oid = pg_catalog.pg_type.typnamespace 
WHERE pg_catalog.pg_type.typname = $1::VARCHAR AND pg_catalog.pg_type_is_visible(pg_catalog.pg_type.oid) AND pg_catalog.pg_namespace.nspname != $2::VARCHAR
2025-08-11 01:09:19,098 - sqlalchemy.engine.Engine - INFO - SELECT pg_catalog.pg_type.typname 
FROM pg_catalog.pg_type JOIN pg_catalog.pg_namespace ON pg_catalog.pg_namespace.oid = pg_catalog.pg_type.typnamespace 
WHERE pg_catalog.pg_type.typname = $1::VARCHAR AND pg_catalog.pg_type_is_visible(pg_catalog.pg_type.oid) AND pg_catalog.pg_namespace.nspname != $2::VARCHAR
2025-08-11 01:09:19,098 INFO sqlalchemy.engine.Engine [cached since 0.7177s ago] ('planstatus', 'pg_catalog')
2025-08-11 01:09:19,098 - sqlalchemy.engine.Engine - INFO - [cached since 0.7177s ago] ('planstatus', 'pg_catalog')
2025-08-11 01:09:19,134 INFO sqlalchemy.engine.Engine SELECT pg_catalog.pg_type.typname 
FROM pg_catalog.pg_type JOIN pg_catalog.pg_namespace ON pg_catalog.pg_namespace.oid = pg_catalog.pg_type.typnamespace 
WHERE pg_catalog.pg_type.typname = $1::VARCHAR AND pg_catalog.pg_type_is_visible(pg_catalog.pg_type.oid) AND pg_catalog.pg_namespace.nspname != $2::VARCHAR
2025-08-11 01:09:19,134 - sqlalchemy.engine.Engine - INFO - SELECT pg_catalog.pg_type.typname 
FROM pg_catalog.pg_type JOIN pg_catalog.pg_namespace ON pg_catalog.pg_namespace.oid = pg_catalog.pg_type.typnamespace 
WHERE pg_catalog.pg_type.typname = $1::VARCHAR AND pg_catalog.pg_type_is_visible(pg_catalog.pg_type.oid) AND pg_catalog.pg_namespace.nspname != $2::VARCHAR
2025-08-11 01:09:19,134 INFO sqlalchemy.engine.Engine [cached since 0.754s ago] ('billingtype', 'pg_catalog')
2025-08-11 01:09:19,134 - sqlalchemy.engine.Engine - INFO - [cached since 0.754s ago] ('billingtype', 'pg_catalog')
2025-08-11 01:09:19,172 INFO sqlalchemy.engine.Engine SELECT pg_catalog.pg_type.typname 
FROM pg_catalog.pg_type JOIN pg_catalog.pg_namespace ON pg_catalog.pg_namespace.oid = pg_catalog.pg_type.typnamespace 
WHERE pg_catalog.pg_type.typname = $1::VARCHAR AND pg_catalog.pg_type_is_visible(pg_catalog.pg_type.oid) AND pg_catalog.pg_namespace.nspname != $2::VARCHAR
2025-08-11 01:09:19,172 - sqlalchemy.engine.Engine - INFO - SELECT pg_catalog.pg_type.typname 
FROM pg_catalog.pg_type JOIN pg_catalog.pg_namespace ON pg_catalog.pg_namespace.oid = pg_catalog.pg_type.typnamespace 
WHERE pg_catalog.pg_type.typname = $1::VARCHAR AND pg_catalog.pg_type_is_visible(pg_catalog.pg_type.oid) AND pg_catalog.pg_namespace.nspname != $2::VARCHAR
2025-08-11 01:09:19,172 INFO sqlalchemy.engine.Engine [cached since 0.7921s ago] ('modulekey', 'pg_catalog')
2025-08-11 01:09:19,172 - sqlalchemy.engine.Engine - INFO - [cached since 0.7921s ago] ('modulekey', 'pg_catalog')
2025-08-11 01:09:19,210 INFO sqlalchemy.engine.Engine SELECT pg_catalog.pg_type.typname 
FROM pg_catalog.pg_type JOIN pg_catalog.pg_namespace ON pg_catalog.pg_namespace.oid = pg_catalog.pg_type.typnamespace 
WHERE pg_catalog.pg_type.typname = $1::VARCHAR AND pg_catalog.pg_type_is_visible(pg_catalog.pg_type.oid) AND pg_catalog.pg_namespace.nspname != $2::VARCHAR
2025-08-11 01:09:19,210 - sqlalchemy.engine.Engine - INFO - SELECT pg_catalog.pg_type.typname 
FROM pg_catalog.pg_type JOIN pg_catalog.pg_namespace ON pg_catalog.pg_namespace.oid = pg_catalog.pg_type.typnamespace 
WHERE pg_catalog.pg_type.typname = $1::VARCHAR AND pg_catalog.pg_type_is_visible(pg_catalog.pg_type.oid) AND pg_catalog.pg_namespace.nspname != $2::VARCHAR
2025-08-11 01:09:19,210 INFO sqlalchemy.engine.Engine [cached since 0.8302s ago] ('contractstatus', 'pg_catalog')
2025-08-11 01:09:19,210 - sqlalchemy.engine.Engine - INFO - [cached since 0.8302s ago] ('contractstatus', 'pg_catalog')
2025-08-11 01:09:19,246 INFO sqlalchemy.engine.Engine SELECT pg_catalog.pg_type.typname 
FROM pg_catalog.pg_type JOIN pg_catalog.pg_namespace ON pg_catalog.pg_namespace.oid = pg_catalog.pg_type.typnamespace 
WHERE pg_catalog.pg_type.typname = $1::VARCHAR AND pg_catalog.pg_type_is_visible(pg_catalog.pg_type.oid) AND pg_catalog.pg_namespace.nspname != $2::VARCHAR
2025-08-11 01:09:19,246 - sqlalchemy.engine.Engine - INFO - SELECT pg_catalog.pg_type.typname 
FROM pg_catalog.pg_type JOIN pg_catalog.pg_namespace ON pg_catalog.pg_namespace.oid = pg_catalog.pg_type.typnamespace 
WHERE pg_catalog.pg_type.typname = $1::VARCHAR AND pg_catalog.pg_type_is_visible(pg_catalog.pg_type.oid) AND pg_catalog.pg_namespace.nspname != $2::VARCHAR
2025-08-11 01:09:19,246 INFO sqlalchemy.engine.Engine [cached since 0.8658s ago] ('renewaltype', 'pg_catalog')
2025-08-11 01:09:19,246 - sqlalchemy.engine.Engine - INFO - [cached since 0.8658s ago] ('renewaltype', 'pg_catalog')
2025-08-11 01:09:19,284 INFO sqlalchemy.engine.Engine SELECT pg_catalog.pg_type.typname 
FROM pg_catalog.pg_type JOIN pg_catalog.pg_namespace ON pg_catalog.pg_namespace.oid = pg_catalog.pg_type.typnamespace 
WHERE pg_catalog.pg_type.typname = $1::VARCHAR AND pg_catalog.pg_type_is_visible(pg_catalog.pg_type.oid) AND pg_catalog.pg_namespace.nspname != $2::VARCHAR
2025-08-11 01:09:19,284 - sqlalchemy.engine.Engine - INFO - SELECT pg_catalog.pg_type.typname 
FROM pg_catalog.pg_type JOIN pg_catalog.pg_namespace ON pg_catalog.pg_namespace.oid = pg_catalog.pg_type.typnamespace 
WHERE pg_catalog.pg_type.typname = $1::VARCHAR AND pg_catalog.pg_type_is_visible(pg_catalog.pg_type.oid) AND pg_catalog.pg_namespace.nspname != $2::VARCHAR
2025-08-11 01:09:19,284 INFO sqlalchemy.engine.Engine [cached since 0.9036s ago] ('billingcycle', 'pg_catalog')
2025-08-11 01:09:19,284 - sqlalchemy.engine.Engine - INFO - [cached since 0.9036s ago] ('billingcycle', 'pg_catalog')
2025-08-11 01:09:19,324 INFO sqlalchemy.engine.Engine SELECT pg_catalog.pg_type.typname 
FROM pg_catalog.pg_type JOIN pg_catalog.pg_namespace ON pg_catalog.pg_namespace.oid = pg_catalog.pg_type.typnamespace 
WHERE pg_catalog.pg_type.typname = $1::VARCHAR AND pg_catalog.pg_type_is_visible(pg_catalog.pg_type.oid) AND pg_catalog.pg_namespace.nspname != $2::VARCHAR
2025-08-11 01:09:19,324 - sqlalchemy.engine.Engine - INFO - SELECT pg_catalog.pg_type.typname 
FROM pg_catalog.pg_type JOIN pg_catalog.pg_namespace ON pg_catalog.pg_namespace.oid = pg_catalog.pg_type.typnamespace 
WHERE pg_catalog.pg_type.typname = $1::VARCHAR AND pg_catalog.pg_type_is_visible(pg_catalog.pg_type.oid) AND pg_catalog.pg_namespace.nspname != $2::VARCHAR
2025-08-11 01:09:19,324 INFO sqlalchemy.engine.Engine [cached since 0.9436s ago] ('invoicestatus', 'pg_catalog')
2025-08-11 01:09:19,324 - sqlalchemy.engine.Engine - INFO - [cached since 0.9436s ago] ('invoicestatus', 'pg_catalog')
2025-08-11 01:09:19,363 INFO sqlalchemy.engine.Engine COMMIT
2025-08-11 01:09:19,363 - sqlalchemy.engine.Engine - INFO - COMMIT
2025-08-11 01:09:19,401 - src.main - INFO - Database tables created successfully
INFO:     Application startup complete.
WARNING:  WatchFiles detected changes in 'src/api/v1/router.py'. Reloading...
INFO:     Shutting down
INFO:     Waiting for application shutdown.
2025-08-11 01:09:21,928 - src.main - INFO - Shutting down Green PM API...
INFO:     Application shutdown complete.
INFO:     Finished server process [75736]
INFO:     Started server process [75766]
INFO:     Waiting for application startup.
2025-08-11 01:09:22,679 - src.main - INFO - Starting Green PM API...
2025-08-11 01:09:23,185 INFO sqlalchemy.engine.Engine select pg_catalog.version()
2025-08-11 01:09:23,185 - sqlalchemy.engine.Engine - INFO - select pg_catalog.version()
2025-08-11 01:09:23,186 INFO sqlalchemy.engine.Engine [raw sql] ()
2025-08-11 01:09:23,186 - sqlalchemy.engine.Engine - INFO - [raw sql] ()
2025-08-11 01:09:23,341 INFO sqlalchemy.engine.Engine select current_schema()
2025-08-11 01:09:23,341 - sqlalchemy.engine.Engine - INFO - select current_schema()
2025-08-11 01:09:23,342 INFO sqlalchemy.engine.Engine [raw sql] ()
2025-08-11 01:09:23,342 - sqlalchemy.engine.Engine - INFO - [raw sql] ()
2025-08-11 01:09:23,489 INFO sqlalchemy.engine.Engine show standard_conforming_strings
2025-08-11 01:09:23,489 - sqlalchemy.engine.Engine - INFO - show standard_conforming_strings
2025-08-11 01:09:23,490 INFO sqlalchemy.engine.Engine [raw sql] ()
2025-08-11 01:09:23,490 - sqlalchemy.engine.Engine - INFO - [raw sql] ()
2025-08-11 01:09:23,603 INFO sqlalchemy.engine.Engine BEGIN (implicit)
2025-08-11 01:09:23,603 - sqlalchemy.engine.Engine - INFO - BEGIN (implicit)
2025-08-11 01:09:23,611 INFO sqlalchemy.engine.Engine SELECT pg_catalog.pg_class.relname 
FROM pg_catalog.pg_class JOIN pg_catalog.pg_namespace ON pg_catalog.pg_namespace.oid = pg_catalog.pg_class.relnamespace 
WHERE pg_catalog.pg_class.relname = $1::VARCHAR AND pg_catalog.pg_class.relkind = ANY (ARRAY[$2::VARCHAR, $3::VARCHAR, $4::VARCHAR, $5::VARCHAR, $6::VARCHAR]) AND pg_catalog.pg_table_is_visible(pg_catalog.pg_class.oid) AND pg_catalog.pg_namespace.nspname != $7::VARCHAR
2025-08-11 01:09:23,611 - sqlalchemy.engine.Engine - INFO - SELECT pg_catalog.pg_class.relname 
FROM pg_catalog.pg_class JOIN pg_catalog.pg_namespace ON pg_catalog.pg_namespace.oid = pg_catalog.pg_class.relnamespace 
WHERE pg_catalog.pg_class.relname = $1::VARCHAR AND pg_catalog.pg_class.relkind = ANY (ARRAY[$2::VARCHAR, $3::VARCHAR, $4::VARCHAR, $5::VARCHAR, $6::VARCHAR]) AND pg_catalog.pg_table_is_visible(pg_catalog.pg_class.oid) AND pg_catalog.pg_namespace.nspname != $7::VARCHAR
2025-08-11 01:09:23,611 INFO sqlalchemy.engine.Engine [generated in 0.00047s] ('users', 'r', 'p', 'f', 'v', 'm', 'pg_catalog')
2025-08-11 01:09:23,611 - sqlalchemy.engine.Engine - INFO - [generated in 0.00047s] ('users', 'r', 'p', 'f', 'v', 'm', 'pg_catalog')
2025-08-11 01:09:23,728 INFO sqlalchemy.engine.Engine SELECT pg_catalog.pg_class.relname 
FROM pg_catalog.pg_class JOIN pg_catalog.pg_namespace ON pg_catalog.pg_namespace.oid = pg_catalog.pg_class.relnamespace 
WHERE pg_catalog.pg_class.relname = $1::VARCHAR AND pg_catalog.pg_class.relkind = ANY (ARRAY[$2::VARCHAR, $3::VARCHAR, $4::VARCHAR, $5::VARCHAR, $6::VARCHAR]) AND pg_catalog.pg_table_is_visible(pg_catalog.pg_class.oid) AND pg_catalog.pg_namespace.nspname != $7::VARCHAR
2025-08-11 01:09:23,728 - sqlalchemy.engine.Engine - INFO - SELECT pg_catalog.pg_class.relname 
FROM pg_catalog.pg_class JOIN pg_catalog.pg_namespace ON pg_catalog.pg_namespace.oid = pg_catalog.pg_class.relnamespace 
WHERE pg_catalog.pg_class.relname = $1::VARCHAR AND pg_catalog.pg_class.relkind = ANY (ARRAY[$2::VARCHAR, $3::VARCHAR, $4::VARCHAR, $5::VARCHAR, $6::VARCHAR]) AND pg_catalog.pg_table_is_visible(pg_catalog.pg_class.oid) AND pg_catalog.pg_namespace.nspname != $7::VARCHAR
2025-08-11 01:09:23,728 INFO sqlalchemy.engine.Engine [cached since 0.1176s ago] ('properties', 'r', 'p', 'f', 'v', 'm', 'pg_catalog')
2025-08-11 01:09:23,728 - sqlalchemy.engine.Engine - INFO - [cached since 0.1176s ago] ('properties', 'r', 'p', 'f', 'v', 'm', 'pg_catalog')
2025-08-11 01:09:23,767 INFO sqlalchemy.engine.Engine SELECT pg_catalog.pg_class.relname 
FROM pg_catalog.pg_class JOIN pg_catalog.pg_namespace ON pg_catalog.pg_namespace.oid = pg_catalog.pg_class.relnamespace 
WHERE pg_catalog.pg_class.relname = $1::VARCHAR AND pg_catalog.pg_class.relkind = ANY (ARRAY[$2::VARCHAR, $3::VARCHAR, $4::VARCHAR, $5::VARCHAR, $6::VARCHAR]) AND pg_catalog.pg_table_is_visible(pg_catalog.pg_class.oid) AND pg_catalog.pg_namespace.nspname != $7::VARCHAR
2025-08-11 01:09:23,767 - sqlalchemy.engine.Engine - INFO - SELECT pg_catalog.pg_class.relname 
FROM pg_catalog.pg_class JOIN pg_catalog.pg_namespace ON pg_catalog.pg_namespace.oid = pg_catalog.pg_class.relnamespace 
WHERE pg_catalog.pg_class.relname = $1::VARCHAR AND pg_catalog.pg_class.relkind = ANY (ARRAY[$2::VARCHAR, $3::VARCHAR, $4::VARCHAR, $5::VARCHAR, $6::VARCHAR]) AND pg_catalog.pg_table_is_visible(pg_catalog.pg_class.oid) AND pg_catalog.pg_namespace.nspname != $7::VARCHAR
2025-08-11 01:09:23,767 INFO sqlalchemy.engine.Engine [cached since 0.1564s ago] ('property_images', 'r', 'p', 'f', 'v', 'm', 'pg_catalog')
2025-08-11 01:09:23,767 - sqlalchemy.engine.Engine - INFO - [cached since 0.1564s ago] ('property_images', 'r', 'p', 'f', 'v', 'm', 'pg_catalog')
2025-08-11 01:09:23,808 INFO sqlalchemy.engine.Engine SELECT pg_catalog.pg_class.relname 
FROM pg_catalog.pg_class JOIN pg_catalog.pg_namespace ON pg_catalog.pg_namespace.oid = pg_catalog.pg_class.relnamespace 
WHERE pg_catalog.pg_class.relname = $1::VARCHAR AND pg_catalog.pg_class.relkind = ANY (ARRAY[$2::VARCHAR, $3::VARCHAR, $4::VARCHAR, $5::VARCHAR, $6::VARCHAR]) AND pg_catalog.pg_table_is_visible(pg_catalog.pg_class.oid) AND pg_catalog.pg_namespace.nspname != $7::VARCHAR
2025-08-11 01:09:23,808 - sqlalchemy.engine.Engine - INFO - SELECT pg_catalog.pg_class.relname 
FROM pg_catalog.pg_class JOIN pg_catalog.pg_namespace ON pg_catalog.pg_namespace.oid = pg_catalog.pg_class.relnamespace 
WHERE pg_catalog.pg_class.relname = $1::VARCHAR AND pg_catalog.pg_class.relkind = ANY (ARRAY[$2::VARCHAR, $3::VARCHAR, $4::VARCHAR, $5::VARCHAR, $6::VARCHAR]) AND pg_catalog.pg_table_is_visible(pg_catalog.pg_class.oid) AND pg_catalog.pg_namespace.nspname != $7::VARCHAR
2025-08-11 01:09:23,808 INFO sqlalchemy.engine.Engine [cached since 0.1976s ago] ('property_amenities', 'r', 'p', 'f', 'v', 'm', 'pg_catalog')
2025-08-11 01:09:23,808 - sqlalchemy.engine.Engine - INFO - [cached since 0.1976s ago] ('property_amenities', 'r', 'p', 'f', 'v', 'm', 'pg_catalog')
2025-08-11 01:09:23,846 INFO sqlalchemy.engine.Engine SELECT pg_catalog.pg_class.relname 
FROM pg_catalog.pg_class JOIN pg_catalog.pg_namespace ON pg_catalog.pg_namespace.oid = pg_catalog.pg_class.relnamespace 
WHERE pg_catalog.pg_class.relname = $1::VARCHAR AND pg_catalog.pg_class.relkind = ANY (ARRAY[$2::VARCHAR, $3::VARCHAR, $4::VARCHAR, $5::VARCHAR, $6::VARCHAR]) AND pg_catalog.pg_table_is_visible(pg_catalog.pg_class.oid) AND pg_catalog.pg_namespace.nspname != $7::VARCHAR
2025-08-11 01:09:23,846 - sqlalchemy.engine.Engine - INFO - SELECT pg_catalog.pg_class.relname 
FROM pg_catalog.pg_class JOIN pg_catalog.pg_namespace ON pg_catalog.pg_namespace.oid = pg_catalog.pg_class.relnamespace 
WHERE pg_catalog.pg_class.relname = $1::VARCHAR AND pg_catalog.pg_class.relkind = ANY (ARRAY[$2::VARCHAR, $3::VARCHAR, $4::VARCHAR, $5::VARCHAR, $6::VARCHAR]) AND pg_catalog.pg_table_is_visible(pg_catalog.pg_class.oid) AND pg_catalog.pg_namespace.nspname != $7::VARCHAR
2025-08-11 01:09:23,846 INFO sqlalchemy.engine.Engine [cached since 0.2358s ago] ('leases', 'r', 'p', 'f', 'v', 'm', 'pg_catalog')
2025-08-11 01:09:23,846 - sqlalchemy.engine.Engine - INFO - [cached since 0.2358s ago] ('leases', 'r', 'p', 'f', 'v', 'm', 'pg_catalog')
2025-08-11 01:09:23,882 INFO sqlalchemy.engine.Engine SELECT pg_catalog.pg_class.relname 
FROM pg_catalog.pg_class JOIN pg_catalog.pg_namespace ON pg_catalog.pg_namespace.oid = pg_catalog.pg_class.relnamespace 
WHERE pg_catalog.pg_class.relname = $1::VARCHAR AND pg_catalog.pg_class.relkind = ANY (ARRAY[$2::VARCHAR, $3::VARCHAR, $4::VARCHAR, $5::VARCHAR, $6::VARCHAR]) AND pg_catalog.pg_table_is_visible(pg_catalog.pg_class.oid) AND pg_catalog.pg_namespace.nspname != $7::VARCHAR
2025-08-11 01:09:23,882 - sqlalchemy.engine.Engine - INFO - SELECT pg_catalog.pg_class.relname 
FROM pg_catalog.pg_class JOIN pg_catalog.pg_namespace ON pg_catalog.pg_namespace.oid = pg_catalog.pg_class.relnamespace 
WHERE pg_catalog.pg_class.relname = $1::VARCHAR AND pg_catalog.pg_class.relkind = ANY (ARRAY[$2::VARCHAR, $3::VARCHAR, $4::VARCHAR, $5::VARCHAR, $6::VARCHAR]) AND pg_catalog.pg_table_is_visible(pg_catalog.pg_class.oid) AND pg_catalog.pg_namespace.nspname != $7::VARCHAR
2025-08-11 01:09:23,883 INFO sqlalchemy.engine.Engine [cached since 0.272s ago] ('lease_documents', 'r', 'p', 'f', 'v', 'm', 'pg_catalog')
2025-08-11 01:09:23,883 - sqlalchemy.engine.Engine - INFO - [cached since 0.272s ago] ('lease_documents', 'r', 'p', 'f', 'v', 'm', 'pg_catalog')
2025-08-11 01:09:23,923 INFO sqlalchemy.engine.Engine SELECT pg_catalog.pg_class.relname 
FROM pg_catalog.pg_class JOIN pg_catalog.pg_namespace ON pg_catalog.pg_namespace.oid = pg_catalog.pg_class.relnamespace 
WHERE pg_catalog.pg_class.relname = $1::VARCHAR AND pg_catalog.pg_class.relkind = ANY (ARRAY[$2::VARCHAR, $3::VARCHAR, $4::VARCHAR, $5::VARCHAR, $6::VARCHAR]) AND pg_catalog.pg_table_is_visible(pg_catalog.pg_class.oid) AND pg_catalog.pg_namespace.nspname != $7::VARCHAR
2025-08-11 01:09:23,923 - sqlalchemy.engine.Engine - INFO - SELECT pg_catalog.pg_class.relname 
FROM pg_catalog.pg_class JOIN pg_catalog.pg_namespace ON pg_catalog.pg_namespace.oid = pg_catalog.pg_class.relnamespace 
WHERE pg_catalog.pg_class.relname = $1::VARCHAR AND pg_catalog.pg_class.relkind = ANY (ARRAY[$2::VARCHAR, $3::VARCHAR, $4::VARCHAR, $5::VARCHAR, $6::VARCHAR]) AND pg_catalog.pg_table_is_visible(pg_catalog.pg_class.oid) AND pg_catalog.pg_namespace.nspname != $7::VARCHAR
2025-08-11 01:09:23,924 INFO sqlalchemy.engine.Engine [cached since 0.3129s ago] ('payments', 'r', 'p', 'f', 'v', 'm', 'pg_catalog')
2025-08-11 01:09:23,924 - sqlalchemy.engine.Engine - INFO - [cached since 0.3129s ago] ('payments', 'r', 'p', 'f', 'v', 'm', 'pg_catalog')
2025-08-11 01:09:23,963 INFO sqlalchemy.engine.Engine SELECT pg_catalog.pg_class.relname 
FROM pg_catalog.pg_class JOIN pg_catalog.pg_namespace ON pg_catalog.pg_namespace.oid = pg_catalog.pg_class.relnamespace 
WHERE pg_catalog.pg_class.relname = $1::VARCHAR AND pg_catalog.pg_class.relkind = ANY (ARRAY[$2::VARCHAR, $3::VARCHAR, $4::VARCHAR, $5::VARCHAR, $6::VARCHAR]) AND pg_catalog.pg_table_is_visible(pg_catalog.pg_class.oid) AND pg_catalog.pg_namespace.nspname != $7::VARCHAR
2025-08-11 01:09:23,963 - sqlalchemy.engine.Engine - INFO - SELECT pg_catalog.pg_class.relname 
FROM pg_catalog.pg_class JOIN pg_catalog.pg_namespace ON pg_catalog.pg_namespace.oid = pg_catalog.pg_class.relnamespace 
WHERE pg_catalog.pg_class.relname = $1::VARCHAR AND pg_catalog.pg_class.relkind = ANY (ARRAY[$2::VARCHAR, $3::VARCHAR, $4::VARCHAR, $5::VARCHAR, $6::VARCHAR]) AND pg_catalog.pg_table_is_visible(pg_catalog.pg_class.oid) AND pg_catalog.pg_namespace.nspname != $7::VARCHAR
2025-08-11 01:09:23,963 INFO sqlalchemy.engine.Engine [cached since 0.3523s ago] ('payment_methods', 'r', 'p', 'f', 'v', 'm', 'pg_catalog')
2025-08-11 01:09:23,963 - sqlalchemy.engine.Engine - INFO - [cached since 0.3523s ago] ('payment_methods', 'r', 'p', 'f', 'v', 'm', 'pg_catalog')
2025-08-11 01:09:24,002 INFO sqlalchemy.engine.Engine SELECT pg_catalog.pg_class.relname 
FROM pg_catalog.pg_class JOIN pg_catalog.pg_namespace ON pg_catalog.pg_namespace.oid = pg_catalog.pg_class.relnamespace 
WHERE pg_catalog.pg_class.relname = $1::VARCHAR AND pg_catalog.pg_class.relkind = ANY (ARRAY[$2::VARCHAR, $3::VARCHAR, $4::VARCHAR, $5::VARCHAR, $6::VARCHAR]) AND pg_catalog.pg_table_is_visible(pg_catalog.pg_class.oid) AND pg_catalog.pg_namespace.nspname != $7::VARCHAR
2025-08-11 01:09:24,002 - sqlalchemy.engine.Engine - INFO - SELECT pg_catalog.pg_class.relname 
FROM pg_catalog.pg_class JOIN pg_catalog.pg_namespace ON pg_catalog.pg_namespace.oid = pg_catalog.pg_class.relnamespace 
WHERE pg_catalog.pg_class.relname = $1::VARCHAR AND pg_catalog.pg_class.relkind = ANY (ARRAY[$2::VARCHAR, $3::VARCHAR, $4::VARCHAR, $5::VARCHAR, $6::VARCHAR]) AND pg_catalog.pg_table_is_visible(pg_catalog.pg_class.oid) AND pg_catalog.pg_namespace.nspname != $7::VARCHAR
2025-08-11 01:09:24,002 INFO sqlalchemy.engine.Engine [cached since 0.3913s ago] ('maintenance_requests', 'r', 'p', 'f', 'v', 'm', 'pg_catalog')
2025-08-11 01:09:24,002 - sqlalchemy.engine.Engine - INFO - [cached since 0.3913s ago] ('maintenance_requests', 'r', 'p', 'f', 'v', 'm', 'pg_catalog')
2025-08-11 01:09:24,038 INFO sqlalchemy.engine.Engine SELECT pg_catalog.pg_class.relname 
FROM pg_catalog.pg_class JOIN pg_catalog.pg_namespace ON pg_catalog.pg_namespace.oid = pg_catalog.pg_class.relnamespace 
WHERE pg_catalog.pg_class.relname = $1::VARCHAR AND pg_catalog.pg_class.relkind = ANY (ARRAY[$2::VARCHAR, $3::VARCHAR, $4::VARCHAR, $5::VARCHAR, $6::VARCHAR]) AND pg_catalog.pg_table_is_visible(pg_catalog.pg_class.oid) AND pg_catalog.pg_namespace.nspname != $7::VARCHAR
2025-08-11 01:09:24,038 - sqlalchemy.engine.Engine - INFO - SELECT pg_catalog.pg_class.relname 
FROM pg_catalog.pg_class JOIN pg_catalog.pg_namespace ON pg_catalog.pg_namespace.oid = pg_catalog.pg_class.relnamespace 
WHERE pg_catalog.pg_class.relname = $1::VARCHAR AND pg_catalog.pg_class.relkind = ANY (ARRAY[$2::VARCHAR, $3::VARCHAR, $4::VARCHAR, $5::VARCHAR, $6::VARCHAR]) AND pg_catalog.pg_table_is_visible(pg_catalog.pg_class.oid) AND pg_catalog.pg_namespace.nspname != $7::VARCHAR
2025-08-11 01:09:24,039 INFO sqlalchemy.engine.Engine [cached since 0.4281s ago] ('maintenance_images', 'r', 'p', 'f', 'v', 'm', 'pg_catalog')
2025-08-11 01:09:24,039 - sqlalchemy.engine.Engine - INFO - [cached since 0.4281s ago] ('maintenance_images', 'r', 'p', 'f', 'v', 'm', 'pg_catalog')
2025-08-11 01:09:24,078 INFO sqlalchemy.engine.Engine SELECT pg_catalog.pg_class.relname 
FROM pg_catalog.pg_class JOIN pg_catalog.pg_namespace ON pg_catalog.pg_namespace.oid = pg_catalog.pg_class.relnamespace 
WHERE pg_catalog.pg_class.relname = $1::VARCHAR AND pg_catalog.pg_class.relkind = ANY (ARRAY[$2::VARCHAR, $3::VARCHAR, $4::VARCHAR, $5::VARCHAR, $6::VARCHAR]) AND pg_catalog.pg_table_is_visible(pg_catalog.pg_class.oid) AND pg_catalog.pg_namespace.nspname != $7::VARCHAR
2025-08-11 01:09:24,078 - sqlalchemy.engine.Engine - INFO - SELECT pg_catalog.pg_class.relname 
FROM pg_catalog.pg_class JOIN pg_catalog.pg_namespace ON pg_catalog.pg_namespace.oid = pg_catalog.pg_class.relnamespace 
WHERE pg_catalog.pg_class.relname = $1::VARCHAR AND pg_catalog.pg_class.relkind = ANY (ARRAY[$2::VARCHAR, $3::VARCHAR, $4::VARCHAR, $5::VARCHAR, $6::VARCHAR]) AND pg_catalog.pg_table_is_visible(pg_catalog.pg_class.oid) AND pg_catalog.pg_namespace.nspname != $7::VARCHAR
2025-08-11 01:09:24,078 INFO sqlalchemy.engine.Engine [cached since 0.4673s ago] ('message_threads', 'r', 'p', 'f', 'v', 'm', 'pg_catalog')
2025-08-11 01:09:24,078 - sqlalchemy.engine.Engine - INFO - [cached since 0.4673s ago] ('message_threads', 'r', 'p', 'f', 'v', 'm', 'pg_catalog')
2025-08-11 01:09:24,113 INFO sqlalchemy.engine.Engine SELECT pg_catalog.pg_class.relname 
FROM pg_catalog.pg_class JOIN pg_catalog.pg_namespace ON pg_catalog.pg_namespace.oid = pg_catalog.pg_class.relnamespace 
WHERE pg_catalog.pg_class.relname = $1::VARCHAR AND pg_catalog.pg_class.relkind = ANY (ARRAY[$2::VARCHAR, $3::VARCHAR, $4::VARCHAR, $5::VARCHAR, $6::VARCHAR]) AND pg_catalog.pg_table_is_visible(pg_catalog.pg_class.oid) AND pg_catalog.pg_namespace.nspname != $7::VARCHAR
2025-08-11 01:09:24,113 - sqlalchemy.engine.Engine - INFO - SELECT pg_catalog.pg_class.relname 
FROM pg_catalog.pg_class JOIN pg_catalog.pg_namespace ON pg_catalog.pg_namespace.oid = pg_catalog.pg_class.relnamespace 
WHERE pg_catalog.pg_class.relname = $1::VARCHAR AND pg_catalog.pg_class.relkind = ANY (ARRAY[$2::VARCHAR, $3::VARCHAR, $4::VARCHAR, $5::VARCHAR, $6::VARCHAR]) AND pg_catalog.pg_table_is_visible(pg_catalog.pg_class.oid) AND pg_catalog.pg_namespace.nspname != $7::VARCHAR
2025-08-11 01:09:24,113 INFO sqlalchemy.engine.Engine [cached since 0.5023s ago] ('messages', 'r', 'p', 'f', 'v', 'm', 'pg_catalog')
2025-08-11 01:09:24,113 - sqlalchemy.engine.Engine - INFO - [cached since 0.5023s ago] ('messages', 'r', 'p', 'f', 'v', 'm', 'pg_catalog')
2025-08-11 01:09:24,148 INFO sqlalchemy.engine.Engine SELECT pg_catalog.pg_class.relname 
FROM pg_catalog.pg_class JOIN pg_catalog.pg_namespace ON pg_catalog.pg_namespace.oid = pg_catalog.pg_class.relnamespace 
WHERE pg_catalog.pg_class.relname = $1::VARCHAR AND pg_catalog.pg_class.relkind = ANY (ARRAY[$2::VARCHAR, $3::VARCHAR, $4::VARCHAR, $5::VARCHAR, $6::VARCHAR]) AND pg_catalog.pg_table_is_visible(pg_catalog.pg_class.oid) AND pg_catalog.pg_namespace.nspname != $7::VARCHAR
2025-08-11 01:09:24,148 - sqlalchemy.engine.Engine - INFO - SELECT pg_catalog.pg_class.relname 
FROM pg_catalog.pg_class JOIN pg_catalog.pg_namespace ON pg_catalog.pg_namespace.oid = pg_catalog.pg_class.relnamespace 
WHERE pg_catalog.pg_class.relname = $1::VARCHAR AND pg_catalog.pg_class.relkind = ANY (ARRAY[$2::VARCHAR, $3::VARCHAR, $4::VARCHAR, $5::VARCHAR, $6::VARCHAR]) AND pg_catalog.pg_table_is_visible(pg_catalog.pg_class.oid) AND pg_catalog.pg_namespace.nspname != $7::VARCHAR
2025-08-11 01:09:24,148 INFO sqlalchemy.engine.Engine [cached since 0.5376s ago] ('applications', 'r', 'p', 'f', 'v', 'm', 'pg_catalog')
2025-08-11 01:09:24,148 - sqlalchemy.engine.Engine - INFO - [cached since 0.5376s ago] ('applications', 'r', 'p', 'f', 'v', 'm', 'pg_catalog')
2025-08-11 01:09:24,184 INFO sqlalchemy.engine.Engine SELECT pg_catalog.pg_class.relname 
FROM pg_catalog.pg_class JOIN pg_catalog.pg_namespace ON pg_catalog.pg_namespace.oid = pg_catalog.pg_class.relnamespace 
WHERE pg_catalog.pg_class.relname = $1::VARCHAR AND pg_catalog.pg_class.relkind = ANY (ARRAY[$2::VARCHAR, $3::VARCHAR, $4::VARCHAR, $5::VARCHAR, $6::VARCHAR]) AND pg_catalog.pg_table_is_visible(pg_catalog.pg_class.oid) AND pg_catalog.pg_namespace.nspname != $7::VARCHAR
2025-08-11 01:09:24,184 - sqlalchemy.engine.Engine - INFO - SELECT pg_catalog.pg_class.relname 
FROM pg_catalog.pg_class JOIN pg_catalog.pg_namespace ON pg_catalog.pg_namespace.oid = pg_catalog.pg_class.relnamespace 
WHERE pg_catalog.pg_class.relname = $1::VARCHAR AND pg_catalog.pg_class.relkind = ANY (ARRAY[$2::VARCHAR, $3::VARCHAR, $4::VARCHAR, $5::VARCHAR, $6::VARCHAR]) AND pg_catalog.pg_table_is_visible(pg_catalog.pg_class.oid) AND pg_catalog.pg_namespace.nspname != $7::VARCHAR
2025-08-11 01:09:24,184 INFO sqlalchemy.engine.Engine [cached since 0.5733s ago] ('application_documents', 'r', 'p', 'f', 'v', 'm', 'pg_catalog')
2025-08-11 01:09:24,184 - sqlalchemy.engine.Engine - INFO - [cached since 0.5733s ago] ('application_documents', 'r', 'p', 'f', 'v', 'm', 'pg_catalog')
2025-08-11 01:09:24,221 INFO sqlalchemy.engine.Engine SELECT pg_catalog.pg_class.relname 
FROM pg_catalog.pg_class JOIN pg_catalog.pg_namespace ON pg_catalog.pg_namespace.oid = pg_catalog.pg_class.relnamespace 
WHERE pg_catalog.pg_class.relname = $1::VARCHAR AND pg_catalog.pg_class.relkind = ANY (ARRAY[$2::VARCHAR, $3::VARCHAR, $4::VARCHAR, $5::VARCHAR, $6::VARCHAR]) AND pg_catalog.pg_table_is_visible(pg_catalog.pg_class.oid) AND pg_catalog.pg_namespace.nspname != $7::VARCHAR
2025-08-11 01:09:24,221 - sqlalchemy.engine.Engine - INFO - SELECT pg_catalog.pg_class.relname 
FROM pg_catalog.pg_class JOIN pg_catalog.pg_namespace ON pg_catalog.pg_namespace.oid = pg_catalog.pg_class.relnamespace 
WHERE pg_catalog.pg_class.relname = $1::VARCHAR AND pg_catalog.pg_class.relkind = ANY (ARRAY[$2::VARCHAR, $3::VARCHAR, $4::VARCHAR, $5::VARCHAR, $6::VARCHAR]) AND pg_catalog.pg_table_is_visible(pg_catalog.pg_class.oid) AND pg_catalog.pg_namespace.nspname != $7::VARCHAR
2025-08-11 01:09:24,221 INFO sqlalchemy.engine.Engine [cached since 0.6107s ago] ('audit_logs', 'r', 'p', 'f', 'v', 'm', 'pg_catalog')
2025-08-11 01:09:24,221 - sqlalchemy.engine.Engine - INFO - [cached since 0.6107s ago] ('audit_logs', 'r', 'p', 'f', 'v', 'm', 'pg_catalog')
2025-08-11 01:09:24,258 INFO sqlalchemy.engine.Engine SELECT pg_catalog.pg_class.relname 
FROM pg_catalog.pg_class JOIN pg_catalog.pg_namespace ON pg_catalog.pg_namespace.oid = pg_catalog.pg_class.relnamespace 
WHERE pg_catalog.pg_class.relname = $1::VARCHAR AND pg_catalog.pg_class.relkind = ANY (ARRAY[$2::VARCHAR, $3::VARCHAR, $4::VARCHAR, $5::VARCHAR, $6::VARCHAR]) AND pg_catalog.pg_table_is_visible(pg_catalog.pg_class.oid) AND pg_catalog.pg_namespace.nspname != $7::VARCHAR
2025-08-11 01:09:24,258 - sqlalchemy.engine.Engine - INFO - SELECT pg_catalog.pg_class.relname 
FROM pg_catalog.pg_class JOIN pg_catalog.pg_namespace ON pg_catalog.pg_namespace.oid = pg_catalog.pg_class.relnamespace 
WHERE pg_catalog.pg_class.relname = $1::VARCHAR AND pg_catalog.pg_class.relkind = ANY (ARRAY[$2::VARCHAR, $3::VARCHAR, $4::VARCHAR, $5::VARCHAR, $6::VARCHAR]) AND pg_catalog.pg_table_is_visible(pg_catalog.pg_class.oid) AND pg_catalog.pg_namespace.nspname != $7::VARCHAR
2025-08-11 01:09:24,258 INFO sqlalchemy.engine.Engine [cached since 0.6474s ago] ('companies', 'r', 'p', 'f', 'v', 'm', 'pg_catalog')
2025-08-11 01:09:24,258 - sqlalchemy.engine.Engine - INFO - [cached since 0.6474s ago] ('companies', 'r', 'p', 'f', 'v', 'm', 'pg_catalog')
2025-08-11 01:09:24,297 INFO sqlalchemy.engine.Engine SELECT pg_catalog.pg_class.relname 
FROM pg_catalog.pg_class JOIN pg_catalog.pg_namespace ON pg_catalog.pg_namespace.oid = pg_catalog.pg_class.relnamespace 
WHERE pg_catalog.pg_class.relname = $1::VARCHAR AND pg_catalog.pg_class.relkind = ANY (ARRAY[$2::VARCHAR, $3::VARCHAR, $4::VARCHAR, $5::VARCHAR, $6::VARCHAR]) AND pg_catalog.pg_table_is_visible(pg_catalog.pg_class.oid) AND pg_catalog.pg_namespace.nspname != $7::VARCHAR
2025-08-11 01:09:24,297 - sqlalchemy.engine.Engine - INFO - SELECT pg_catalog.pg_class.relname 
FROM pg_catalog.pg_class JOIN pg_catalog.pg_namespace ON pg_catalog.pg_namespace.oid = pg_catalog.pg_class.relnamespace 
WHERE pg_catalog.pg_class.relname = $1::VARCHAR AND pg_catalog.pg_class.relkind = ANY (ARRAY[$2::VARCHAR, $3::VARCHAR, $4::VARCHAR, $5::VARCHAR, $6::VARCHAR]) AND pg_catalog.pg_table_is_visible(pg_catalog.pg_class.oid) AND pg_catalog.pg_namespace.nspname != $7::VARCHAR
2025-08-11 01:09:24,297 INFO sqlalchemy.engine.Engine [cached since 0.6861s ago] ('plans', 'r', 'p', 'f', 'v', 'm', 'pg_catalog')
2025-08-11 01:09:24,297 - sqlalchemy.engine.Engine - INFO - [cached since 0.6861s ago] ('plans', 'r', 'p', 'f', 'v', 'm', 'pg_catalog')
2025-08-11 01:09:24,332 INFO sqlalchemy.engine.Engine SELECT pg_catalog.pg_class.relname 
FROM pg_catalog.pg_class JOIN pg_catalog.pg_namespace ON pg_catalog.pg_namespace.oid = pg_catalog.pg_class.relnamespace 
WHERE pg_catalog.pg_class.relname = $1::VARCHAR AND pg_catalog.pg_class.relkind = ANY (ARRAY[$2::VARCHAR, $3::VARCHAR, $4::VARCHAR, $5::VARCHAR, $6::VARCHAR]) AND pg_catalog.pg_table_is_visible(pg_catalog.pg_class.oid) AND pg_catalog.pg_namespace.nspname != $7::VARCHAR
2025-08-11 01:09:24,332 - sqlalchemy.engine.Engine - INFO - SELECT pg_catalog.pg_class.relname 
FROM pg_catalog.pg_class JOIN pg_catalog.pg_namespace ON pg_catalog.pg_namespace.oid = pg_catalog.pg_class.relnamespace 
WHERE pg_catalog.pg_class.relname = $1::VARCHAR AND pg_catalog.pg_class.relkind = ANY (ARRAY[$2::VARCHAR, $3::VARCHAR, $4::VARCHAR, $5::VARCHAR, $6::VARCHAR]) AND pg_catalog.pg_table_is_visible(pg_catalog.pg_class.oid) AND pg_catalog.pg_namespace.nspname != $7::VARCHAR
2025-08-11 01:09:24,332 INFO sqlalchemy.engine.Engine [cached since 0.7216s ago] ('plan_assignments', 'r', 'p', 'f', 'v', 'm', 'pg_catalog')
2025-08-11 01:09:24,332 - sqlalchemy.engine.Engine - INFO - [cached since 0.7216s ago] ('plan_assignments', 'r', 'p', 'f', 'v', 'm', 'pg_catalog')
2025-08-11 01:09:24,370 INFO sqlalchemy.engine.Engine SELECT pg_catalog.pg_class.relname 
FROM pg_catalog.pg_class JOIN pg_catalog.pg_namespace ON pg_catalog.pg_namespace.oid = pg_catalog.pg_class.relnamespace 
WHERE pg_catalog.pg_class.relname = $1::VARCHAR AND pg_catalog.pg_class.relkind = ANY (ARRAY[$2::VARCHAR, $3::VARCHAR, $4::VARCHAR, $5::VARCHAR, $6::VARCHAR]) AND pg_catalog.pg_table_is_visible(pg_catalog.pg_class.oid) AND pg_catalog.pg_namespace.nspname != $7::VARCHAR
2025-08-11 01:09:24,370 - sqlalchemy.engine.Engine - INFO - SELECT pg_catalog.pg_class.relname 
FROM pg_catalog.pg_class JOIN pg_catalog.pg_namespace ON pg_catalog.pg_namespace.oid = pg_catalog.pg_class.relnamespace 
WHERE pg_catalog.pg_class.relname = $1::VARCHAR AND pg_catalog.pg_class.relkind = ANY (ARRAY[$2::VARCHAR, $3::VARCHAR, $4::VARCHAR, $5::VARCHAR, $6::VARCHAR]) AND pg_catalog.pg_table_is_visible(pg_catalog.pg_class.oid) AND pg_catalog.pg_namespace.nspname != $7::VARCHAR
2025-08-11 01:09:24,370 INFO sqlalchemy.engine.Engine [cached since 0.7592s ago] ('feature_flags', 'r', 'p', 'f', 'v', 'm', 'pg_catalog')
2025-08-11 01:09:24,370 - sqlalchemy.engine.Engine - INFO - [cached since 0.7592s ago] ('feature_flags', 'r', 'p', 'f', 'v', 'm', 'pg_catalog')
2025-08-11 01:09:24,409 INFO sqlalchemy.engine.Engine SELECT pg_catalog.pg_class.relname 
FROM pg_catalog.pg_class JOIN pg_catalog.pg_namespace ON pg_catalog.pg_namespace.oid = pg_catalog.pg_class.relnamespace 
WHERE pg_catalog.pg_class.relname = $1::VARCHAR AND pg_catalog.pg_class.relkind = ANY (ARRAY[$2::VARCHAR, $3::VARCHAR, $4::VARCHAR, $5::VARCHAR, $6::VARCHAR]) AND pg_catalog.pg_table_is_visible(pg_catalog.pg_class.oid) AND pg_catalog.pg_namespace.nspname != $7::VARCHAR
2025-08-11 01:09:24,409 - sqlalchemy.engine.Engine - INFO - SELECT pg_catalog.pg_class.relname 
FROM pg_catalog.pg_class JOIN pg_catalog.pg_namespace ON pg_catalog.pg_namespace.oid = pg_catalog.pg_class.relnamespace 
WHERE pg_catalog.pg_class.relname = $1::VARCHAR AND pg_catalog.pg_class.relkind = ANY (ARRAY[$2::VARCHAR, $3::VARCHAR, $4::VARCHAR, $5::VARCHAR, $6::VARCHAR]) AND pg_catalog.pg_table_is_visible(pg_catalog.pg_class.oid) AND pg_catalog.pg_namespace.nspname != $7::VARCHAR
2025-08-11 01:09:24,409 INFO sqlalchemy.engine.Engine [cached since 0.7981s ago] ('plan_features', 'r', 'p', 'f', 'v', 'm', 'pg_catalog')
2025-08-11 01:09:24,409 - sqlalchemy.engine.Engine - INFO - [cached since 0.7981s ago] ('plan_features', 'r', 'p', 'f', 'v', 'm', 'pg_catalog')
2025-08-11 01:09:24,445 INFO sqlalchemy.engine.Engine SELECT pg_catalog.pg_class.relname 
FROM pg_catalog.pg_class JOIN pg_catalog.pg_namespace ON pg_catalog.pg_namespace.oid = pg_catalog.pg_class.relnamespace 
WHERE pg_catalog.pg_class.relname = $1::VARCHAR AND pg_catalog.pg_class.relkind = ANY (ARRAY[$2::VARCHAR, $3::VARCHAR, $4::VARCHAR, $5::VARCHAR, $6::VARCHAR]) AND pg_catalog.pg_table_is_visible(pg_catalog.pg_class.oid) AND pg_catalog.pg_namespace.nspname != $7::VARCHAR
2025-08-11 01:09:24,445 - sqlalchemy.engine.Engine - INFO - SELECT pg_catalog.pg_class.relname 
FROM pg_catalog.pg_class JOIN pg_catalog.pg_namespace ON pg_catalog.pg_namespace.oid = pg_catalog.pg_class.relnamespace 
WHERE pg_catalog.pg_class.relname = $1::VARCHAR AND pg_catalog.pg_class.relkind = ANY (ARRAY[$2::VARCHAR, $3::VARCHAR, $4::VARCHAR, $5::VARCHAR, $6::VARCHAR]) AND pg_catalog.pg_table_is_visible(pg_catalog.pg_class.oid) AND pg_catalog.pg_namespace.nspname != $7::VARCHAR
2025-08-11 01:09:24,445 INFO sqlalchemy.engine.Engine [cached since 0.8343s ago] ('contracts', 'r', 'p', 'f', 'v', 'm', 'pg_catalog')
2025-08-11 01:09:24,445 - sqlalchemy.engine.Engine - INFO - [cached since 0.8343s ago] ('contracts', 'r', 'p', 'f', 'v', 'm', 'pg_catalog')
2025-08-11 01:09:24,481 INFO sqlalchemy.engine.Engine SELECT pg_catalog.pg_class.relname 
FROM pg_catalog.pg_class JOIN pg_catalog.pg_namespace ON pg_catalog.pg_namespace.oid = pg_catalog.pg_class.relnamespace 
WHERE pg_catalog.pg_class.relname = $1::VARCHAR AND pg_catalog.pg_class.relkind = ANY (ARRAY[$2::VARCHAR, $3::VARCHAR, $4::VARCHAR, $5::VARCHAR, $6::VARCHAR]) AND pg_catalog.pg_table_is_visible(pg_catalog.pg_class.oid) AND pg_catalog.pg_namespace.nspname != $7::VARCHAR
2025-08-11 01:09:24,481 - sqlalchemy.engine.Engine - INFO - SELECT pg_catalog.pg_class.relname 
FROM pg_catalog.pg_class JOIN pg_catalog.pg_namespace ON pg_catalog.pg_namespace.oid = pg_catalog.pg_class.relnamespace 
WHERE pg_catalog.pg_class.relname = $1::VARCHAR AND pg_catalog.pg_class.relkind = ANY (ARRAY[$2::VARCHAR, $3::VARCHAR, $4::VARCHAR, $5::VARCHAR, $6::VARCHAR]) AND pg_catalog.pg_table_is_visible(pg_catalog.pg_class.oid) AND pg_catalog.pg_namespace.nspname != $7::VARCHAR
2025-08-11 01:09:24,481 INFO sqlalchemy.engine.Engine [cached since 0.8708s ago] ('invoices', 'r', 'p', 'f', 'v', 'm', 'pg_catalog')
2025-08-11 01:09:24,481 - sqlalchemy.engine.Engine - INFO - [cached since 0.8708s ago] ('invoices', 'r', 'p', 'f', 'v', 'm', 'pg_catalog')
2025-08-11 01:09:24,521 INFO sqlalchemy.engine.Engine SELECT pg_catalog.pg_type.typname 
FROM pg_catalog.pg_type JOIN pg_catalog.pg_namespace ON pg_catalog.pg_namespace.oid = pg_catalog.pg_type.typnamespace 
WHERE pg_catalog.pg_type.typname = $1::VARCHAR AND pg_catalog.pg_type_is_visible(pg_catalog.pg_type.oid) AND pg_catalog.pg_namespace.nspname != $2::VARCHAR
2025-08-11 01:09:24,521 - sqlalchemy.engine.Engine - INFO - SELECT pg_catalog.pg_type.typname 
FROM pg_catalog.pg_type JOIN pg_catalog.pg_namespace ON pg_catalog.pg_namespace.oid = pg_catalog.pg_type.typnamespace 
WHERE pg_catalog.pg_type.typname = $1::VARCHAR AND pg_catalog.pg_type_is_visible(pg_catalog.pg_type.oid) AND pg_catalog.pg_namespace.nspname != $2::VARCHAR
2025-08-11 01:09:24,521 INFO sqlalchemy.engine.Engine [generated in 0.00014s] ('userrole', 'pg_catalog')
2025-08-11 01:09:24,521 - sqlalchemy.engine.Engine - INFO - [generated in 0.00014s] ('userrole', 'pg_catalog')
2025-08-11 01:09:24,597 INFO sqlalchemy.engine.Engine SELECT pg_catalog.pg_type.typname 
FROM pg_catalog.pg_type JOIN pg_catalog.pg_namespace ON pg_catalog.pg_namespace.oid = pg_catalog.pg_type.typnamespace 
WHERE pg_catalog.pg_type.typname = $1::VARCHAR AND pg_catalog.pg_type_is_visible(pg_catalog.pg_type.oid) AND pg_catalog.pg_namespace.nspname != $2::VARCHAR
2025-08-11 01:09:24,597 - sqlalchemy.engine.Engine - INFO - SELECT pg_catalog.pg_type.typname 
FROM pg_catalog.pg_type JOIN pg_catalog.pg_namespace ON pg_catalog.pg_namespace.oid = pg_catalog.pg_type.typnamespace 
WHERE pg_catalog.pg_type.typname = $1::VARCHAR AND pg_catalog.pg_type_is_visible(pg_catalog.pg_type.oid) AND pg_catalog.pg_namespace.nspname != $2::VARCHAR
2025-08-11 01:09:24,597 INFO sqlalchemy.engine.Engine [cached since 0.07619s ago] ('userstatus', 'pg_catalog')
2025-08-11 01:09:24,597 - sqlalchemy.engine.Engine - INFO - [cached since 0.07619s ago] ('userstatus', 'pg_catalog')
2025-08-11 01:09:24,632 INFO sqlalchemy.engine.Engine SELECT pg_catalog.pg_type.typname 
FROM pg_catalog.pg_type JOIN pg_catalog.pg_namespace ON pg_catalog.pg_namespace.oid = pg_catalog.pg_type.typnamespace 
WHERE pg_catalog.pg_type.typname = $1::VARCHAR AND pg_catalog.pg_type_is_visible(pg_catalog.pg_type.oid) AND pg_catalog.pg_namespace.nspname != $2::VARCHAR
2025-08-11 01:09:24,632 - sqlalchemy.engine.Engine - INFO - SELECT pg_catalog.pg_type.typname 
FROM pg_catalog.pg_type JOIN pg_catalog.pg_namespace ON pg_catalog.pg_namespace.oid = pg_catalog.pg_type.typnamespace 
WHERE pg_catalog.pg_type.typname = $1::VARCHAR AND pg_catalog.pg_type_is_visible(pg_catalog.pg_type.oid) AND pg_catalog.pg_namespace.nspname != $2::VARCHAR
2025-08-11 01:09:24,633 INFO sqlalchemy.engine.Engine [cached since 0.1119s ago] ('propertytype', 'pg_catalog')
2025-08-11 01:09:24,633 - sqlalchemy.engine.Engine - INFO - [cached since 0.1119s ago] ('propertytype', 'pg_catalog')
2025-08-11 01:09:24,668 INFO sqlalchemy.engine.Engine SELECT pg_catalog.pg_type.typname 
FROM pg_catalog.pg_type JOIN pg_catalog.pg_namespace ON pg_catalog.pg_namespace.oid = pg_catalog.pg_type.typnamespace 
WHERE pg_catalog.pg_type.typname = $1::VARCHAR AND pg_catalog.pg_type_is_visible(pg_catalog.pg_type.oid) AND pg_catalog.pg_namespace.nspname != $2::VARCHAR
2025-08-11 01:09:24,668 - sqlalchemy.engine.Engine - INFO - SELECT pg_catalog.pg_type.typname 
FROM pg_catalog.pg_type JOIN pg_catalog.pg_namespace ON pg_catalog.pg_namespace.oid = pg_catalog.pg_type.typnamespace 
WHERE pg_catalog.pg_type.typname = $1::VARCHAR AND pg_catalog.pg_type_is_visible(pg_catalog.pg_type.oid) AND pg_catalog.pg_namespace.nspname != $2::VARCHAR
2025-08-11 01:09:24,668 INFO sqlalchemy.engine.Engine [cached since 0.1477s ago] ('propertystatus', 'pg_catalog')
2025-08-11 01:09:24,668 - sqlalchemy.engine.Engine - INFO - [cached since 0.1477s ago] ('propertystatus', 'pg_catalog')
2025-08-11 01:09:24,704 INFO sqlalchemy.engine.Engine SELECT pg_catalog.pg_type.typname 
FROM pg_catalog.pg_type JOIN pg_catalog.pg_namespace ON pg_catalog.pg_namespace.oid = pg_catalog.pg_type.typnamespace 
WHERE pg_catalog.pg_type.typname = $1::VARCHAR AND pg_catalog.pg_type_is_visible(pg_catalog.pg_type.oid) AND pg_catalog.pg_namespace.nspname != $2::VARCHAR
2025-08-11 01:09:24,704 - sqlalchemy.engine.Engine - INFO - SELECT pg_catalog.pg_type.typname 
FROM pg_catalog.pg_type JOIN pg_catalog.pg_namespace ON pg_catalog.pg_namespace.oid = pg_catalog.pg_type.typnamespace 
WHERE pg_catalog.pg_type.typname = $1::VARCHAR AND pg_catalog.pg_type_is_visible(pg_catalog.pg_type.oid) AND pg_catalog.pg_namespace.nspname != $2::VARCHAR
2025-08-11 01:09:24,705 INFO sqlalchemy.engine.Engine [cached since 0.1847s ago] ('leasetype', 'pg_catalog')
2025-08-11 01:09:24,705 - sqlalchemy.engine.Engine - INFO - [cached since 0.1847s ago] ('leasetype', 'pg_catalog')
2025-08-11 01:09:24,742 INFO sqlalchemy.engine.Engine SELECT pg_catalog.pg_type.typname 
FROM pg_catalog.pg_type JOIN pg_catalog.pg_namespace ON pg_catalog.pg_namespace.oid = pg_catalog.pg_type.typnamespace 
WHERE pg_catalog.pg_type.typname = $1::VARCHAR AND pg_catalog.pg_type_is_visible(pg_catalog.pg_type.oid) AND pg_catalog.pg_namespace.nspname != $2::VARCHAR
2025-08-11 01:09:24,742 - sqlalchemy.engine.Engine - INFO - SELECT pg_catalog.pg_type.typname 
FROM pg_catalog.pg_type JOIN pg_catalog.pg_namespace ON pg_catalog.pg_namespace.oid = pg_catalog.pg_type.typnamespace 
WHERE pg_catalog.pg_type.typname = $1::VARCHAR AND pg_catalog.pg_type_is_visible(pg_catalog.pg_type.oid) AND pg_catalog.pg_namespace.nspname != $2::VARCHAR
2025-08-11 01:09:24,742 INFO sqlalchemy.engine.Engine [cached since 0.2211s ago] ('leasestatus', 'pg_catalog')
2025-08-11 01:09:24,742 - sqlalchemy.engine.Engine - INFO - [cached since 0.2211s ago] ('leasestatus', 'pg_catalog')
2025-08-11 01:09:24,781 INFO sqlalchemy.engine.Engine SELECT pg_catalog.pg_type.typname 
FROM pg_catalog.pg_type JOIN pg_catalog.pg_namespace ON pg_catalog.pg_namespace.oid = pg_catalog.pg_type.typnamespace 
WHERE pg_catalog.pg_type.typname = $1::VARCHAR AND pg_catalog.pg_type_is_visible(pg_catalog.pg_type.oid) AND pg_catalog.pg_namespace.nspname != $2::VARCHAR
2025-08-11 01:09:24,781 - sqlalchemy.engine.Engine - INFO - SELECT pg_catalog.pg_type.typname 
FROM pg_catalog.pg_type JOIN pg_catalog.pg_namespace ON pg_catalog.pg_namespace.oid = pg_catalog.pg_type.typnamespace 
WHERE pg_catalog.pg_type.typname = $1::VARCHAR AND pg_catalog.pg_type_is_visible(pg_catalog.pg_type.oid) AND pg_catalog.pg_namespace.nspname != $2::VARCHAR
2025-08-11 01:09:24,781 INFO sqlalchemy.engine.Engine [cached since 0.2603s ago] ('paymenttype', 'pg_catalog')
2025-08-11 01:09:24,781 - sqlalchemy.engine.Engine - INFO - [cached since 0.2603s ago] ('paymenttype', 'pg_catalog')
2025-08-11 01:09:24,819 INFO sqlalchemy.engine.Engine SELECT pg_catalog.pg_type.typname 
FROM pg_catalog.pg_type JOIN pg_catalog.pg_namespace ON pg_catalog.pg_namespace.oid = pg_catalog.pg_type.typnamespace 
WHERE pg_catalog.pg_type.typname = $1::VARCHAR AND pg_catalog.pg_type_is_visible(pg_catalog.pg_type.oid) AND pg_catalog.pg_namespace.nspname != $2::VARCHAR
2025-08-11 01:09:24,819 - sqlalchemy.engine.Engine - INFO - SELECT pg_catalog.pg_type.typname 
FROM pg_catalog.pg_type JOIN pg_catalog.pg_namespace ON pg_catalog.pg_namespace.oid = pg_catalog.pg_type.typnamespace 
WHERE pg_catalog.pg_type.typname = $1::VARCHAR AND pg_catalog.pg_type_is_visible(pg_catalog.pg_type.oid) AND pg_catalog.pg_namespace.nspname != $2::VARCHAR
2025-08-11 01:09:24,820 INFO sqlalchemy.engine.Engine [cached since 0.299s ago] ('paymentstatus', 'pg_catalog')
2025-08-11 01:09:24,820 - sqlalchemy.engine.Engine - INFO - [cached since 0.299s ago] ('paymentstatus', 'pg_catalog')
2025-08-11 01:09:24,856 INFO sqlalchemy.engine.Engine SELECT pg_catalog.pg_type.typname 
FROM pg_catalog.pg_type JOIN pg_catalog.pg_namespace ON pg_catalog.pg_namespace.oid = pg_catalog.pg_type.typnamespace 
WHERE pg_catalog.pg_type.typname = $1::VARCHAR AND pg_catalog.pg_type_is_visible(pg_catalog.pg_type.oid) AND pg_catalog.pg_namespace.nspname != $2::VARCHAR
2025-08-11 01:09:24,856 - sqlalchemy.engine.Engine - INFO - SELECT pg_catalog.pg_type.typname 
FROM pg_catalog.pg_type JOIN pg_catalog.pg_namespace ON pg_catalog.pg_namespace.oid = pg_catalog.pg_type.typnamespace 
WHERE pg_catalog.pg_type.typname = $1::VARCHAR AND pg_catalog.pg_type_is_visible(pg_catalog.pg_type.oid) AND pg_catalog.pg_namespace.nspname != $2::VARCHAR
2025-08-11 01:09:24,856 INFO sqlalchemy.engine.Engine [cached since 0.3356s ago] ('paymentmethod', 'pg_catalog')
2025-08-11 01:09:24,856 - sqlalchemy.engine.Engine - INFO - [cached since 0.3356s ago] ('paymentmethod', 'pg_catalog')
2025-08-11 01:09:24,893 INFO sqlalchemy.engine.Engine SELECT pg_catalog.pg_type.typname 
FROM pg_catalog.pg_type JOIN pg_catalog.pg_namespace ON pg_catalog.pg_namespace.oid = pg_catalog.pg_type.typnamespace 
WHERE pg_catalog.pg_type.typname = $1::VARCHAR AND pg_catalog.pg_type_is_visible(pg_catalog.pg_type.oid) AND pg_catalog.pg_namespace.nspname != $2::VARCHAR
2025-08-11 01:09:24,893 - sqlalchemy.engine.Engine - INFO - SELECT pg_catalog.pg_type.typname 
FROM pg_catalog.pg_type JOIN pg_catalog.pg_namespace ON pg_catalog.pg_namespace.oid = pg_catalog.pg_type.typnamespace 
WHERE pg_catalog.pg_type.typname = $1::VARCHAR AND pg_catalog.pg_type_is_visible(pg_catalog.pg_type.oid) AND pg_catalog.pg_namespace.nspname != $2::VARCHAR
2025-08-11 01:09:24,893 INFO sqlalchemy.engine.Engine [cached since 0.3729s ago] ('maintenancecategory', 'pg_catalog')
2025-08-11 01:09:24,893 - sqlalchemy.engine.Engine - INFO - [cached since 0.3729s ago] ('maintenancecategory', 'pg_catalog')
2025-08-11 01:09:24,934 INFO sqlalchemy.engine.Engine SELECT pg_catalog.pg_type.typname 
FROM pg_catalog.pg_type JOIN pg_catalog.pg_namespace ON pg_catalog.pg_namespace.oid = pg_catalog.pg_type.typnamespace 
WHERE pg_catalog.pg_type.typname = $1::VARCHAR AND pg_catalog.pg_type_is_visible(pg_catalog.pg_type.oid) AND pg_catalog.pg_namespace.nspname != $2::VARCHAR
2025-08-11 01:09:24,934 - sqlalchemy.engine.Engine - INFO - SELECT pg_catalog.pg_type.typname 
FROM pg_catalog.pg_type JOIN pg_catalog.pg_namespace ON pg_catalog.pg_namespace.oid = pg_catalog.pg_type.typnamespace 
WHERE pg_catalog.pg_type.typname = $1::VARCHAR AND pg_catalog.pg_type_is_visible(pg_catalog.pg_type.oid) AND pg_catalog.pg_namespace.nspname != $2::VARCHAR
2025-08-11 01:09:24,934 INFO sqlalchemy.engine.Engine [cached since 0.4131s ago] ('maintenancepriority', 'pg_catalog')
2025-08-11 01:09:24,934 - sqlalchemy.engine.Engine - INFO - [cached since 0.4131s ago] ('maintenancepriority', 'pg_catalog')
2025-08-11 01:09:24,972 INFO sqlalchemy.engine.Engine SELECT pg_catalog.pg_type.typname 
FROM pg_catalog.pg_type JOIN pg_catalog.pg_namespace ON pg_catalog.pg_namespace.oid = pg_catalog.pg_type.typnamespace 
WHERE pg_catalog.pg_type.typname = $1::VARCHAR AND pg_catalog.pg_type_is_visible(pg_catalog.pg_type.oid) AND pg_catalog.pg_namespace.nspname != $2::VARCHAR
2025-08-11 01:09:24,972 - sqlalchemy.engine.Engine - INFO - SELECT pg_catalog.pg_type.typname 
FROM pg_catalog.pg_type JOIN pg_catalog.pg_namespace ON pg_catalog.pg_namespace.oid = pg_catalog.pg_type.typnamespace 
WHERE pg_catalog.pg_type.typname = $1::VARCHAR AND pg_catalog.pg_type_is_visible(pg_catalog.pg_type.oid) AND pg_catalog.pg_namespace.nspname != $2::VARCHAR
2025-08-11 01:09:24,972 INFO sqlalchemy.engine.Engine [cached since 0.4516s ago] ('maintenancestatus', 'pg_catalog')
2025-08-11 01:09:24,972 - sqlalchemy.engine.Engine - INFO - [cached since 0.4516s ago] ('maintenancestatus', 'pg_catalog')
2025-08-11 01:09:25,009 INFO sqlalchemy.engine.Engine SELECT pg_catalog.pg_type.typname 
FROM pg_catalog.pg_type JOIN pg_catalog.pg_namespace ON pg_catalog.pg_namespace.oid = pg_catalog.pg_type.typnamespace 
WHERE pg_catalog.pg_type.typname = $1::VARCHAR AND pg_catalog.pg_type_is_visible(pg_catalog.pg_type.oid) AND pg_catalog.pg_namespace.nspname != $2::VARCHAR
2025-08-11 01:09:25,009 - sqlalchemy.engine.Engine - INFO - SELECT pg_catalog.pg_type.typname 
FROM pg_catalog.pg_type JOIN pg_catalog.pg_namespace ON pg_catalog.pg_namespace.oid = pg_catalog.pg_type.typnamespace 
WHERE pg_catalog.pg_type.typname = $1::VARCHAR AND pg_catalog.pg_type_is_visible(pg_catalog.pg_type.oid) AND pg_catalog.pg_namespace.nspname != $2::VARCHAR
2025-08-11 01:09:25,009 INFO sqlalchemy.engine.Engine [cached since 0.4887s ago] ('messagetype', 'pg_catalog')
2025-08-11 01:09:25,009 - sqlalchemy.engine.Engine - INFO - [cached since 0.4887s ago] ('messagetype', 'pg_catalog')
2025-08-11 01:09:25,047 INFO sqlalchemy.engine.Engine SELECT pg_catalog.pg_type.typname 
FROM pg_catalog.pg_type JOIN pg_catalog.pg_namespace ON pg_catalog.pg_namespace.oid = pg_catalog.pg_type.typnamespace 
WHERE pg_catalog.pg_type.typname = $1::VARCHAR AND pg_catalog.pg_type_is_visible(pg_catalog.pg_type.oid) AND pg_catalog.pg_namespace.nspname != $2::VARCHAR
2025-08-11 01:09:25,047 - sqlalchemy.engine.Engine - INFO - SELECT pg_catalog.pg_type.typname 
FROM pg_catalog.pg_type JOIN pg_catalog.pg_namespace ON pg_catalog.pg_namespace.oid = pg_catalog.pg_type.typnamespace 
WHERE pg_catalog.pg_type.typname = $1::VARCHAR AND pg_catalog.pg_type_is_visible(pg_catalog.pg_type.oid) AND pg_catalog.pg_namespace.nspname != $2::VARCHAR
2025-08-11 01:09:25,047 INFO sqlalchemy.engine.Engine [cached since 0.5268s ago] ('messagestatus', 'pg_catalog')
2025-08-11 01:09:25,047 - sqlalchemy.engine.Engine - INFO - [cached since 0.5268s ago] ('messagestatus', 'pg_catalog')
2025-08-11 01:09:25,086 INFO sqlalchemy.engine.Engine SELECT pg_catalog.pg_type.typname 
FROM pg_catalog.pg_type JOIN pg_catalog.pg_namespace ON pg_catalog.pg_namespace.oid = pg_catalog.pg_type.typnamespace 
WHERE pg_catalog.pg_type.typname = $1::VARCHAR AND pg_catalog.pg_type_is_visible(pg_catalog.pg_type.oid) AND pg_catalog.pg_namespace.nspname != $2::VARCHAR
2025-08-11 01:09:25,086 - sqlalchemy.engine.Engine - INFO - SELECT pg_catalog.pg_type.typname 
FROM pg_catalog.pg_type JOIN pg_catalog.pg_namespace ON pg_catalog.pg_namespace.oid = pg_catalog.pg_type.typnamespace 
WHERE pg_catalog.pg_type.typname = $1::VARCHAR AND pg_catalog.pg_type_is_visible(pg_catalog.pg_type.oid) AND pg_catalog.pg_namespace.nspname != $2::VARCHAR
2025-08-11 01:09:25,086 INFO sqlalchemy.engine.Engine [cached since 0.5653s ago] ('applicationstatus', 'pg_catalog')
2025-08-11 01:09:25,086 - sqlalchemy.engine.Engine - INFO - [cached since 0.5653s ago] ('applicationstatus', 'pg_catalog')
2025-08-11 01:09:25,124 INFO sqlalchemy.engine.Engine SELECT pg_catalog.pg_type.typname 
FROM pg_catalog.pg_type JOIN pg_catalog.pg_namespace ON pg_catalog.pg_namespace.oid = pg_catalog.pg_type.typnamespace 
WHERE pg_catalog.pg_type.typname = $1::VARCHAR AND pg_catalog.pg_type_is_visible(pg_catalog.pg_type.oid) AND pg_catalog.pg_namespace.nspname != $2::VARCHAR
2025-08-11 01:09:25,124 - sqlalchemy.engine.Engine - INFO - SELECT pg_catalog.pg_type.typname 
FROM pg_catalog.pg_type JOIN pg_catalog.pg_namespace ON pg_catalog.pg_namespace.oid = pg_catalog.pg_type.typnamespace 
WHERE pg_catalog.pg_type.typname = $1::VARCHAR AND pg_catalog.pg_type_is_visible(pg_catalog.pg_type.oid) AND pg_catalog.pg_namespace.nspname != $2::VARCHAR
2025-08-11 01:09:25,124 INFO sqlalchemy.engine.Engine [cached since 0.6039s ago] ('auditaction', 'pg_catalog')
2025-08-11 01:09:25,124 - sqlalchemy.engine.Engine - INFO - [cached since 0.6039s ago] ('auditaction', 'pg_catalog')
2025-08-11 01:09:25,162 INFO sqlalchemy.engine.Engine SELECT pg_catalog.pg_type.typname 
FROM pg_catalog.pg_type JOIN pg_catalog.pg_namespace ON pg_catalog.pg_namespace.oid = pg_catalog.pg_type.typnamespace 
WHERE pg_catalog.pg_type.typname = $1::VARCHAR AND pg_catalog.pg_type_is_visible(pg_catalog.pg_type.oid) AND pg_catalog.pg_namespace.nspname != $2::VARCHAR
2025-08-11 01:09:25,162 - sqlalchemy.engine.Engine - INFO - SELECT pg_catalog.pg_type.typname 
FROM pg_catalog.pg_type JOIN pg_catalog.pg_namespace ON pg_catalog.pg_namespace.oid = pg_catalog.pg_type.typnamespace 
WHERE pg_catalog.pg_type.typname = $1::VARCHAR AND pg_catalog.pg_type_is_visible(pg_catalog.pg_type.oid) AND pg_catalog.pg_namespace.nspname != $2::VARCHAR
2025-08-11 01:09:25,162 INFO sqlalchemy.engine.Engine [cached since 0.6419s ago] ('auditseverity', 'pg_catalog')
2025-08-11 01:09:25,162 - sqlalchemy.engine.Engine - INFO - [cached since 0.6419s ago] ('auditseverity', 'pg_catalog')
2025-08-11 01:09:25,200 INFO sqlalchemy.engine.Engine SELECT pg_catalog.pg_type.typname 
FROM pg_catalog.pg_type JOIN pg_catalog.pg_namespace ON pg_catalog.pg_namespace.oid = pg_catalog.pg_type.typnamespace 
WHERE pg_catalog.pg_type.typname = $1::VARCHAR AND pg_catalog.pg_type_is_visible(pg_catalog.pg_type.oid) AND pg_catalog.pg_namespace.nspname != $2::VARCHAR
2025-08-11 01:09:25,200 - sqlalchemy.engine.Engine - INFO - SELECT pg_catalog.pg_type.typname 
FROM pg_catalog.pg_type JOIN pg_catalog.pg_namespace ON pg_catalog.pg_namespace.oid = pg_catalog.pg_type.typnamespace 
WHERE pg_catalog.pg_type.typname = $1::VARCHAR AND pg_catalog.pg_type_is_visible(pg_catalog.pg_type.oid) AND pg_catalog.pg_namespace.nspname != $2::VARCHAR
2025-08-11 01:09:25,200 INFO sqlalchemy.engine.Engine [cached since 0.6797s ago] ('companystatus', 'pg_catalog')
2025-08-11 01:09:25,200 - sqlalchemy.engine.Engine - INFO - [cached since 0.6797s ago] ('companystatus', 'pg_catalog')
2025-08-11 01:09:25,236 INFO sqlalchemy.engine.Engine SELECT pg_catalog.pg_type.typname 
FROM pg_catalog.pg_type JOIN pg_catalog.pg_namespace ON pg_catalog.pg_namespace.oid = pg_catalog.pg_type.typnamespace 
WHERE pg_catalog.pg_type.typname = $1::VARCHAR AND pg_catalog.pg_type_is_visible(pg_catalog.pg_type.oid) AND pg_catalog.pg_namespace.nspname != $2::VARCHAR
2025-08-11 01:09:25,236 - sqlalchemy.engine.Engine - INFO - SELECT pg_catalog.pg_type.typname 
FROM pg_catalog.pg_type JOIN pg_catalog.pg_namespace ON pg_catalog.pg_namespace.oid = pg_catalog.pg_type.typnamespace 
WHERE pg_catalog.pg_type.typname = $1::VARCHAR AND pg_catalog.pg_type_is_visible(pg_catalog.pg_type.oid) AND pg_catalog.pg_namespace.nspname != $2::VARCHAR
2025-08-11 01:09:25,236 INFO sqlalchemy.engine.Engine [cached since 0.7155s ago] ('planstatus', 'pg_catalog')
2025-08-11 01:09:25,236 - sqlalchemy.engine.Engine - INFO - [cached since 0.7155s ago] ('planstatus', 'pg_catalog')
2025-08-11 01:09:25,274 INFO sqlalchemy.engine.Engine SELECT pg_catalog.pg_type.typname 
FROM pg_catalog.pg_type JOIN pg_catalog.pg_namespace ON pg_catalog.pg_namespace.oid = pg_catalog.pg_type.typnamespace 
WHERE pg_catalog.pg_type.typname = $1::VARCHAR AND pg_catalog.pg_type_is_visible(pg_catalog.pg_type.oid) AND pg_catalog.pg_namespace.nspname != $2::VARCHAR
2025-08-11 01:09:25,274 - sqlalchemy.engine.Engine - INFO - SELECT pg_catalog.pg_type.typname 
FROM pg_catalog.pg_type JOIN pg_catalog.pg_namespace ON pg_catalog.pg_namespace.oid = pg_catalog.pg_type.typnamespace 
WHERE pg_catalog.pg_type.typname = $1::VARCHAR AND pg_catalog.pg_type_is_visible(pg_catalog.pg_type.oid) AND pg_catalog.pg_namespace.nspname != $2::VARCHAR
2025-08-11 01:09:25,274 INFO sqlalchemy.engine.Engine [cached since 0.753s ago] ('billingtype', 'pg_catalog')
2025-08-11 01:09:25,274 - sqlalchemy.engine.Engine - INFO - [cached since 0.753s ago] ('billingtype', 'pg_catalog')
2025-08-11 01:09:25,312 INFO sqlalchemy.engine.Engine SELECT pg_catalog.pg_type.typname 
FROM pg_catalog.pg_type JOIN pg_catalog.pg_namespace ON pg_catalog.pg_namespace.oid = pg_catalog.pg_type.typnamespace 
WHERE pg_catalog.pg_type.typname = $1::VARCHAR AND pg_catalog.pg_type_is_visible(pg_catalog.pg_type.oid) AND pg_catalog.pg_namespace.nspname != $2::VARCHAR
2025-08-11 01:09:25,312 - sqlalchemy.engine.Engine - INFO - SELECT pg_catalog.pg_type.typname 
FROM pg_catalog.pg_type JOIN pg_catalog.pg_namespace ON pg_catalog.pg_namespace.oid = pg_catalog.pg_type.typnamespace 
WHERE pg_catalog.pg_type.typname = $1::VARCHAR AND pg_catalog.pg_type_is_visible(pg_catalog.pg_type.oid) AND pg_catalog.pg_namespace.nspname != $2::VARCHAR
2025-08-11 01:09:25,312 INFO sqlalchemy.engine.Engine [cached since 0.7915s ago] ('modulekey', 'pg_catalog')
2025-08-11 01:09:25,312 - sqlalchemy.engine.Engine - INFO - [cached since 0.7915s ago] ('modulekey', 'pg_catalog')
2025-08-11 01:09:25,348 INFO sqlalchemy.engine.Engine SELECT pg_catalog.pg_type.typname 
FROM pg_catalog.pg_type JOIN pg_catalog.pg_namespace ON pg_catalog.pg_namespace.oid = pg_catalog.pg_type.typnamespace 
WHERE pg_catalog.pg_type.typname = $1::VARCHAR AND pg_catalog.pg_type_is_visible(pg_catalog.pg_type.oid) AND pg_catalog.pg_namespace.nspname != $2::VARCHAR
2025-08-11 01:09:25,348 - sqlalchemy.engine.Engine - INFO - SELECT pg_catalog.pg_type.typname 
FROM pg_catalog.pg_type JOIN pg_catalog.pg_namespace ON pg_catalog.pg_namespace.oid = pg_catalog.pg_type.typnamespace 
WHERE pg_catalog.pg_type.typname = $1::VARCHAR AND pg_catalog.pg_type_is_visible(pg_catalog.pg_type.oid) AND pg_catalog.pg_namespace.nspname != $2::VARCHAR
2025-08-11 01:09:25,348 INFO sqlalchemy.engine.Engine [cached since 0.827s ago] ('contractstatus', 'pg_catalog')
2025-08-11 01:09:25,348 - sqlalchemy.engine.Engine - INFO - [cached since 0.827s ago] ('contractstatus', 'pg_catalog')
2025-08-11 01:09:25,385 INFO sqlalchemy.engine.Engine SELECT pg_catalog.pg_type.typname 
FROM pg_catalog.pg_type JOIN pg_catalog.pg_namespace ON pg_catalog.pg_namespace.oid = pg_catalog.pg_type.typnamespace 
WHERE pg_catalog.pg_type.typname = $1::VARCHAR AND pg_catalog.pg_type_is_visible(pg_catalog.pg_type.oid) AND pg_catalog.pg_namespace.nspname != $2::VARCHAR
2025-08-11 01:09:25,385 - sqlalchemy.engine.Engine - INFO - SELECT pg_catalog.pg_type.typname 
FROM pg_catalog.pg_type JOIN pg_catalog.pg_namespace ON pg_catalog.pg_namespace.oid = pg_catalog.pg_type.typnamespace 
WHERE pg_catalog.pg_type.typname = $1::VARCHAR AND pg_catalog.pg_type_is_visible(pg_catalog.pg_type.oid) AND pg_catalog.pg_namespace.nspname != $2::VARCHAR
2025-08-11 01:09:25,385 INFO sqlalchemy.engine.Engine [cached since 0.8643s ago] ('renewaltype', 'pg_catalog')
2025-08-11 01:09:25,385 - sqlalchemy.engine.Engine - INFO - [cached since 0.8643s ago] ('renewaltype', 'pg_catalog')
2025-08-11 01:09:25,426 INFO sqlalchemy.engine.Engine SELECT pg_catalog.pg_type.typname 
FROM pg_catalog.pg_type JOIN pg_catalog.pg_namespace ON pg_catalog.pg_namespace.oid = pg_catalog.pg_type.typnamespace 
WHERE pg_catalog.pg_type.typname = $1::VARCHAR AND pg_catalog.pg_type_is_visible(pg_catalog.pg_type.oid) AND pg_catalog.pg_namespace.nspname != $2::VARCHAR
2025-08-11 01:09:25,426 - sqlalchemy.engine.Engine - INFO - SELECT pg_catalog.pg_type.typname 
FROM pg_catalog.pg_type JOIN pg_catalog.pg_namespace ON pg_catalog.pg_namespace.oid = pg_catalog.pg_type.typnamespace 
WHERE pg_catalog.pg_type.typname = $1::VARCHAR AND pg_catalog.pg_type_is_visible(pg_catalog.pg_type.oid) AND pg_catalog.pg_namespace.nspname != $2::VARCHAR
2025-08-11 01:09:25,427 INFO sqlalchemy.engine.Engine [cached since 0.9059s ago] ('billingcycle', 'pg_catalog')
2025-08-11 01:09:25,427 - sqlalchemy.engine.Engine - INFO - [cached since 0.9059s ago] ('billingcycle', 'pg_catalog')
2025-08-11 01:09:25,464 INFO sqlalchemy.engine.Engine SELECT pg_catalog.pg_type.typname 
FROM pg_catalog.pg_type JOIN pg_catalog.pg_namespace ON pg_catalog.pg_namespace.oid = pg_catalog.pg_type.typnamespace 
WHERE pg_catalog.pg_type.typname = $1::VARCHAR AND pg_catalog.pg_type_is_visible(pg_catalog.pg_type.oid) AND pg_catalog.pg_namespace.nspname != $2::VARCHAR
2025-08-11 01:09:25,464 - sqlalchemy.engine.Engine - INFO - SELECT pg_catalog.pg_type.typname 
FROM pg_catalog.pg_type JOIN pg_catalog.pg_namespace ON pg_catalog.pg_namespace.oid = pg_catalog.pg_type.typnamespace 
WHERE pg_catalog.pg_type.typname = $1::VARCHAR AND pg_catalog.pg_type_is_visible(pg_catalog.pg_type.oid) AND pg_catalog.pg_namespace.nspname != $2::VARCHAR
2025-08-11 01:09:25,464 INFO sqlalchemy.engine.Engine [cached since 0.9431s ago] ('invoicestatus', 'pg_catalog')
2025-08-11 01:09:25,464 - sqlalchemy.engine.Engine - INFO - [cached since 0.9431s ago] ('invoicestatus', 'pg_catalog')
2025-08-11 01:09:25,503 INFO sqlalchemy.engine.Engine COMMIT
2025-08-11 01:09:25,503 - sqlalchemy.engine.Engine - INFO - COMMIT
2025-08-11 01:09:25,539 - src.main - INFO - Database tables created successfully
INFO:     Application startup complete.
